state,district,year,population,crimes_assault,crimes_property,schools_primary,schools_secondary,schools_tertiary,students_post_secondary,students_primary,students_secondary,income_mean,income_median,poverty_absolute,poverty_relative,gini,piped_water,sanitation,electricity
Johor,Batu Pahat,2016,,160.0,621.0,,,,,,,,,,,,99.9,100.0,100.0
Johor,Batu Pahat,2017,,123.0,558.0,144.0,32.0,1.0,,37916.0,32997.0,,,,,,,,
Johor,Batu Pahat,2018,,104.0,584.0,144.0,32.0,1.0,2104.0,37173.0,29601.0,,,,,,,,
Johor,Batu Pahat,2019,,139.0,524.0,144.0,32.0,1.0,1911.0,36797.0,28659.0,7392.0,6504.0,2.9,9.0,0.295,100.0,100.0,100.0
Johor,Batu Pahat,2020,495.3,127.0,415.0,144.0,32.0,1.0,1056.0,36317.0,28329.0,,,,,,,,
Johor,Batu Pahat,2021,497.2,60.0,200.0,144.0,32.0,1.0,1044.0,36064.0,28144.0,,,,,,,,
Johor,Batu Pahat,2022,497.5,52.0,262.0,144.0,32.0,1.0,1136.0,35543.0,27708.0,7419.0,6347.0,5.1,19.4,0.338,100.0,100.0,100.0
Johor,Batu Pahat,2023,504.0,88.0,285.0,144.0,32.0,,1157.0,35006.0,27243.0,,,,,,,,
Johor,Batu Pahat,2024,510.1,,,144.0,31.0,,1029.0,34851.0,27209.0,9006.0,7555.0,2.4,11.6,0.316,100.0,100.0,100.0
Johor,Batu Pahat,2025,511.8,,,144.0,31.0,,1726.0,34494.0,26876.0,,,,,,,,
Johor,Johor Bahru,2016,,1971.0,6746.0,,,,,,,,,,,,100.0,100.0,100.0
Johor,Johor Bahru,2017,,1817.0,5463.0,170.0,84.0,1.0,,137487.0,98978.0,,,,,,,,
Johor,Johor Bahru,2018,,1155.0,5327.0,180.0,87.0,1.0,3786.0,147001.0,97180.0,,,,,,,,
Johor,Johor Bahru,2019,,1208.0,4972.0,180.0,87.0,1.0,3918.0,149749.0,97020.0,9315.0,7342.0,3.3,12.8,0.388,100.0,100.0,100.0
Johor,Johor Bahru,2020,1711.2,765.0,3681.0,181.0,87.0,1.0,2202.0,151081.0,98256.0,,,,,,,,
Johor,Johor Bahru,2021,1715.4,543.0,2053.0,181.0,87.0,1.0,2172.0,151451.0,99901.0,,,,,,,,
Johor,Johor Bahru,2022,1723.7,575.0,2092.0,183.0,87.0,1.0,2025.0,151122.0,100140.0,9869.0,8232.0,3.7,10.4,0.359,100.0,100.0,100.0
Johor,Johor Bahru,2023,1761.6,706.0,2386.0,183.0,87.0,,2120.0,145247.0,96255.0,,,,,,,,
Johor,Johor Bahru,2024,1799.1,,,184.0,87.0,,1985.0,147550.0,97634.0,10975.0,8977.0,1.9,9.9,0.35,100.0,100.0,100.0
Johor,Johor Bahru,2025,1814.4,,,184.0,87.0,,3394.0,148856.0,99547.0,,,,,,,,
Johor,Kluang,2016,,156.0,526.0,,,,,,,,,,,,99.7,100.0,99.1
Johor,Kluang,2017,,117.0,535.0,89.0,28.0,0.0,,25256.0,22439.0,,,,,,,,
Johor,Kluang,2018,,125.0,477.0,88.0,28.0,0.0,1449.0,25387.0,19878.0,,,,,,,,
Johor,Kluang,2019,,127.0,458.0,88.0,29.0,0.0,1324.0,25430.0,19397.0,5953.0,4933.0,5.0,24.9,0.333,100.0,100.0,100.0
Johor,Kluang,2020,323.8,113.0,404.0,88.0,29.0,0.0,795.0,25378.0,19210.0,,,,,,,,
Johor,Kluang,2021,325.3,80.0,221.0,88.0,29.0,0.0,704.0,25463.0,19206.0,,,,,,,,
Johor,Kluang,2022,323.5,66.0,204.0,88.0,29.0,0.0,759.0,25591.0,19198.0,6461.0,5204.0,7.2,27.4,0.354,99.7,100.0,100.0
Johor,Kluang,2023,328.7,70.0,294.0,88.0,29.0,,840.0,25554.0,19176.0,,,,,,,,
Johor,Kluang,2024,333.7,,,88.0,29.0,,821.0,25333.0,19646.0,6616.0,6158.0,5.7,24.8,0.292,98.73,100.0,100.0
Johor,Kluang,2025,335.2,,,88.0,29.0,,1094.0,25272.0,19885.0,,,,,,,,
Johor,Kota Tinggi,2016,,109.0,456.0,,,,,,,,,,,,98.9,100.0,100.0
Johor,Kota Tinggi,2017,,89.0,494.0,74.0,22.0,0.0,,17870.0,16064.0,,,,,,,,
Johor,Kota Tinggi,2018,,67.0,475.0,83.0,27.0,0.0,1343.0,21503.0,17212.0,,,,,,,,
Johor,Kota Tinggi,2019,,70.0,401.0,83.0,28.0,0.0,1302.0,21719.0,16925.0,6982.0,5475.0,6.0,20.8,0.361,98.8,99.0,100.0
Johor,Kota Tinggi,2020,222.4,72.0,368.0,83.0,28.0,0.0,735.0,21829.0,17091.0,,,,,,,,
Johor,Kota Tinggi,2021,223.6,37.0,186.0,83.0,28.0,0.0,578.0,22215.0,17354.0,,,,,,,,
Johor,Kota Tinggi,2022,224.9,40.0,169.0,83.0,27.0,0.0,669.0,22477.0,17425.0,7529.0,6227.0,5.0,17.0,0.343,100.0,99.85,100.0
Johor,Kota Tinggi,2023,229.3,41.0,209.0,83.0,27.0,,649.0,19403.0,14437.0,,,,,,,,
Johor,Kota Tinggi,2024,233.5,,,83.0,27.0,,576.0,19511.0,14986.0,8106.0,6284.0,4.2,22.7,0.379,99.83,100.0,100.0
Johor,Kota Tinggi,2025,234.7,,,83.0,27.0,,897.0,19858.0,15113.0,,,,,,,,
Johor,Kulai,2016,,156.0,617.0,,,,,,,,,,,,100.0,100.0,100.0
Johor,Kulai,2017,,209.0,563.0,54.0,19.0,0.0,,32842.0,23039.0,,,,,,,,
Johor,Kulai,2018,,202.0,547.0,37.0,12.0,0.0,731.0,21812.0,14871.0,,,,,,,,
Johor,Kulai,2019,,143.0,543.0,37.0,12.0,0.0,667.0,21970.0,14630.0,8602.0,7536.0,3.2,10.1,0.324,100.0,100.0,100.0
Johor,Kulai,2020,329.5,78.0,297.0,36.0,12.0,0.0,293.0,21978.0,14400.0,,,,,,,,
Johor,Kulai,2021,328.2,66.0,214.0,36.0,12.0,0.0,276.0,21953.0,14383.0,,,,,,,,
Johor,Kulai,2022,329.2,79.0,216.0,37.0,13.0,0.0,309.0,21871.0,14149.0,9177.0,7460.0,0.4,7.4,0.337,100.0,100.0,100.0
Johor,Kulai,2023,340.3,86.0,211.0,37.0,13.0,,323.0,34134.0,22142.0,,,,,,,,
Johor,Kulai,2024,351.3,,,37.0,14.0,,288.0,34441.0,22801.0,10296.0,8406.0,0.1,6.3,0.319,100.0,100.0,100.0
Johor,Kulai,2025,353.0,,,37.0,14.0,,724.0,34667.0,23315.0,,,,,,,,
Johor,Mersing,2016,,42.0,112.0,,,,,,,,,,,,99.5,100.0,100.0
Johor,Mersing,2017,,31.0,120.0,37.0,10.0,0.0,,7405.0,6108.0,,,,,,,,
Johor,Mersing,2018,,29.0,100.0,38.0,10.0,0.0,258.0,7597.0,5643.0,,,,,,,,
Johor,Mersing,2019,,33.0,109.0,38.0,10.0,0.0,216.0,7709.0,5517.0,4937.0,3896.0,12.1,41.2,0.377,98.3,100.0,100.0
Johor,Mersing,2020,78.2,34.0,72.0,38.0,10.0,0.0,113.0,7750.0,5490.0,,,,,,,,
Johor,Mersing,2021,78.8,21.0,73.0,38.0,10.0,0.0,123.0,7798.0,5497.0,,,,,,,,
Johor,Mersing,2022,79.1,17.0,68.0,38.0,10.0,0.0,102.0,7838.0,5734.0,5426.0,4445.0,12.7,33.1,0.339,83.5,100.0,100.0
Johor,Mersing,2023,80.1,24.0,63.0,38.0,10.0,,94.0,7850.0,5723.0,,,,,,,,
Johor,Mersing,2024,81.0,,,38.0,10.0,,94.0,7729.0,5733.0,6014.0,5335.0,6.7,25.0,0.263,95.39,100.0,100.0
Johor,Mersing,2025,81.4,,,38.0,10.0,,198.0,7599.0,5797.0,,,,,,,,
Johor,Muar,2016,,56.0,298.0,,,,,,,,,,,,100.0,100.0,100.0
Johor,Muar,2017,,64.0,234.0,104.0,24.0,0.0,,22458.0,20211.0,,,,,,,,
Johor,Muar,2018,,49.0,247.0,104.0,25.0,0.0,1408.0,22375.0,18160.0,,,,,,,,
Johor,Muar,2019,,71.0,235.0,104.0,25.0,0.0,1336.0,22362.0,17785.0,7540.0,5963.0,4.1,14.8,0.353,99.5,100.0,100.0
Johor,Muar,2020,314.8,59.0,210.0,104.0,26.0,0.0,692.0,22054.0,17686.0,,,,,,,,
Johor,Muar,2021,315.8,42.0,171.0,104.0,27.0,0.0,687.0,22049.0,17884.0,,,,,,,,
Johor,Muar,2022,314.0,51.0,171.0,103.0,27.0,0.0,733.0,22030.0,17965.0,7572.0,5724.0,6.1,23.5,0.394,100.0,100.0,100.0
Johor,Muar,2023,318.7,96.0,236.0,103.0,27.0,,865.0,21975.0,17713.0,,,,,,,,
Johor,Muar,2024,323.2,,,103.0,27.0,,784.0,21817.0,18137.0,8401.0,7334.0,2.1,16.1,0.306,100.0,100.0,100.0
Johor,Muar,2025,323.9,,,103.0,28.0,,1299.0,21471.0,18169.0,,,,,,,,
Johor,Pontian,2016,,63.0,230.0,,,,,,,,,,,,100.0,100.0,100.0
Johor,Pontian,2017,,39.0,247.0,82.0,17.0,0.0,,15682.0,14304.0,,,,,,,,
Johor,Pontian,2018,,55.0,228.0,82.0,18.0,0.0,949.0,15634.0,12837.0,,,,,,,,
Johor,Pontian,2019,,41.0,235.0,82.0,18.0,0.0,833.0,15842.0,12628.0,6776.0,5585.0,5.8,23.0,0.354,100.0,100.0,100.0
Johor,Pontian,2020,173.3,46.0,144.0,82.0,18.0,0.0,408.0,15629.0,12674.0,,,,,,,,
Johor,Pontian,2021,174.2,29.0,86.0,82.0,18.0,0.0,441.0,15786.0,12755.0,,,,,,,,
Johor,Pontian,2022,173.6,18.0,105.0,82.0,18.0,0.0,487.0,15842.0,12656.0,6913.0,5616.0,5.1,21.1,0.361,100.0,100.0,100.0
Johor,Pontian,2023,175.8,49.0,181.0,82.0,18.0,,566.0,15890.0,12418.0,,,,,,,,
Johor,Pontian,2024,177.9,,,82.0,18.0,,513.0,15870.0,12596.0,7011.0,5685.0,2.0,25.7,0.341,100.0,100.0,100.0
Johor,Pontian,2025,177.9,,,82.0,18.0,,791.0,15861.0,12691.0,,,,,,,,
Johor,Segamat,2016,,57.0,295.0,,,,,,,,,,,,100.0,100.0,100.0
Johor,Segamat,2017,,45.0,325.0,85.0,25.0,0.0,,17682.0,16200.0,,,,,,,,
Johor,Segamat,2018,,61.0,299.0,85.0,25.0,0.0,1152.0,17551.0,14188.0,,,,,,,,
Johor,Segamat,2019,,70.0,275.0,85.0,25.0,0.0,1042.0,17540.0,13628.0,6431.0,5595.0,2.9,20.5,0.315,100.0,100.0,100.0
Johor,Segamat,2020,197.8,56.0,231.0,85.0,25.0,0.0,576.0,17342.0,13441.0,,,,,,,,
Johor,Segamat,2021,197.4,33.0,165.0,85.0,25.0,0.0,480.0,17333.0,13538.0,,,,,,,,
Johor,Segamat,2022,198.2,52.0,124.0,85.0,25.0,0.0,512.0,17187.0,13514.0,6578.0,5318.0,7.4,23.3,0.34,98.7,100.0,100.0
Johor,Segamat,2023,201.6,44.0,138.0,85.0,25.0,,587.0,16988.0,13227.0,,,,,,,,
Johor,Segamat,2024,205.1,,,85.0,26.0,,539.0,16807.0,13587.0,7348.0,6451.0,3.1,16.8,0.292,99.54,100.0,100.0
Johor,Segamat,2025,204.3,,,85.0,26.0,,905.0,16572.0,13984.0,,,,,,,,
Johor,Tangkak,2016,,50.0,220.0,,,,,,,,,,,,100.0,100.0,100.0
Johor,Tangkak,2017,,44.0,190.0,67.0,16.0,0.0,,12111.0,11729.0,,,,,,,,
Johor,Tangkak,2018,,33.0,174.0,66.0,16.0,0.0,486.0,12060.0,10664.0,,,,,,,,
Johor,Tangkak,2019,,21.0,195.0,66.0,16.0,0.0,440.0,12012.0,10300.0,6659.0,5561.0,3.7,16.7,0.322,99.8,100.0,100.0
Johor,Tangkak,2020,163.4,34.0,144.0,65.0,16.0,0.0,194.0,11832.0,10225.0,,,,,,,,
Johor,Tangkak,2021,164.0,14.0,71.0,65.0,16.0,0.0,200.0,11765.0,10152.0,,,,,,,,
Johor,Tangkak,2022,164.6,23.0,78.0,65.0,16.0,0.0,206.0,11704.0,10002.0,7093.0,5622.0,6.9,28.2,0.371,100.0,100.0,100.0
Johor,Tangkak,2023,167.1,24.0,99.0,65.0,16.0,,203.0,11679.0,9769.0,,,,,,,,
Johor,Tangkak,2024,169.4,,,65.0,16.0,,241.0,11543.0,9763.0,7524.0,6374.0,4.0,19.2,0.306,100.0,100.0,100.0
Johor,Tangkak,2025,169.2,,,65.0,16.0,,360.0,11395.0,9762.0,,,,,,,,
Kedah,Baling,2016,,69.0,351.0,,,,,,,,,,,,91.0,100.0,100.0
Kedah,Baling,2017,,65.0,255.0,85.0,25.0,0.0,,21269.0,17617.0,,,,,,,,
Kedah,Baling,2018,,55.0,281.0,62.0,16.0,0.0,529.0,14274.0,10952.0,,,,,,,,
Kedah,Baling,2019,,36.0,270.0,62.0,16.0,0.0,481.0,14359.0,10437.0,4313.0,3583.0,17.9,23.9,0.339,96.9,100.0,100.0
Kedah,Baling,2020,142.6,27.0,186.0,62.0,16.0,0.0,209.0,14283.0,10309.0,,,,,,,,
Kedah,Baling,2021,144.2,43.0,165.0,62.0,16.0,0.0,172.0,14300.0,10477.0,,,,,,,,
Kedah,Baling,2022,144.9,47.0,268.0,62.0,16.0,0.0,258.0,14255.0,10748.0,4263.0,3400.0,14.4,19.7,0.347,95.1,100.0,100.0
Kedah,Baling,2023,146.7,35.0,257.0,62.0,16.0,,243.0,14326.0,10824.0,,,,,,,,
Kedah,Baling,2024,148.1,,,61.0,16.0,,229.0,14374.0,11058.0,4345.0,3367.0,14.7,24.0,0.324,96.01,100.0,100.0
Kedah,Baling,2025,149.0,,,61.0,16.0,,474.0,14429.0,11188.0,,,,,,,,
Kedah,Kota Setar,2016,,343.0,1649.0,,,,,,,,,,,,99.92951167728238,99.99999999999999,99.99999999999999
Kedah,Kota Setar,2017,,165.0,1387.0,104.0,42.0,0.0,,34364.0,31538.0,,,,,,,,
Kedah,Kota Setar,2018,,196.0,1211.0,104.0,42.0,0.0,1989.0,34371.0,27735.0,,,,,,,,
Kedah,Kota Setar,2019,,181.0,1107.0,104.0,42.0,0.0,2000.0,34237.0,27078.0,5687.591648973815,4498.400566171267,6.505732484076433,8.15874026893135,0.34624345364472753,99.99999999999999,99.99999999999999,99.99999999999999
Kedah,Kota Setar,2020,423.90000000000003,130.0,804.0,104.0,42.0,0.0,1206.0,34091.0,26452.0,,,,,,,,
Kedah,Kota Setar,2021,426.3,175.0,750.0,104.0,42.0,0.0,1015.0,34147.0,26895.0,,,,,,,,
Kedah,Kota Setar,2022,426.8,215.0,990.0,104.0,42.0,0.0,1113.0,34123.0,27267.0,5904.524835988754,4741.276476101219,5.346016869728209,9.464854732895969,0.3435482661668228,100.0,100.0,100.0
Kedah,Kota Setar,2023,429.8,165.0,1008.0,104.0,42.0,,1105.0,34425.0,27065.0,,,,,,,,
Kedah,Kota Setar,2024,432.7,,,104.0,42.0,,1153.0,34391.0,27428.0,5998.876357753639,5202.696094291657,5.700369771204067,9.916755257684308,0.3211638548648024,100.0,100.0,100.0
Kedah,Kota Setar,2025,434.59999999999997,,,104.0,42.0,,1958.0,34171.0,27877.0,,,,,,,,
Kedah,Kuala Muda/Yan,2016,,385.0,1817.0,,,,,,,,,,,,99.33027166882276,100.0,100.0
Kedah,Kuala Muda/Yan,2017,,389.0,1828.0,133.0,48.0,0.0,,52528.0,44464.0,,,,,,,,
Kedah,Kuala Muda/Yan,2018,,384.0,1744.0,133.0,48.0,0.0,2533.0,52432.0,40468.0,,,,,,,,
Kedah,Kuala Muda/Yan,2019,,337.0,1600.0,133.0,48.0,0.0,2476.0,52571.0,39483.0,5506.565006468305,4158.5734152652,11.113648124191462,14.934411384217336,0.3822195989650712,99.91186934023287,100.0,100.0
Kedah,Kuala Muda/Yan,2020,618.4,215.0,1145.0,134.0,48.0,0.0,1507.0,52301.0,39143.0,,,,,,,,
Kedah,Kuala Muda/Yan,2021,619.9,208.0,1059.0,134.0,48.0,0.0,1396.0,52301.0,39508.0,,,,,,,,
Kedah,Kuala Muda/Yan,2022,624.3,227.0,1136.0,134.0,48.0,0.0,1434.0,52188.0,39752.0,5507.324363286882,4185.814512253724,12.877943296492074,15.309899086977417,0.39064199903892366,99.91182123978858,99.91182123978858,100.00000000000001
Kedah,Kuala Muda/Yan,2023,634.5999999999999,163.0,1251.0,134.0,48.0,,1591.0,52025.0,39106.0,,,,,,,,
Kedah,Kuala Muda/Yan,2024,646.0,,,135.0,48.0,,1534.0,51595.0,39492.0,5676.154953560371,4923.166253869969,11.291207430340558,16.164659442724457,0.32837461300309595,99.91156346749226,99.99999999999999,99.99999999999999
Kedah,Kuala Muda/Yan,2025,649.8000000000001,,,135.0,48.0,,2365.0,51043.0,39663.0,,,,,,,,
Kedah,Kubang Pasu,2016,,118.0,674.0,,,,,,,,,,,,99.2,100.0,100.0
Kedah,Kubang Pasu,2017,,92.0,673.0,58.0,24.0,1.0,,21637.0,17899.0,,,,,,,,
Kedah,Kubang Pasu,2018,,93.0,501.0,58.0,24.0,1.0,916.0,21721.0,16277.0,,,,,,,,
Kedah,Kubang Pasu,2019,,96.0,405.0,58.0,25.0,1.0,819.0,21857.0,16328.0,6291.0,4814.0,4.8,5.5,0.361,99.8,100.0,100.0
Kedah,Kubang Pasu,2020,237.8,71.0,347.0,58.0,25.0,1.0,388.0,22010.0,16375.0,,,,,,,,
Kedah,Kubang Pasu,2021,248.7,46.0,248.0,58.0,25.0,1.0,383.0,21992.0,16702.0,,,,,,,,
Kedah,Kubang Pasu,2022,249.7,86.0,332.0,58.0,25.0,1.0,396.0,21972.0,17109.0,6221.0,5201.0,3.3,6.1,0.325,99.9,100.0,100.0
Kedah,Kubang Pasu,2023,251.5,74.0,329.0,58.0,25.0,,405.0,21929.0,17301.0,,,,,,,,
Kedah,Kubang Pasu,2024,253.3,,,58.0,25.0,,348.0,22001.0,17327.0,6313.0,5312.0,4.0,6.4,0.317,100.0,100.0,100.0
Kedah,Kubang Pasu,2025,254.2,,,58.0,25.0,,678.0,21919.0,17433.0,,,,,,,,
Kedah,Kulim/Bandar Baharu,2016,,169.0,961.0,,,,,,,,,,,,99.83028003140541,100.00000000000001,100.00000000000001
Kedah,Kulim/Bandar Baharu,2017,,182.0,904.0,87.0,32.0,0.0,,33123.0,25735.0,,,,,,,,
Kedah,Kulim/Bandar Baharu,2018,,146.0,778.0,87.0,32.0,0.0,1413.0,32815.0,23245.0,,,,,,,,
Kedah,Kulim/Bandar Baharu,2019,,142.0,642.0,87.0,32.0,0.0,1282.0,32781.0,22810.0,5415.924627060979,4434.734624443863,9.586260141324262,10.744019890081132,0.33018660036639624,100.00000000000001,100.00000000000001,100.00000000000001
Kedah,Kulim/Bandar Baharu,2020,382.09999999999997,120.0,430.0,87.0,32.0,0.0,850.0,32417.0,22825.0,,,,,,,,
Kedah,Kulim/Bandar Baharu,2021,383.4,148.0,428.0,87.0,32.0,0.0,808.0,32212.0,23201.0,,,,,,,,
Kedah,Kulim/Bandar Baharu,2022,386.0,200.0,539.0,87.0,32.0,0.0,808.0,31897.0,23448.0,5511.974870466321,4431.297409326426,10.531476683937823,11.670569948186529,0.3502411917098446,100.0,100.0,100.0
Kedah,Kulim/Bandar Baharu,2023,391.5,172.0,494.0,87.0,32.0,,781.0,31878.0,23272.0,,,,,,,,
Kedah,Kulim/Bandar Baharu,2024,397.8,,,87.0,32.0,,746.0,31753.0,23336.0,6216.176470588235,5129.852187028658,8.19049773755656,14.125339366515838,0.3478536953242835,100.0,100.0,100.0
Kedah,Kulim/Bandar Baharu,2025,399.6,,,87.0,32.0,,1239.0,31357.0,23508.0,,,,,,,,
Kedah,Langkawi,2016,,59.0,388.0,,,,,,,,,,,,97.8,100.0,100.0
Kedah,Langkawi,2017,,42.0,353.0,21.0,8.0,0.0,,10080.0,7670.0,,,,,,,,
Kedah,Langkawi,2018,,54.0,355.0,21.0,8.0,0.0,646.0,10215.0,6653.0,,,,,,,,
Kedah,Langkawi,2019,,72.0,338.0,21.0,8.0,0.0,653.0,10345.0,6522.0,6737.0,5905.0,0.9,1.3,0.276,99.5,100.0,100.0
Kedah,Langkawi,2020,94.1,56.0,269.0,21.0,8.0,0.0,399.0,10355.0,6568.0,,,,,,,,
Kedah,Langkawi,2021,95.1,46.0,216.0,21.0,8.0,0.0,367.0,10437.0,6772.0,,,,,,,,
Kedah,Langkawi,2022,96.4,43.0,200.0,21.0,8.0,0.0,371.0,10321.0,6979.0,6087.0,5250.0,5.7,5.5,0.302,99.8,100.0,100.0
Kedah,Langkawi,2023,98.0,44.0,200.0,21.0,8.0,,394.0,10439.0,7067.0,,,,,,,,
Kedah,Langkawi,2024,99.8,,,21.0,8.0,,335.0,10361.0,7306.0,6278.0,5083.0,6.0,8.3,0.335,100.0,100.0,100.0
Kedah,Langkawi,2025,100.5,,,21.0,8.0,,584.0,10347.0,7460.0,,,,,,,,
Kedah,Padang Terap,2016,,26.0,81.0,,,,,,,,,,,,100.0,99.4,100.0
Kedah,Padang Terap,2017,,21.0,100.0,21.0,9.0,0.0,,6932.0,5935.0,,,,,,,,
Kedah,Padang Terap,2018,,26.0,90.0,21.0,9.0,0.0,292.0,6887.0,5426.0,,,,,,,,
Kedah,Padang Terap,2019,,28.0,69.0,21.0,9.0,0.0,328.0,6810.0,5250.0,4781.0,3722.0,9.1,5.3,0.307,100.0,100.0,100.0
Kedah,Padang Terap,2020,65.7,15.0,60.0,21.0,9.0,0.0,161.0,6774.0,5236.0,,,,,,,,
Kedah,Padang Terap,2021,66.4,23.0,57.0,21.0,9.0,0.0,135.0,6772.0,5293.0,,,,,,,,
Kedah,Padang Terap,2022,66.5,34.0,74.0,21.0,9.0,0.0,147.0,6694.0,5434.0,4858.0,3902.0,8.9,11.3,0.323,100.0,100.0,100.0
Kedah,Padang Terap,2023,67.1,25.0,96.0,21.0,9.0,,123.0,6506.0,5351.0,,,,,,,,
Kedah,Padang Terap,2024,67.7,,,21.0,9.0,,160.0,6454.0,5408.0,5062.0,3954.0,8.0,8.0,0.292,100.0,100.0,100.0
Kedah,Padang Terap,2025,67.9,,,21.0,9.0,,327.0,6427.0,5576.0,,,,,,,,
Kedah,Pendang,2016,,50.0,194.0,,,,,,,,,,,,99.4,100.0,100.0
Kedah,Pendang,2017,,29.0,208.0,37.0,13.0,0.0,,10095.0,8754.0,,,,,,,,
Kedah,Pendang,2018,,29.0,208.0,38.0,13.0,0.0,501.0,10258.0,7879.0,,,,,,,,
Kedah,Pendang,2019,,40.0,192.0,38.0,13.0,0.0,442.0,10307.0,7694.0,4680.0,3765.0,8.1,9.5,0.312,100.0,100.0,100.0
Kedah,Pendang,2020,98.9,36.0,178.0,38.0,13.0,0.0,227.0,10355.0,7659.0,,,,,,,,
Kedah,Pendang,2021,99.3,35.0,118.0,38.0,14.0,0.0,219.0,10546.0,7698.0,,,,,,,,
Kedah,Pendang,2022,99.8,31.0,175.0,38.0,14.0,0.0,234.0,10664.0,7983.0,4986.0,3801.0,7.3,12.5,0.349,100.0,100.0,100.0
Kedah,Pendang,2023,100.7,36.0,165.0,38.0,14.0,,212.0,10546.0,8102.0,,,,,,,,
Kedah,Pendang,2024,101.5,,,38.0,14.0,,223.0,10602.0,8203.0,5464.0,4592.0,7.3,16.3,0.347,100.0,100.0,100.0
Kedah,Pendang,2025,102.0,,,38.0,14.0,,435.0,10640.0,8306.0,,,,,,,,
Kedah,Sik,2016,,20.0,86.0,,,,,,,,,,,,91.5,100.0,100.0
Kedah,Sik,2017,,11.0,55.0,,,0.0,,0.0,0.0,,,,,,,,
Kedah,Sik,2018,,6.0,64.0,23.0,9.0,0.0,343.0,6824.0,4900.0,,,,,,,,
Kedah,Sik,2019,,5.0,55.0,23.0,9.0,0.0,327.0,6702.0,4744.0,4960.0,4094.0,7.6,8.9,0.32,91.9,100.0,100.0
Kedah,Sik,2020,67.9,4.0,38.0,23.0,9.0,0.0,156.0,6584.0,4625.0,,,,,,,,
Kedah,Sik,2021,68.3,10.0,26.0,23.0,9.0,0.0,143.0,6538.0,4670.0,,,,,,,,
Kedah,Sik,2022,68.6,10.0,44.0,23.0,10.0,0.0,180.0,6410.0,4871.0,5053.0,3703.0,4.0,9.4,0.333,100.0,100.0,100.0
Kedah,Sik,2023,69.3,6.0,47.0,23.0,10.0,,166.0,6286.0,4818.0,,,,,,,,
Kedah,Sik,2024,70.1,,,23.0,10.0,,150.0,6214.0,4829.0,5107.0,4438.0,8.7,14.3,0.325,98.28,100.0,100.0
Kedah,Sik,2025,70.5,,,23.0,10.0,,267.0,6092.0,4871.0,,,,,,,,
Kelantan,Bachok,2016,,85.0,290.0,,,,,,,,,,,,29.5,100.0,99.8
Kelantan,Bachok,2017,,56.0,253.0,34.0,18.0,0.0,,15210.0,13474.0,,,,,,,,
Kelantan,Bachok,2018,,41.0,217.0,34.0,19.0,0.0,1067.0,15166.0,11999.0,,,,,,,,
Kelantan,Bachok,2019,,42.0,200.0,34.0,19.0,0.0,,15311.0,12790.0,4728.0,3621.0,13.1,10.7,0.361,42.3,100.0,100.0
Kelantan,Bachok,2020,157.3,48.0,156.0,34.0,19.0,0.0,530.0,15155.0,11568.0,,,,,,,,
Kelantan,Bachok,2021,158.9,59.0,147.0,34.0,19.0,0.0,544.0,15440.0,11651.0,,,,,,,,
Kelantan,Bachok,2022,160.7,43.0,157.0,34.0,19.0,0.0,548.0,15621.0,11769.0,4811.0,3625.0,12.1,10.4,0.374,47.4,99.5,100.0
Kelantan,Bachok,2023,163.1,33.0,127.0,34.0,19.0,,643.0,15699.0,11856.0,,,,,,,,
Kelantan,Bachok,2024,165.5,,,34.0,19.0,,564.0,15865.0,12240.0,5149.0,4187.0,11.3,12.1,0.349,44.53,100.0,100.0
Kelantan,Bachok,2025,167.6,,,34.0,19.0,,1130.0,15963.0,12671.0,,,,,,,,
Kelantan,Gua Musang,2016,,41.0,192.0,,,,,,,,,,,,66.77271111111111,100.0,100.0
Kelantan,Gua Musang,2017,,34.0,164.0,39.0,9.0,0.0,,11997.0,7063.0,,,,,,,,
Kelantan,Gua Musang,2018,,26.0,123.0,39.0,9.0,0.0,249.0,12188.0,6556.0,,,,,,,,
Kelantan,Gua Musang,2019,,30.0,122.0,39.0,9.0,0.0,,12548.0,6813.0,3914.118222222223,2960.4675555555555,18.716977777777778,15.810044444444447,0.3543742222222222,86.3375111111111,100.0,100.0
Kelantan,Gua Musang,2020,112.5,35.0,81.0,39.0,9.0,0.0,139.0,12785.0,6493.0,,,,,,,,
Kelantan,Gua Musang,2021,113.2,29.0,70.0,39.0,10.0,0.0,134.0,12887.0,7062.0,,,,,,,,
Kelantan,Gua Musang,2022,114.8,23.0,95.0,39.0,10.0,0.0,131.0,13045.0,7536.0,4348.818815331011,3275.0174216027876,20.8801393728223,14.991637630662021,0.3604703832752613,89.31184668989548,100.0,100.0
Kelantan,Gua Musang,2023,118.3,31.0,85.0,39.0,10.0,,187.0,12945.0,7849.0,,,,,,,,
Kelantan,Gua Musang,2024,121.8,,,39.0,10.0,,154.0,12712.0,8158.0,4575.174876847291,3825.9113300492613,16.643267651888344,7.425779967159278,0.29420689655172416,94.64269293924467,100.0,100.0
Kelantan,Gua Musang,2025,123.0,,,39.0,10.0,,338.0,12631.0,8461.0,,,,,,,,
Kelantan,Jeli,2016,,8.0,38.0,,,,,,,,,,,,75.7,100.0,100.0
Kelantan,Jeli,2017,,6.0,43.0,15.0,6.0,0.0,,5088.0,3585.0,,,,,,,,
Kelantan,Jeli,2018,,9.0,43.0,15.0,6.0,0.0,250.0,5213.0,3305.0,,,,,,,,
Kelantan,Jeli,2019,,5.0,45.0,15.0,6.0,0.0,,5296.0,3385.0,3872.0,2943.0,18.5,9.6,0.328,77.4,100.0,100.0
Kelantan,Jeli,2020,54.7,6.0,32.0,15.0,6.0,0.0,107.0,5243.0,3107.0,,,,,,,,
Kelantan,Jeli,2021,55.6,9.0,24.0,15.0,6.0,0.0,108.0,5163.0,3136.0,,,,,,,,
Kelantan,Jeli,2022,56.1,11.0,32.0,15.0,6.0,0.0,71.0,5186.0,3359.0,3735.0,2906.0,11.3,17.9,0.35,80.8,100.0,100.0
Kelantan,Jeli,2023,56.9,4.0,40.0,15.0,6.0,,106.0,5056.0,3593.0,,,,,,,,
Kelantan,Jeli,2024,57.7,,,15.0,6.0,,97.0,4983.0,3747.0,3829.0,3008.0,10.1,19.3,0.315,70.59,100.0,100.0
Kelantan,Jeli,2025,58.2,,,15.0,6.0,,227.0,4905.0,3816.0,,,,,,,,
Kelantan,Kota Bharu,2016,,127.0,1734.0,,,,,,,,,,,,72.0,99.7,100.0
Kelantan,Kota Bharu,2017,,188.0,1812.0,96.0,49.0,1.0,,52190.0,38004.0,,,,,,,,
Kelantan,Kota Bharu,2018,,168.0,1429.0,96.0,49.0,1.0,2228.0,51957.0,34302.0,,,,,,,,
Kelantan,Kota Bharu,2019,,133.0,1351.0,96.0,49.0,1.0,,52205.0,35326.0,5577.0,4171.0,9.1,7.5,0.381,64.3,100.0,100.0
Kelantan,Kota Bharu,2020,555.8,128.0,845.0,96.0,49.0,1.0,1133.0,52219.0,32552.0,,,,,,,,
Kelantan,Kota Bharu,2021,562.4,106.0,693.0,96.0,49.0,1.0,998.0,52908.0,32816.0,,,,,,,,
Kelantan,Kota Bharu,2022,567.5,135.0,715.0,96.0,49.0,1.0,1125.0,53301.0,33281.0,5693.0,4330.0,10.5,7.5,0.384,68.4,99.6,100.0
Kelantan,Kota Bharu,2023,575.8,148.0,667.0,96.0,48.0,,1275.0,53597.0,33594.0,,,,,,,,
Kelantan,Kota Bharu,2024,583.7,,,96.0,48.0,,1169.0,53563.0,34653.0,6180.0,4729.0,9.9,6.7,0.361,68.76,100.0,100.0
Kelantan,Kota Bharu,2025,590.1,,,96.0,48.0,,2214.0,53152.0,35346.0,,,,,,,,
Kelantan,Kuala Krai,2016,,47.0,209.0,,,,,,,,,,,,71.9,100.0,100.0
Kelantan,Kuala Krai,2017,,44.0,210.0,41.0,13.0,0.0,,12190.0,9419.0,,,,,,,,
Kelantan,Kuala Krai,2018,,27.0,162.0,41.0,13.0,0.0,798.0,12292.0,8187.0,,,,,,,,
Kelantan,Kuala Krai,2019,,30.0,134.0,41.0,13.0,0.0,,12363.0,8515.0,3979.0,2896.0,22.4,17.3,0.382,83.3,100.0,100.0
Kelantan,Kuala Krai,2020,105.0,30.0,86.0,41.0,13.0,0.0,499.0,12286.0,7586.0,,,,,,,,
Kelantan,Kuala Krai,2021,105.9,17.0,51.0,41.0,13.0,0.0,401.0,12164.0,7742.0,,,,,,,,
Kelantan,Kuala Krai,2022,107.1,24.0,38.0,41.0,13.0,0.0,419.0,12080.0,7844.0,3798.0,2763.0,22.4,30.6,0.399,70.0,100.0,100.0
Kelantan,Kuala Krai,2023,109.4,17.0,46.0,41.0,13.0,,516.0,12033.0,7776.0,,,,,,,,
Kelantan,Kuala Krai,2024,111.6,,,41.0,13.0,,455.0,11708.0,8314.0,3872.0,2994.0,20.2,22.8,0.342,98.41,100.0,100.0
Kelantan,Kuala Krai,2025,112.4,,,41.0,13.0,,859.0,11533.0,8380.0,,,,,,,,
Kelantan,Machang,2016,,22.0,211.0,,,,,,,,,,,,68.7,98.6,100.0
Kelantan,Machang,2017,,38.0,177.0,29.0,10.0,0.0,,9868.0,8301.0,,,,,,,,
Kelantan,Machang,2018,,29.0,351.0,29.0,10.0,0.0,501.0,9761.0,7336.0,,,,,,,,
Kelantan,Machang,2019,,19.0,169.0,29.0,10.0,0.0,,9602.0,7498.0,4841.0,3708.0,7.1,8.8,0.352,70.1,99.7,100.0
Kelantan,Machang,2020,110.0,30.0,131.0,29.0,10.0,0.0,236.0,9431.0,6753.0,,,,,,,,
Kelantan,Machang,2021,112.9,20.0,90.0,29.0,10.0,0.0,228.0,9401.0,6818.0,,,,,,,,
Kelantan,Machang,2022,113.9,15.0,121.0,29.0,10.0,0.0,218.0,9394.0,6862.0,4987.0,3429.0,12.0,14.6,0.414,68.0,100.0,100.0
Kelantan,Machang,2023,115.3,15.0,91.0,29.0,10.0,,271.0,9401.0,6910.0,,,,,,,,
Kelantan,Machang,2024,116.7,,,29.0,10.0,,273.0,9304.0,7142.0,5237.0,4156.0,7.3,10.9,0.331,72.9,100.0,100.0
Kelantan,Machang,2025,117.7,,,29.0,10.0,,583.0,9278.0,7161.0,,,,,,,,
Kelantan,Pasir Mas,2016,,65.0,446.0,,,,,,,,,,,,67.0,99.7,99.8
Kelantan,Pasir Mas,2017,,56.0,426.0,56.0,25.0,0.0,,20748.0,16666.0,,,,,,,,
Kelantan,Pasir Mas,2018,,51.0,375.0,56.0,25.0,0.0,1628.0,20494.0,14288.0,,,,,,,,
Kelantan,Pasir Mas,2019,,51.0,349.0,56.0,25.0,0.0,,20392.0,15443.0,4745.0,3341.0,13.1,9.5,0.381,71.9,100.0,100.0
Kelantan,Pasir Mas,2020,230.4,67.0,148.0,56.0,25.0,0.0,770.0,19788.0,13520.0,,,,,,,,
Kelantan,Pasir Mas,2021,231.9,66.0,91.0,56.0,25.0,0.0,784.0,19863.0,13521.0,,,,,,,,
Kelantan,Pasir Mas,2022,234.2,65.0,103.0,56.0,25.0,0.0,700.0,19702.0,13707.0,4602.0,3508.0,9.0,10.9,0.362,80.3,100.0,100.0
Kelantan,Pasir Mas,2023,237.5,48.0,91.0,56.0,25.0,,773.0,19547.0,13662.0,,,,,,,,
Kelantan,Pasir Mas,2024,240.4,,,56.0,25.0,,770.0,19237.0,14035.0,4975.0,3591.0,8.6,11.4,0.365,71.58,100.0,100.0
Kelantan,Pasir Mas,2025,242.7,,,56.0,25.0,,1496.0,19241.0,14256.0,,,,,,,,
Kelantan,Pasir Puteh,2016,,65.0,340.0,,,,,,,,,,,,52.0,99.8,100.0
Kelantan,Pasir Puteh,2017,,61.0,337.0,39.0,16.0,0.0,,13874.0,10724.0,,,,,,,,
Kelantan,Pasir Puteh,2018,,48.0,342.0,39.0,17.0,0.0,909.0,13738.0,9605.0,,,,,,,,
Kelantan,Pasir Puteh,2019,,58.0,270.0,39.0,17.0,0.0,,13717.0,10284.0,4688.0,3458.0,12.7,12.1,0.386,65.8,100.0,100.0
Kelantan,Pasir Puteh,2020,136.2,68.0,212.0,39.0,17.0,0.0,490.0,13636.0,8996.0,,,,,,,,
Kelantan,Pasir Puteh,2021,137.4,52.0,171.0,39.0,17.0,0.0,520.0,13616.0,9119.0,,,,,,,,
Kelantan,Pasir Puteh,2022,138.9,56.0,175.0,39.0,17.0,0.0,464.0,13651.0,9284.0,4712.0,3453.0,15.9,12.3,0.378,68.5,99.8,100.0
Kelantan,Pasir Puteh,2023,141.0,44.0,135.0,39.0,17.0,,574.0,13723.0,9460.0,,,,,,,,
Kelantan,Pasir Puteh,2024,142.9,,,39.0,17.0,,561.0,13552.0,9858.0,5070.0,4853.0,11.1,17.6,0.302,77.55,100.0,100.0
Kelantan,Pasir Puteh,2025,144.7,,,39.0,17.0,,1094.0,13441.0,10082.0,,,,,,,,
Kelantan,Tanah Merah,2016,,34.0,236.0,,,,,,,,,,,,67.8,100.0,100.0
Kelantan,Tanah Merah,2017,,55.0,209.0,34.0,16.0,0.0,,13466.0,11276.0,,,,,,,,
Kelantan,Tanah Merah,2018,,51.0,165.0,34.0,16.0,0.0,1136.0,13413.0,9642.0,,,,,,,,
Kelantan,Tanah Merah,2019,,39.0,191.0,34.0,16.0,0.0,,13358.0,10380.0,4338.0,3166.0,12.0,8.9,0.346,74.8,100.0,100.0
Kelantan,Tanah Merah,2020,150.8,49.0,126.0,34.0,16.0,0.0,764.0,13004.0,8982.0,,,,,,,,
Kelantan,Tanah Merah,2021,152.4,37.0,102.0,34.0,16.0,0.0,673.0,13025.0,9192.0,,,,,,,,
Kelantan,Tanah Merah,2022,153.7,41.0,149.0,34.0,16.0,0.0,711.0,13004.0,9431.0,4177.0,2991.0,17.9,14.7,0.377,70.7,99.8,100.0
Kelantan,Tanah Merah,2023,156.1,17.0,169.0,34.0,16.0,,816.0,12723.0,9640.0,,,,,,,,
Kelantan,Tanah Merah,2024,158.4,,,34.0,16.0,,757.0,12643.0,10215.0,4922.0,3638.0,14.9,11.6,0.363,80.23,100.0,100.0
Kelantan,Tanah Merah,2025,159.9,,,34.0,16.0,,1049.0,12716.0,10338.0,,,,,,,,
Kelantan,Tumpat,2016,,49.0,309.0,,,,,,,,,,,,62.6,99.2,100.0
Kelantan,Tumpat,2017,,62.0,289.0,35.0,13.0,0.0,,17208.0,11860.0,,,,,,,,
Kelantan,Tumpat,2018,,61.0,269.0,35.0,13.0,0.0,1000.0,17184.0,10500.0,,,,,,,,
Kelantan,Tumpat,2019,,63.0,244.0,35.0,13.0,0.0,,17241.0,11168.0,4838.0,3500.0,12.5,8.7,0.374,66.9,100.0,100.0
Kelantan,Tumpat,2020,179.9,43.0,210.0,35.0,13.0,0.0,433.0,17127.0,9929.0,,,,,,,,
Kelantan,Tumpat,2021,181.7,31.0,152.0,35.0,13.0,0.0,447.0,17096.0,10016.0,,,,,,,,
Kelantan,Tumpat,2022,183.7,35.0,173.0,35.0,13.0,0.0,389.0,17161.0,10256.0,4741.0,3749.0,13.5,11.2,0.367,70.8,100.0,100.0
Kelantan,Tumpat,2023,186.5,33.0,153.0,35.0,13.0,,447.0,17143.0,10424.0,,,,,,,,
Kelantan,Tumpat,2024,189.1,,,35.0,13.0,,435.0,17213.0,10642.0,4991.0,3904.0,12.7,8.0,0.334,67.73,100.0,100.0
Kelantan,Tumpat,2025,191.2,,,35.0,13.0,,911.0,17028.0,10923.0,,,,,,,,
Kuala Lumpur,Kuala Lumpur,2016,,3201.0,12950.0,,,,,,,,,,,,100.0,100.0,100.0
Kuala Lumpur,Kuala Lumpur,2017,,3980.0,9247.0,201.0,103.0,2.0,,126729.0,92648.0,,,,,,,,
Kuala Lumpur,Kuala Lumpur,2018,,3121.0,8795.0,194.0,104.0,2.0,3106.0,127633.0,86265.0,,,,,,,,
Kuala Lumpur,Kuala Lumpur,2019,,2891.0,8035.0,191.0,104.0,2.0,3101.0,130276.0,84761.0,13257.0,10549.0,0.2,10.6,0.35,100.0,100.0,100.0
Kuala Lumpur,Kuala Lumpur,2020,1982.1,1937.0,6233.0,191.0,104.0,2.0,1864.0,131465.0,84940.0,,,,,,,,
Kuala Lumpur,Kuala Lumpur,2021,1964.0,1450.0,4635.0,190.0,104.0,2.0,1598.0,133248.0,86009.0,,,,,,,,
Kuala Lumpur,Kuala Lumpur,2022,1961.2,1034.0,3796.0,188.0,104.0,2.0,1737.0,133531.0,86197.0,13325.0,10234.0,1.4,12.7,0.38,100.0,100.0,100.0
Kuala Lumpur,Kuala Lumpur,2023,2005.7,930.0,3540.0,188.0,104.0,,1768.0,135553.0,86237.0,,,,,,,,
Kuala Lumpur,Kuala Lumpur,2024,2067.5,,,187.0,104.0,,1724.0,136767.0,87436.0,,,,,,100.0,100.0,100.0
Kuala Lumpur,Kuala Lumpur,2025,2074.1,,,186.0,104.0,,3097.0,135689.0,88926.0,,,,,,,,
Labuan,Labuan,2016,,24.0,192.0,,,,,,,,,,,,98.5,99.6,100.0
Labuan,Labuan,2017,,20.0,184.0,17.0,10.0,0.0,,8769.0,6479.0,,,,,,,,
Labuan,Labuan,2018,,25.0,241.0,17.0,10.0,0.0,613.0,9065.0,5710.0,,,,,,,,
Labuan,Labuan,2019,,20.0,232.0,17.0,10.0,0.0,607.0,9393.0,5765.0,8319.0,6726.0,3.1,12.9,0.333,100.0,99.3,100.0
Labuan,Labuan,2020,95.1,22.0,163.0,17.0,10.0,0.0,303.0,9703.0,5973.0,,,,,,,,
Labuan,Labuan,2021,96.0,17.0,124.0,17.0,10.0,0.0,232.0,9864.0,6317.0,,,,,,,,
Labuan,Labuan,2022,96.9,24.0,87.0,17.0,11.0,0.0,281.0,9925.0,6821.0,8250.0,6904.0,2.5,7.0,0.3,100.0,100.0,100.0
Labuan,Labuan,2023,99.0,19.0,109.0,17.0,11.0,,373.0,10095.0,7027.0,,,,,,,,
Labuan,Labuan,2024,100.8,,,17.0,11.0,,298.0,10132.0,7482.0,,,,,,100.0,100.0,100.0
Labuan,Labuan,2025,100.9,,,17.0,11.0,,596.0,10209.0,7725.0,,,,,,,,
Melaka,Alor Gajah,2016,,115.0,321.0,,,,,,,,,,,,100.0,99.8,100.0
Melaka,Alor Gajah,2017,,80.0,296.0,77.0,20.0,1.0,,19343.0,16184.0,,,,,,,,
Melaka,Alor Gajah,2018,,67.0,267.0,77.0,20.0,1.0,879.0,19829.0,14679.0,,,,,,,,
Melaka,Alor Gajah,2019,,64.0,277.0,77.0,20.0,1.0,916.0,20209.0,14366.0,7050.0,5907.0,3.8,18.8,0.356,100.0,100.0,100.0
Melaka,Alor Gajah,2020,249.4,66.0,199.0,77.0,20.0,1.0,553.0,20460.0,14360.0,,,,,,,,
Melaka,Alor Gajah,2021,251.0,68.0,181.0,77.0,20.0,1.0,450.0,20778.0,14673.0,,,,,,,,
Melaka,Alor Gajah,2022,251.8,55.0,204.0,77.0,20.0,1.0,511.0,20950.0,14749.0,7235.0,5611.0,4.8,14.1,0.343,100.0,100.0,100.0
Melaka,Alor Gajah,2023,256.3,48.0,237.0,77.0,21.0,,546.0,21209.0,14939.0,,,,,,,,
Melaka,Alor Gajah,2024,260.5,,,77.0,21.0,,499.0,21342.0,15758.0,7855.0,6308.0,4.5,11.4,0.327,100.0,100.0,100.0
Melaka,Alor Gajah,2025,261.8,,,77.0,21.0,,765.0,21340.0,16296.0,,,,,,,,
Melaka,Jasin,2016,,56.0,198.0,,,,,,,,,,,,100.0,100.0,100.0
Melaka,Jasin,2017,,67.0,191.0,67.0,18.0,0.0,,12729.0,12636.0,,,,,,,,
Melaka,Jasin,2018,,39.0,191.0,67.0,18.0,0.0,806.0,12748.0,11311.0,,,,,,,,
Melaka,Jasin,2019,,43.0,198.0,67.0,18.0,0.0,759.0,12932.0,11040.0,7340.0,5640.0,3.0,17.4,0.386,100.0,100.0,100.0
Melaka,Jasin,2020,151.9,40.0,133.0,67.0,18.0,0.0,430.0,12906.0,11050.0,,,,,,,,
Melaka,Jasin,2021,155.9,43.0,119.0,67.0,18.0,0.0,372.0,13164.0,11086.0,,,,,,,,
Melaka,Jasin,2022,153.9,40.0,124.0,67.0,18.0,0.0,508.0,13546.0,10965.0,7145.0,5895.0,5.5,16.0,0.332,100.0,100.0,100.0
Melaka,Jasin,2023,154.5,33.0,155.0,67.0,18.0,,538.0,13820.0,10894.0,,,,,,,,
Melaka,Jasin,2024,156.4,,,67.0,18.0,,451.0,14203.0,11071.0,7755.0,6401.0,1.1,10.0,0.298,100.0,100.0,100.0
Melaka,Jasin,2025,157.3,,,67.0,18.0,,585.0,14537.0,11242.0,,,,,,,,
Melaka,Melaka Tengah,2016,,983.0,1991.0,,,,,,,,,,,,100.0,99.9,100.0
Melaka,Melaka Tengah,2017,,695.0,1768.0,93.0,39.0,0.0,,49014.0,39423.0,,,,,,,,
Melaka,Melaka Tengah,2018,,515.0,1721.0,93.0,39.0,0.0,2333.0,49537.0,36193.0,,,,,,,,
Melaka,Melaka Tengah,2019,,353.0,1626.0,94.0,39.0,0.0,2334.0,50493.0,35851.0,8100.0,6250.0,4.2,16.2,0.389,100.0,100.0,100.0
Melaka,Melaka Tengah,2020,597.1,260.0,1096.0,94.0,39.0,0.0,1174.0,50808.0,35969.0,,,,,,,,
Melaka,Melaka Tengah,2021,597.7,200.0,699.0,94.0,39.0,0.0,1095.0,51491.0,36572.0,,,,,,,,
Melaka,Melaka Tengah,2022,602.8,169.0,705.0,94.0,40.0,0.0,1214.0,51773.0,36671.0,8593.0,6557.0,3.7,12.2,0.383,100.0,100.0,100.0
Melaka,Melaka Tengah,2023,617.5,229.0,755.0,94.0,40.0,,1195.0,52222.0,37049.0,,,,,,,,
Melaka,Melaka Tengah,2024,629.9,,,94.0,40.0,,1193.0,52295.0,37773.0,9232.0,7415.0,2.8,10.0,0.373,100.0,100.0,100.0
Melaka,Melaka Tengah,2025,633.3,,,94.0,41.0,,2037.0,52169.0,38326.0,,,,,,,,
Negeri Sembilan,Jempol/Jelebu,2016,,79.0,278.0,,,,,,,,,,,,99.7871898442008,100.0,100.0
Negeri Sembilan,Jempol/Jelebu,2017,,88.0,232.0,74.0,25.0,0.0,,15146.0,12871.0,,,,,,,,
Negeri Sembilan,Jempol/Jelebu,2018,,64.0,247.0,74.0,25.0,0.0,646.0,15191.0,11614.0,,,,,,,,
Negeri Sembilan,Jempol/Jelebu,2019,,66.0,211.0,74.0,25.0,0.0,743.0,15365.0,11301.0,5055.8141950375075,3755.803808424697,5.93398730525101,15.46405077899596,0.35331044431621467,100.0,100.0,100.0
Negeri Sembilan,Jempol/Jelebu,2020,173.3,84.0,197.0,74.0,25.0,0.0,544.0,15433.0,11327.0,,,,,,,,
Negeri Sembilan,Jempol/Jelebu,2021,172.89999999999998,69.0,153.0,74.0,25.0,0.0,553.0,15597.0,11502.0,,,,,,,,
Negeri Sembilan,Jempol/Jelebu,2022,173.89999999999998,47.0,173.0,74.0,25.0,0.0,522.0,15654.0,11835.0,4740.703277745831,3778.348476135711,7.813628522139161,23.956584243818284,0.3296687751581369,98.69539965497412,100.00000000000001,100.00000000000001
Negeri Sembilan,Jempol/Jelebu,2023,177.0,62.0,203.0,74.0,25.0,,455.0,15564.0,11733.0,,,,,,,,
Negeri Sembilan,Jempol/Jelebu,2024,179.89999999999998,,,74.0,25.0,,451.0,15351.0,12040.0,5475.704280155643,4134.531962201223,6.910505836575875,23.05130628126737,0.35019399666481377,99.0065091717621,100.00000000000001,100.00000000000001
Negeri Sembilan,Jempol/Jelebu,2025,179.5,,,74.0,25.0,,700.0,15074.0,12173.0,,,,,,,,
Negeri Sembilan,Kuala Pilah,2016,,55.0,224.0,,,,,,,,,,,,100.0,100.0,100.0
Negeri Sembilan,Kuala Pilah,2017,,50.0,198.0,47.0,16.0,0.0,,5881.0,6742.0,,,,,,,,
Negeri Sembilan,Kuala Pilah,2018,,34.0,161.0,47.0,16.0,0.0,589.0,5795.0,5923.0,,,,,,,,
Negeri Sembilan,Kuala Pilah,2019,,34.0,161.0,47.0,16.0,0.0,532.0,5865.0,5668.0,5040.0,3587.0,8.3,23.0,0.366,100.0,100.0,100.0
Negeri Sembilan,Kuala Pilah,2020,70.3,21.0,127.0,47.0,16.0,0.0,322.0,5913.0,5760.0,,,,,,,,
Negeri Sembilan,Kuala Pilah,2021,70.0,14.0,83.0,47.0,16.0,0.0,239.0,6043.0,5843.0,,,,,,,,
Negeri Sembilan,Kuala Pilah,2022,70.4,14.0,103.0,47.0,16.0,0.0,372.0,5987.0,5910.0,4509.0,3471.0,6.8,31.5,0.346,100.0,100.0,100.0
Negeri Sembilan,Kuala Pilah,2023,71.4,18.0,97.0,47.0,16.0,,460.0,6018.0,5844.0,,,,,,,,
Negeri Sembilan,Kuala Pilah,2024,72.3,,,47.0,16.0,,369.0,6042.0,6130.0,4888.0,3996.0,6.2,27.8,0.324,100.0,100.0,100.0
Negeri Sembilan,Kuala Pilah,2025,72.5,,,47.0,16.0,,462.0,6066.0,6094.0,,,,,,,,
Negeri Sembilan,Port Dickson,2016,,110.0,278.0,,,,,,,,,,,,100.0,100.0,100.0
Negeri Sembilan,Port Dickson,2017,,84.0,258.0,50.0,13.0,0.0,,13151.0,9985.0,,,,,,,,
Negeri Sembilan,Port Dickson,2018,,96.0,290.0,50.0,13.0,0.0,796.0,13287.0,8918.0,,,,,,,,
Negeri Sembilan,Port Dickson,2019,,80.0,292.0,50.0,13.0,0.0,726.0,13512.0,8743.0,6393.0,4959.0,4.3,10.0,0.378,100.0,100.0,100.0
Negeri Sembilan,Port Dickson,2020,128.7,59.0,216.0,50.0,13.0,0.0,586.0,13619.0,8900.0,,,,,,,,
Negeri Sembilan,Port Dickson,2021,128.9,45.0,199.0,50.0,13.0,0.0,535.0,13753.0,9075.0,,,,,,,,
Negeri Sembilan,Port Dickson,2022,130.1,38.0,180.0,50.0,13.0,0.0,597.0,13761.0,9031.0,6054.0,4805.0,4.9,13.8,0.345,100.0,100.0,100.0
Negeri Sembilan,Port Dickson,2023,132.7,52.0,164.0,50.0,13.0,,585.0,13632.0,8979.0,,,,,,,,
Negeri Sembilan,Port Dickson,2024,135.2,,,50.0,13.0,,517.0,13721.0,9315.0,6280.0,5342.0,4.4,16.7,0.324,100.0,100.0,100.0
Negeri Sembilan,Port Dickson,2025,135.6,,,50.0,13.0,,692.0,13573.0,9343.0,,,,,,,,
Negeri Sembilan,Rembau,2016,,32.0,139.0,,,,,,,,,,,,100.0,100.0,100.0
Negeri Sembilan,Rembau,2017,,16.0,138.0,29.0,11.0,0.0,,4409.0,6299.0,,,,,,,,
Negeri Sembilan,Rembau,2018,,31.0,127.0,29.0,11.0,0.0,644.0,4432.0,5632.0,,,,,,,,
Negeri Sembilan,Rembau,2019,,26.0,93.0,30.0,11.0,0.0,469.0,4368.0,5706.0,5163.0,4135.0,5.7,20.8,0.362,98.5,100.0,100.0
Negeri Sembilan,Rembau,2020,47.3,19.0,44.0,30.0,11.0,0.0,355.0,4373.0,5575.0,,,,,,,,
Negeri Sembilan,Rembau,2021,47.4,11.0,49.0,30.0,11.0,0.0,416.0,4371.0,5529.0,,,,,,,,
Negeri Sembilan,Rembau,2022,47.8,14.0,45.0,30.0,11.0,0.0,452.0,4356.0,5510.0,5544.0,4655.0,3.0,19.0,0.344,100.0,100.0,100.0
Negeri Sembilan,Rembau,2023,48.5,8.0,56.0,30.0,11.0,,476.0,4365.0,5510.0,,,,,,,,
Negeri Sembilan,Rembau,2024,49.3,,,30.0,11.0,,413.0,4365.0,5869.0,5723.0,4894.0,2.6,19.9,0.339,100.0,100.0,100.0
Negeri Sembilan,Rembau,2025,49.5,,,30.0,11.0,,557.0,4511.0,5984.0,,,,,,,,
Negeri Sembilan,Seremban,2016,,745.0,2240.0,,,,,,,,,,,,99.8,100.0,100.0
Negeri Sembilan,Seremban,2017,,607.0,2092.0,111.0,48.0,1.0,,54569.0,46123.0,,,,,,,,
Negeri Sembilan,Seremban,2018,,571.0,1840.0,111.0,48.0,1.0,2171.0,55179.0,43173.0,,,,,,,,
Negeri Sembilan,Seremban,2019,,549.0,1652.0,110.0,48.0,1.0,2188.0,56530.0,42890.0,7611.0,5599.0,3.2,7.9,0.386,99.9,100.0,100.0
Negeri Sembilan,Seremban,2020,692.3,326.0,1206.0,112.0,48.0,1.0,1131.0,57203.0,43522.0,,,,,,,,
Negeri Sembilan,Seremban,2021,696.1,271.0,827.0,112.0,48.0,1.0,980.0,59148.0,44579.0,,,,,,,,
Negeri Sembilan,Seremban,2022,696.9,247.0,816.0,113.0,49.0,1.0,1098.0,60450.0,45182.0,7900.0,6384.0,3.0,7.5,0.354,100.0,100.0,100.0
Negeri Sembilan,Seremban,2023,705.5,267.0,904.0,113.0,49.0,,1143.0,61684.0,45240.0,,,,,,,,
Negeri Sembilan,Seremban,2024,712.3,,,113.0,49.0,,1073.0,62448.0,46751.0,8395.0,6472.0,2.8,6.2,0.368,100.0,100.0,100.0
Negeri Sembilan,Seremban,2025,716.8,,,113.0,49.0,,1789.0,63214.0,48135.0,,,,,,,,
Negeri Sembilan,Tampin,2016,,63.0,231.0,,,,,,,,,,,,100.0,100.0,100.0
Negeri Sembilan,Tampin,2017,,39.0,171.0,39.0,12.0,0.0,,8635.0,6708.0,,,,,,,,
Negeri Sembilan,Tampin,2018,,35.0,177.0,39.0,12.0,0.0,360.0,8655.0,6135.0,,,,,,,,
Negeri Sembilan,Tampin,2019,,23.0,140.0,39.0,12.0,0.0,335.0,8689.0,5970.0,5786.0,4332.0,4.8,18.6,0.386,100.0,100.0,100.0
Negeri Sembilan,Tampin,2020,88.1,16.0,116.0,39.0,12.0,0.0,141.0,8655.0,5979.0,,,,,,,,
Negeri Sembilan,Tampin,2021,88.8,24.0,90.0,39.0,12.0,0.0,117.0,8689.0,6098.0,,,,,,,,
Negeri Sembilan,Tampin,2022,88.8,20.0,87.0,39.0,12.0,0.0,138.0,8648.0,6103.0,5097.0,4012.0,7.3,21.5,0.347,100.0,100.0,100.0
Negeri Sembilan,Tampin,2023,89.8,10.0,54.0,39.0,12.0,,168.0,8617.0,6080.0,,,,,,,,
Negeri Sembilan,Tampin,2024,90.5,,,39.0,12.0,,159.0,8514.0,6123.0,5715.0,4367.0,7.0,15.1,0.349,100.0,100.0,100.0
Negeri Sembilan,Tampin,2025,90.7,,,39.0,12.0,,279.0,8422.0,6239.0,,,,,,,,
Pahang,Bentong,2016,,67.0,332.0,,,,,,,,,,,,94.9,100.0,100.0
Pahang,Bentong,2017,,47.0,280.0,38.0,18.0,0.0,,9319.0,8300.0,,,,,,,,
Pahang,Bentong,2018,,55.0,481.0,38.0,18.0,0.0,610.0,9260.0,7460.0,,,,,,,,
Pahang,Bentong,2019,,69.0,455.0,38.0,18.0,0.0,598.0,9404.0,7236.0,5300.0,4220.0,3.3,3.9,0.284,99.5,100.0,100.0
Pahang,Bentong,2020,116.8,43.0,235.0,38.0,18.0,0.0,376.0,9381.0,7181.0,,,,,,,,
Pahang,Bentong,2021,115.7,34.0,133.0,38.0,18.0,0.0,405.0,9366.0,7300.0,,,,,,,,
Pahang,Bentong,2022,116.7,48.0,188.0,38.0,18.0,0.0,440.0,9287.0,7348.0,5563.0,4691.0,2.8,0.0,0.244,98.9,100.0,100.0
Pahang,Bentong,2023,119.6,54.0,192.0,38.0,18.0,,476.0,9244.0,7245.0,,,,,,,,
Pahang,Bentong,2024,121.2,,,38.0,18.0,,413.0,9178.0,7520.0,6278.0,5015.0,2.0,0.3,0.286,91.83,100.0,100.0
Pahang,Bentong,2025,120.0,,,38.0,18.0,,587.0,9119.0,7703.0,,,,,,,,
Pahang,Bera,2016,,31.0,153.0,,,,,,,,,,,,94.9,96.0,100.0
Pahang,Bera,2017,,40.0,100.0,38.0,10.0,0.0,,8155.0,5881.0,,,,,,,,
Pahang,Bera,2018,,21.0,109.0,41.0,10.0,0.0,321.0,8537.0,5476.0,,,,,,,,
Pahang,Bera,2019,,32.0,93.0,41.0,10.0,0.0,331.0,8525.0,5340.0,4566.0,3636.0,2.9,8.5,0.29,99.4,100.0,100.0
Pahang,Bera,2020,98.1,24.0,89.0,41.0,10.0,0.0,169.0,8507.0,5349.0,,,,,,,,
Pahang,Bera,2021,98.0,25.0,91.0,41.0,10.0,0.0,146.0,8630.0,5422.0,,,,,,,,
Pahang,Bera,2022,98.9,34.0,93.0,41.0,10.0,0.0,149.0,8569.0,5578.0,4567.0,3866.0,8.5,10.0,0.256,98.7,100.0,100.0
Pahang,Bera,2023,100.1,31.0,89.0,41.0,10.0,,128.0,8597.0,5539.0,,,,,,,,
Pahang,Bera,2024,101.0,,,41.0,10.0,,131.0,8565.0,5672.0,4997.0,4269.0,9.0,18.5,0.361,100.0,99.4,100.0
Pahang,Bera,2025,101.3,,,41.0,10.0,,270.0,8336.0,5703.0,,,,,,,,
Pahang,Cameron Highlands,2016,,19.0,59.0,,,,,,,,,,,,93.6,100.0,100.0
Pahang,Cameron Highlands,2017,,13.0,63.0,25.0,3.0,0.0,,3028.0,2133.0,,,,,,,,
Pahang,Cameron Highlands,2018,,23.0,43.0,25.0,3.0,0.0,101.0,3142.0,1995.0,,,,,,,,
Pahang,Cameron Highlands,2019,,6.0,39.0,25.0,3.0,0.0,84.0,3234.0,1996.0,6576.0,5729.0,0.4,1.3,0.273,96.1,100.0,100.0
Pahang,Cameron Highlands,2020,39.0,7.0,29.0,25.0,3.0,0.0,36.0,3347.0,1919.0,,,,,,,,
Pahang,Cameron Highlands,2021,38.5,21.0,17.0,25.0,3.0,0.0,48.0,3436.0,1968.0,,,,,,,,
Pahang,Cameron Highlands,2022,39.2,15.0,30.0,25.0,3.0,0.0,48.0,3557.0,1977.0,6265.0,5221.0,1.9,0.0,0.272,94.5,100.0,100.0
Pahang,Cameron Highlands,2023,40.9,19.0,31.0,25.0,3.0,,29.0,3622.0,1891.0,,,,,,,,
Pahang,Cameron Highlands,2024,44.5,,,25.0,3.0,,38.0,3598.0,1959.0,6895.0,5655.0,5.0,1.7,0.294,90.82,100.0,100.0
Pahang,Cameron Highlands,2025,44.8,,,25.0,3.0,,81.0,3511.0,1980.0,,,,,,,,
Pahang,Jerantut,2016,,47.0,176.0,,,,,,,,,,,,99.2,100.0,100.0
Pahang,Jerantut,2017,,31.0,162.0,48.0,17.0,0.0,,9650.0,7366.0,,,,,,,,
Pahang,Jerantut,2018,,35.0,156.0,47.0,16.0,0.0,465.0,9207.0,6211.0,,,,,,,,
Pahang,Jerantut,2019,,36.0,150.0,47.0,16.0,0.0,484.0,9206.0,6080.0,4452.0,3781.0,9.9,10.0,0.288,100.0,100.0,100.0
Pahang,Jerantut,2020,96.0,17.0,108.0,47.0,16.0,0.0,225.0,9236.0,6053.0,,,,,,,,
Pahang,Jerantut,2021,95.9,18.0,98.0,47.0,16.0,0.0,180.0,9334.0,6064.0,,,,,,,,
Pahang,Jerantut,2022,97.0,29.0,83.0,47.0,16.0,0.0,194.0,9440.0,6218.0,4537.0,3781.0,8.6,15.3,0.29,97.4,100.0,100.0
Pahang,Jerantut,2023,98.6,27.0,91.0,47.0,15.0,,178.0,9797.0,6537.0,,,,,,,,
Pahang,Jerantut,2024,99.9,,,47.0,15.0,,216.0,9840.0,6556.0,5220.0,4231.0,8.8,14.3,0.319,100.0,100.0,100.0
Pahang,Jerantut,2025,100.3,,,47.0,15.0,,479.0,9631.0,6683.0,,,,,,,,
Pahang,Kuantan,2016,,257.0,1341.0,,,,,,,,,,,,98.8,100.0,100.0
Pahang,Kuantan,2017,,324.0,1320.0,84.0,46.0,1.0,,46906.0,33503.0,,,,,,,,
Pahang,Kuantan,2018,,247.0,1313.0,86.0,47.0,1.0,1545.0,48125.0,31692.0,,,,,,,,
Pahang,Kuantan,2019,,257.0,1017.0,87.0,48.0,1.0,1386.0,48992.0,31578.0,7071.0,5654.0,1.8,3.0,0.329,99.2,100.0,100.0
Pahang,Kuantan,2020,548.0,144.0,745.0,88.0,48.0,1.0,771.0,49950.0,32016.0,,,,,,,,
Pahang,Kuantan,2021,554.6,139.0,696.0,88.0,48.0,1.0,808.0,51452.0,32911.0,,,,,,,,
Pahang,Kuantan,2022,557.9,112.0,561.0,88.0,48.0,1.0,833.0,52212.0,33800.0,6938.0,5926.0,4.1,5.0,0.306,99.9,100.0,100.0
Pahang,Kuantan,2023,565.8,118.0,483.0,88.0,48.0,,854.0,52489.0,33983.0,,,,,,,,
Pahang,Kuantan,2024,571.1,,,87.0,48.0,,832.0,53079.0,35135.0,7008.0,5520.0,3.7,5.1,0.332,100.0,100.0,100.0
Pahang,Kuantan,2025,576.7,,,87.0,48.0,,1463.0,53482.0,36554.0,,,,,,,,
Pahang,Lipis,2016,,21.0,115.0,,,,,,,,,,,,99.2,100.0,100.0
Pahang,Lipis,2017,,13.0,112.0,54.0,15.0,0.0,,8995.0,6411.0,,,,,,,,
Pahang,Lipis,2018,,13.0,104.0,54.0,15.0,0.0,544.0,8862.0,5596.0,,,,,,,,
Pahang,Lipis,2019,,18.0,89.0,54.0,15.0,0.0,546.0,8775.0,5330.0,4504.0,3646.0,5.8,8.4,0.292,98.0,100.0,100.0
Pahang,Lipis,2020,96.6,14.0,73.0,54.0,15.0,0.0,301.0,8704.0,5249.0,,,,,,,,
Pahang,Lipis,2021,96.6,15.0,65.0,54.0,15.0,0.0,274.0,8828.0,5565.0,,,,,,,,
Pahang,Lipis,2022,97.9,9.0,60.0,54.0,15.0,0.0,268.0,8792.0,5654.0,4959.0,4115.0,9.2,8.6,0.28,84.3,91.1,93.5
Pahang,Lipis,2023,100.1,20.0,58.0,53.0,16.0,,346.0,8725.0,5751.0,,,,,,,,
Pahang,Lipis,2024,102.2,,,53.0,16.0,,337.0,8632.0,5991.0,5276.0,4611.0,9.2,0.8,0.237,91.35,98.9,100.0
Pahang,Lipis,2025,103.3,,,53.0,16.0,,550.0,8497.0,6089.0,,,,,,,,
Pahang,Maran,2016,,44.0,219.0,,,,,,,,,,,,96.3,100.0,100.0
Pahang,Maran,2017,,36.0,218.0,52.0,19.0,0.0,,10836.0,8114.0,,,,,,,,
Pahang,Maran,2018,,35.0,217.0,52.0,19.0,0.0,862.0,10852.0,6961.0,,,,,,,,
Pahang,Maran,2019,,29.0,212.0,52.0,19.0,0.0,698.0,10946.0,6862.0,4678.0,3671.0,6.4,8.4,0.313,97.3,99.7,100.0
Pahang,Maran,2020,112.3,19.0,144.0,52.0,19.0,0.0,345.0,10831.0,6940.0,,,,,,,,
Pahang,Maran,2021,113.5,28.0,121.0,52.0,19.0,0.0,382.0,10912.0,7161.0,,,,,,,,
Pahang,Maran,2022,114.7,18.0,107.0,52.0,19.0,0.0,435.0,10816.0,7380.0,5036.0,4319.0,8.8,12.1,0.288,100.0,100.0,100.0
Pahang,Maran,2023,117.0,19.0,111.0,52.0,19.0,,477.0,10896.0,7399.0,,,,,,,,
Pahang,Maran,2024,119.0,,,52.0,19.0,,463.0,10662.0,7735.0,5088.0,4470.0,7.9,7.9,0.257,100.0,100.0,100.0
Pahang,Maran,2025,119.9,,,52.0,19.0,,741.0,10520.0,7923.0,,,,,,,,
Pahang,Pekan,2016,,19.0,151.0,,,,,,,,,,,,96.7,99.6,100.0
Pahang,Pekan,2017,,33.0,138.0,48.0,16.0,0.0,,12759.0,8979.0,,,,,,,,
Pahang,Pekan,2018,,27.0,115.0,47.0,16.0,0.0,447.0,12545.0,8309.0,,,,,,,,
Pahang,Pekan,2019,,21.0,177.0,47.0,16.0,0.0,474.0,12339.0,8119.0,5026.0,4092.0,6.6,8.9,0.317,92.5,100.0,100.0
Pahang,Pekan,2020,121.2,21.0,162.0,47.0,16.0,0.0,205.0,12412.0,7959.0,,,,,,,,
Pahang,Pekan,2021,122.6,33.0,122.0,47.0,16.0,0.0,213.0,12671.0,8045.0,,,,,,,,
Pahang,Pekan,2022,123.5,25.0,84.0,47.0,16.0,0.0,156.0,12768.0,8331.0,4780.0,4053.0,11.6,15.4,0.303,96.7,100.0,100.0
Pahang,Pekan,2023,125.9,18.0,80.0,47.0,16.0,,207.0,12932.0,8406.0,,,,,,,,
Pahang,Pekan,2024,127.8,,,47.0,16.0,,214.0,13084.0,8650.0,5098.0,4344.0,10.9,8.5,0.277,99.51,100.0,100.0
Pahang,Pekan,2025,129.3,,,47.0,16.0,,431.0,13127.0,8787.0,,,,,,,,
Pahang,Raub,2016,,23.0,94.0,,,,,,,,,,,,100.0,100.0,100.0
Pahang,Raub,2017,,22.0,103.0,43.0,11.0,0.0,,7005.0,6001.0,,,,,,,,
Pahang,Raub,2018,,26.0,87.0,43.0,12.0,0.0,379.0,6925.0,5275.0,,,,,,,,
Pahang,Raub,2019,,26.0,83.0,43.0,12.0,0.0,374.0,6919.0,5174.0,5005.0,3805.0,4.7,3.9,0.313,90.0,100.0,100.0
Pahang,Raub,2020,96.1,15.0,76.0,43.0,12.0,0.0,180.0,6914.0,5133.0,,,,,,,,
Pahang,Raub,2021,96.0,16.0,51.0,43.0,12.0,0.0,190.0,7045.0,5147.0,,,,,,,,
Pahang,Raub,2022,96.8,25.0,66.0,43.0,12.0,0.0,140.0,7014.0,5256.0,5445.0,4375.0,2.3,1.1,0.257,100.0,100.0,100.0
Pahang,Raub,2023,98.8,21.0,75.0,43.0,12.0,,178.0,7051.0,5249.0,,,,,,,,
Pahang,Raub,2024,100.2,,,43.0,12.0,,153.0,7052.0,5238.0,5940.0,4427.0,3.4,0.8,0.335,100.0,100.0,100.0
Pahang,Raub,2025,99.9,,,43.0,12.0,,291.0,7035.0,5387.0,,,,,,,,
Pahang,Rompin,2016,,44.0,253.0,,,,,,,,,,,,95.3,99.6,100.0
Pahang,Rompin,2017,,42.0,182.0,42.0,20.0,0.0,,11825.0,9023.0,,,,,,,,
Pahang,Rompin,2018,,37.0,142.0,42.0,20.0,0.0,847.0,11892.0,7747.0,,,,,,,,
Pahang,Rompin,2019,,28.0,133.0,42.0,20.0,0.0,750.0,11909.0,7535.0,4641.0,3579.0,6.7,6.3,0.295,96.3,100.0,100.0
Pahang,Rompin,2020,98.1,35.0,84.0,42.0,20.0,0.0,433.0,11957.0,7725.0,,,,,,,,
Pahang,Rompin,2021,100.6,35.0,100.0,42.0,20.0,0.0,376.0,12314.0,8054.0,,,,,,,,
Pahang,Rompin,2022,100.4,36.0,80.0,42.0,20.0,0.0,489.0,12317.0,8401.0,5103.0,4148.0,12.0,14.9,0.329,97.0,98.3,97.8
Pahang,Rompin,2023,101.6,34.0,99.0,42.0,20.0,,553.0,12327.0,8343.0,,,,,,,,
Pahang,Rompin,2024,102.9,,,42.0,20.0,,414.0,12326.0,8834.0,5429.0,4760.0,8.2,3.9,0.279,100.0,100.0,100.0
Pahang,Rompin,2025,104.0,,,42.0,20.0,,719.0,12370.0,8976.0,,,,,,,,
Pahang,Temerloh,2016,,79.0,233.0,,,,,,,,,,,,99.6,100.0,100.0
Pahang,Temerloh,2017,,55.0,273.0,69.0,21.0,0.0,,16639.0,13162.0,,,,,,,,
Pahang,Temerloh,2018,,53.0,245.0,66.0,21.0,0.0,961.0,16351.0,11761.0,,,,,,,,
Pahang,Temerloh,2019,,73.0,228.0,66.0,21.0,0.0,995.0,16431.0,11476.0,5205.0,4173.0,6.1,10.2,0.323,100.0,100.0,100.0
Pahang,Temerloh,2020,169.0,66.0,181.0,66.0,21.0,0.0,629.0,16525.0,11484.0,,,,,,,,
Pahang,Temerloh,2021,169.4,49.0,149.0,66.0,21.0,0.0,521.0,16683.0,11722.0,,,,,,,,
Pahang,Temerloh,2022,171.4,44.0,137.0,66.0,21.0,0.0,583.0,16852.0,11880.0,5180.0,4283.0,6.6,8.7,0.291,100.0,100.0,100.0
Pahang,Temerloh,2023,174.7,48.0,157.0,66.0,21.0,,658.0,16866.0,11781.0,,,,,,,,
Pahang,Temerloh,2024,177.8,,,66.0,21.0,,592.0,16808.0,12053.0,5521.0,4595.0,6.2,13.1,0.319,99.64,100.0,100.0
Pahang,Temerloh,2025,178.7,,,66.0,22.0,,945.0,16825.0,12302.0,,,,,,,,
Perak,Batang Padang,2016,,61.0,140.0,,,,,,,,,,,,100.0,99.8,100.0
Perak,Batang Padang,2017,,50.0,133.0,97.0,24.0,0.0,,16391.0,15149.0,,,,,,,,
Perak,Batang Padang,2018,,49.0,138.0,66.0,16.0,0.0,404.0,10591.0,8317.0,,,,,,,,
Perak,Batang Padang,2019,,42.0,136.0,66.0,16.0,0.0,413.0,10748.0,8060.0,5637.0,4067.0,7.1,12.6,0.394,99.4,100.0,100.0
Perak,Batang Padang,2020,124.0,37.0,97.0,66.0,16.0,0.0,205.0,10796.0,7960.0,,,,,,,,
Perak,Batang Padang,2021,126.3,30.0,87.0,66.0,16.0,0.0,167.0,10848.0,8289.0,,,,,,,,
Perak,Batang Padang,2022,125.7,21.0,80.0,66.0,16.0,0.0,182.0,10774.0,8420.0,5178.0,3953.0,13.3,18.1,0.37,94.9,100.0,100.0
Perak,Batang Padang,2023,126.2,22.0,135.0,66.0,16.0,,144.0,10574.0,8330.0,,,,,,,,
Perak,Batang Padang,2024,126.8,,,66.0,16.0,,176.0,10444.0,8518.0,5433.0,4339.0,11.5,18.5,0.354,100.0,100.0,100.0
Perak,Batang Padang,2025,127.0,,,66.0,16.0,,349.0,10401.0,8606.0,,,,,,,,
Perak,Hilir Perak,2016,,139.0,462.0,,,,,,,,,,,,100.0,100.0,100.0
Perak,Hilir Perak,2017,,128.0,432.0,114.0,24.0,0.0,,16362.0,16688.0,,,,,,,,
Perak,Hilir Perak,2018,,113.0,447.0,114.0,25.0,0.0,1083.0,16273.0,14673.0,,,,,,,,
Perak,Hilir Perak,2019,,113.0,441.0,114.0,25.0,0.0,964.0,16253.0,14074.0,5122.597864768683,3859.3256227758,9.937366548042704,14.474199288256228,0.3671583629893238,99.74733096085407,100.0,100.0
Perak,Hilir Perak,2020,224.8,100.0,350.0,114.0,25.0,0.0,556.0,15998.0,13859.0,,,,,,,,
Perak,Hilir Perak,2021,228.6,81.0,289.0,114.0,25.0,0.0,577.0,15915.0,13968.0,,,,,,,,
Perak,Hilir Perak,2022,224.60000000000002,97.0,266.0,114.0,25.0,0.0,533.0,15946.0,13985.0,5187.24354407836,4153.929207479964,13.920569902048086,21.383926981300085,0.379373552983081,99.99999999999999,99.99999999999999,99.99999999999999
Perak,Hilir Perak,2023,224.89999999999998,85.0,335.0,114.0,25.0,,626.0,15717.0,13729.0,,,,,,,,
Perak,Hilir Perak,2024,225.20000000000002,,,113.0,25.0,,602.0,15494.0,13986.0,5497.897868561279,4268.11811722913,12.00373001776199,16.585079928952045,0.3603703374777975,99.99999999999999,99.99999999999999,99.99999999999999
Perak,Hilir Perak,2025,225.3,,,113.0,25.0,,958.0,15344.0,14161.0,,,,,,,,
Perak,Hulu Perak,2016,,16.0,97.0,,,,,,,,,,,,97.0,99.5,100.0
Perak,Hulu Perak,2017,,18.0,75.0,56.0,14.0,0.0,,10396.0,7412.0,,,,,,,,
Perak,Hulu Perak,2018,,18.0,64.0,56.0,14.0,0.0,698.0,10348.0,6441.0,,,,,,,,
Perak,Hulu Perak,2019,,18.0,78.0,56.0,14.0,0.0,590.0,10471.0,6247.0,4554.0,3532.0,12.9,19.2,0.354,96.6,99.7,99.7
Perak,Hulu Perak,2020,95.1,13.0,67.0,56.0,14.0,0.0,298.0,10474.0,6306.0,,,,,,,,
Perak,Hulu Perak,2021,95.3,15.0,46.0,56.0,14.0,0.0,271.0,10469.0,6625.0,,,,,,,,
Perak,Hulu Perak,2022,95.9,14.0,57.0,56.0,14.0,0.0,372.0,10347.0,6774.0,4891.0,3467.0,16.3,18.5,0.399,95.4,100.0,100.0
Perak,Hulu Perak,2023,97.1,22.0,63.0,56.0,14.0,,382.0,10202.0,6791.0,,,,,,,,
Perak,Hulu Perak,2024,98.4,,,56.0,14.0,,327.0,10113.0,7138.0,4980.0,3701.0,13.3,11.6,0.331,100.0,100.0,100.0
Perak,Hulu Perak,2025,98.5,,,56.0,14.0,,466.0,9844.0,7451.0,,,,,,,,
Perak,Kampar,2016,,41.0,154.0,,,,,,,,,,,,100.0,100.0,100.0
Perak,Kampar,2017,,36.0,146.0,,,0.0,,,,,,,,,,,
Perak,Kampar,2018,,32.0,160.0,37.0,9.0,0.0,322.0,7398.0,6078.0,,,,,,,,
Perak,Kampar,2019,,34.0,167.0,37.0,9.0,0.0,324.0,7374.0,5947.0,4845.0,3821.0,7.0,16.7,0.359,99.9,100.0,100.0
Perak,Kampar,2020,98.7,28.0,85.0,37.0,9.0,0.0,145.0,7225.0,5945.0,,,,,,,,
Perak,Kampar,2021,98.3,21.0,70.0,37.0,9.0,0.0,140.0,7187.0,5980.0,,,,,,,,
Perak,Kampar,2022,98.2,14.0,78.0,37.0,9.0,0.0,160.0,7117.0,6063.0,5087.0,4347.0,4.7,10.3,0.306,98.7,100.0,100.0
Perak,Kampar,2023,98.9,11.0,80.0,37.0,9.0,,,,,,,,,,,,
Perak,Kampar,2024,99.9,,,37.0,9.0,,,,,5608.0,4538.0,4.5,22.4,0.37,99.67,100.0,100.0
Perak,Kampar,2025,98.8,,,37.0,9.0,,,,,,,,,,,,
Perak,Kerian,2016,,50.0,178.0,,,,,,,,,,,,100.0,100.0,100.0
Perak,Kerian,2017,,39.0,156.0,69.0,22.0,0.0,,15695.0,16157.0,,,,,,,,
Perak,Kerian,2018,,37.0,155.0,69.0,22.0,0.0,1097.0,15367.0,14428.0,,,,,,,,
Perak,Kerian,2019,,37.0,161.0,69.0,22.0,0.0,1068.0,15187.0,14021.0,5532.0,4512.0,6.0,8.3,0.306,100.0,100.0,100.0
Perak,Kerian,2020,166.4,44.0,135.0,69.0,22.0,0.0,640.0,15087.0,13717.0,,,,,,,,
Perak,Kerian,2021,167.8,48.0,142.0,69.0,22.0,0.0,479.0,15033.0,13700.0,,,,,,,,
Perak,Kerian,2022,167.5,56.0,124.0,69.0,22.0,0.0,527.0,14914.0,13576.0,5276.0,3996.0,8.7,18.9,0.364,100.0,100.0,100.0
Perak,Kerian,2023,168.5,40.0,138.0,69.0,22.0,,542.0,15004.0,13098.0,,,,,,,,
Perak,Kerian,2024,169.5,,,69.0,22.0,,496.0,14928.0,13075.0,5590.0,4554.0,7.3,9.2,0.305,100.0,100.0,100.0
Perak,Kerian,2025,169.8,,,69.0,22.0,,749.0,14772.0,13207.0,,,,,,,,
Perak,Kinta,2016,,538.0,1785.0,,,,,,,,,,,,100.0,100.0,100.0
Perak,Kinta,2017,,473.0,1699.0,176.0,67.0,0.0,,69018.0,61213.0,,,,,,,,
Perak,Kinta,2018,,394.0,1662.0,140.0,58.0,0.0,3453.0,61539.0,48609.0,,,,,,,,
Perak,Kinta,2019,,470.0,1500.0,140.0,58.0,0.0,3172.0,61763.0,47786.0,6120.0,4556.0,4.9,9.9,0.4,99.8,100.0,100.0
Perak,Kinta,2020,888.8,258.0,907.0,140.0,58.0,0.0,1505.0,61200.0,47282.0,,,,,,,,
Perak,Kinta,2021,893.6,305.0,841.0,140.0,58.0,0.0,1371.0,61256.0,47398.0,,,,,,,,
Perak,Kinta,2022,895.8,328.0,1128.0,140.0,60.0,0.0,1506.0,61324.0,48299.0,6308.0,5037.0,3.8,9.4,0.358,100.0,100.0,100.0
Perak,Kinta,2023,909.1,392.0,1163.0,140.0,60.0,,1631.0,67800.0,53537.0,,,,,,,,
Perak,Kinta,2024,923.0,,,140.0,60.0,,1493.0,66520.0,54085.0,6758.0,5136.0,3.8,10.0,0.391,100.0,100.0,100.0
Perak,Kinta,2025,927.4,,,140.0,60.0,,2657.0,65274.0,54453.0,,,,,,,,
Perak,Kuala Kangsar,2016,,60.0,243.0,,,,,,,,,,,,100.0,100.0,100.0
Perak,Kuala Kangsar,2017,,52.0,222.0,89.0,24.0,0.0,,14680.0,15306.0,,,,,,,,
Perak,Kuala Kangsar,2018,,59.0,180.0,89.0,24.0,0.0,1109.0,14747.0,13335.0,,,,,,,,
Perak,Kuala Kangsar,2019,,56.0,180.0,89.0,24.0,0.0,1073.0,14873.0,12872.0,5156.0,3875.0,10.6,14.4,0.387,99.7,100.0,100.0
Perak,Kuala Kangsar,2020,176.1,59.0,128.0,89.0,24.0,0.0,700.0,14779.0,12865.0,,,,,,,,
Perak,Kuala Kangsar,2021,176.3,46.0,82.0,89.0,24.0,0.0,641.0,14827.0,12986.0,,,,,,,,
Perak,Kuala Kangsar,2022,176.7,54.0,128.0,89.0,24.0,0.0,703.0,14763.0,12982.0,5176.0,3813.0,13.0,17.2,0.391,99.6,100.0,100.0
Perak,Kuala Kangsar,2023,178.3,40.0,137.0,89.0,24.0,,712.0,14647.0,12978.0,,,,,,,,
Perak,Kuala Kangsar,2024,179.9,,,90.0,24.0,,644.0,14366.0,13124.0,5489.0,3977.0,11.3,12.8,0.357,100.0,100.0,100.0
Perak,Kuala Kangsar,2025,179.6,,,90.0,24.0,,957.0,14034.0,13136.0,,,,,,,,
Perak,Larut/Matang/Selama,2016,,221.0,614.0,,,,,,,,,,,,97.0,100.0,100.00000000000001
Perak,Larut/Matang/Selama,2017,,173.0,584.0,112.0,36.0,0.0,,26199.0,25094.0,,,,,,,,
Perak,Larut/Matang/Selama,2018,,173.0,599.0,111.0,36.0,0.0,1985.0,25822.0,21767.0,,,,,,,,
Perak,Larut/Matang/Selama,2019,,188.0,534.0,111.0,36.0,0.0,1847.0,25944.0,20859.0,5364.0,4345.0,7.9,8.3,0.325,97.8,100.0,99.82263157894738
Perak,Larut/Matang/Selama,2020,304.0,123.0,386.0,111.0,36.0,0.0,985.0,25734.0,20399.0,,,,,,,,
Perak,Larut/Matang/Selama,2021,306.59999999999997,106.0,264.0,111.0,36.0,0.0,849.0,25735.0,20505.0,,,,,,,,
Perak,Larut/Matang/Selama,2022,307.1,102.0,280.0,111.0,36.0,0.0,876.0,25644.0,20448.0,5292.040052100293,3989.006512536633,8.761869098013676,14.905535656138067,0.3575854770433084,97.51012699446434,100.0,100.0
Perak,Larut/Matang/Selama,2023,310.2,125.0,271.0,111.0,36.0,,916.0,25481.0,19899.0,,,,,,,,
Perak,Larut/Matang/Selama,2024,313.5,,,111.0,36.0,,814.0,25385.0,20326.0,5911.1578947368425,4728.922807017545,9.157192982456142,8.30421052631579,0.3352245614035088,94.85140350877194,100.0,100.0
Perak,Larut/Matang/Selama,2025,313.3,,,111.0,36.0,,1476.0,24753.0,20386.0,,,,,,,,
Perak,Manjung,2016,,105.0,574.0,,,,,,,,,,,,100.0,100.0,100.0
Perak,Manjung,2017,,116.0,506.0,81.0,21.0,0.0,,23144.0,17887.0,,,,,,,,
Perak,Manjung,2018,,99.0,515.0,81.0,21.0,0.0,932.0,23134.0,16293.0,,,,,,,,
Perak,Manjung,2019,,105.0,397.0,81.0,21.0,0.0,921.0,23350.0,16044.0,6137.0,4636.0,6.9,8.8,0.383,99.9,100.0,100.0
Perak,Manjung,2020,247.0,89.0,283.0,81.0,21.0,0.0,452.0,23327.0,16041.0,,,,,,,,
Perak,Manjung,2021,250.1,61.0,229.0,81.0,21.0,0.0,445.0,23429.0,16249.0,,,,,,,,
Perak,Manjung,2022,249.6,53.0,193.0,81.0,21.0,0.0,489.0,23164.0,16206.0,6318.0,5135.0,3.8,11.1,0.354,100.0,100.0,100.0
Perak,Manjung,2023,252.3,67.0,213.0,81.0,21.0,,539.0,22962.0,16157.0,,,,,,,,
Perak,Manjung,2024,255.2,,,81.0,21.0,,462.0,22750.0,16570.0,6612.0,5380.0,3.9,7.6,0.346,100.0,100.0,100.0
Perak,Manjung,2025,256.4,,,81.0,21.0,,862.0,22299.0,16781.0,,,,,,,,
Perak,Muallim,2016,,44.0,112.0,,,,,,,,,,,,,,100.0
Perak,Muallim,2017,,31.0,117.0,,,1.0,,,,,,,,,,,
Perak,Muallim,2018,,20.0,122.0,31.0,9.0,1.0,688.0,6100.0,5215.0,,,,,,,,
Perak,Muallim,2019,,23.0,117.0,31.0,9.0,1.0,674.0,6385.0,5047.0,5488.0,3915.0,11.6,14.2,0.391,100.0,100.0,100.0
Perak,Muallim,2020,76.7,16.0,79.0,31.0,9.0,1.0,484.0,6664.0,5173.0,,,,,,,,
Perak,Muallim,2021,77.9,11.0,57.0,31.0,9.0,1.0,373.0,6853.0,5477.0,,,,,,,,
Perak,Muallim,2022,78.0,17.0,62.0,31.0,9.0,1.0,504.0,7004.0,5568.0,6122.0,5015.0,9.2,14.8,0.359,100.0,100.0,100.0
Perak,Muallim,2023,78.6,19.0,71.0,31.0,9.0,,530.0,7036.0,5751.0,,,,,,,,
Perak,Muallim,2024,79.2,,,31.0,9.0,,467.0,6997.0,6195.0,6229.0,4856.0,7.7,10.9,0.35,100.0,100.0,100.0
Perak,Muallim,2025,79.6,,,31.0,9.0,,635.0,6977.0,6419.0,,,,,,,,
Perak,Perak Tengah,2016,,20.0,187.0,,,,,,,,,,,,100.0,100.0,100.0
Perak,Perak Tengah,2017,,24.0,116.0,58.0,16.0,0.0,,9232.0,8950.0,,,,,,,,
Perak,Perak Tengah,2018,,11.0,81.0,58.0,16.0,0.0,966.0,9310.0,7805.0,,,,,,,,
Perak,Perak Tengah,2019,,17.0,98.0,58.0,16.0,0.0,902.0,9440.0,7437.0,5390.0,4097.0,10.0,14.2,0.373,99.8,100.0,100.0
Perak,Perak Tengah,2020,94.6,22.0,82.0,58.0,16.0,0.0,572.0,9330.0,7367.0,,,,,,,,
Perak,Perak Tengah,2021,95.0,23.0,71.0,58.0,16.0,0.0,428.0,9482.0,7565.0,,,,,,,,
Perak,Perak Tengah,2022,95.6,14.0,94.0,58.0,17.0,0.0,524.0,9546.0,8066.0,5956.0,4564.0,11.1,17.3,0.391,100.0,100.0,100.0
Perak,Perak Tengah,2023,97.2,29.0,114.0,58.0,17.0,,570.0,9574.0,8050.0,,,,,,,,
Perak,Perak Tengah,2024,98.8,,,58.0,17.0,,582.0,9509.0,8508.0,6027.0,4685.0,10.2,15.9,0.354,100.0,100.0,100.0
Perak,Perak Tengah,2025,99.2,,,58.0,17.0,,778.0,9420.0,8662.0,,,,,,,,
Perlis,Perlis,2016,,109.0,546.0,,,,,,,,,,,,99.6,100.0,100.0
Perlis,Perlis,2017,,132.0,472.0,74.0,30.0,1.0,,34246.0,21201.0,,,,,,,,
Perlis,Perlis,2018,,126.0,437.0,74.0,30.0,1.0,1905.0,23248.0,18498.0,,,,,,,,
Perlis,Perlis,2019,,121.0,406.0,74.0,30.0,1.0,1754.0,23650.0,17987.0,5476.0,4594.0,3.9,12.0,0.334,99.6,100.0,100.0
Perlis,Perlis,2020,284.9,81.0,412.0,74.0,30.0,1.0,1081.0,23729.0,18015.0,,,,,,,,
Perlis,Perlis,2021,287.6,80.0,356.0,74.0,30.0,1.0,947.0,24175.0,18594.0,,,,,,,,
Perlis,Perlis,2022,289.8,82.0,320.0,74.0,30.0,1.0,1052.0,24253.0,19115.0,5664.0,4713.0,4.0,12.6,0.336,100.0,100.0,100.0
Perlis,Perlis,2023,293.1,75.0,264.0,74.0,30.0,,1164.0,24596.0,19341.0,,,,,,,,
Perlis,Perlis,2024,296.8,,,74.0,30.0,,1028.0,24794.0,20227.0,,,,,,100.0,100.0,100.0
Perlis,Perlis,2025,297.8,,,74.0,30.0,,1668.0,24712.0,20728.0,,,,,,,,
Pulau Pinang,Barat Daya,2016,,90.0,448.0,,,,,,,,,,,,100.0,100.0,100.0
Pulau Pinang,Barat Daya,2017,,89.0,432.0,39.0,13.0,0.0,,17665.0,10332.0,,,,,,,,
Pulau Pinang,Barat Daya,2018,,64.0,427.0,39.0,13.0,0.0,794.0,17704.0,9302.0,,,,,,,,
Pulau Pinang,Barat Daya,2019,,74.0,434.0,39.0,13.0,0.0,738.0,18073.0,9294.0,8393.0,6576.0,1.0,10.8,0.361,100.0,100.0,100.0
Pulau Pinang,Barat Daya,2020,237.7,48.0,285.0,39.0,13.0,0.0,466.0,18219.0,9195.0,,,,,,,,
Pulau Pinang,Barat Daya,2021,238.5,79.0,288.0,39.0,13.0,0.0,440.0,18395.0,9364.0,,,,,,,,
Pulau Pinang,Barat Daya,2022,239.6,86.0,266.0,38.0,12.0,0.0,403.0,18427.0,9672.0,9254.0,7247.0,1.4,9.0,0.357,100.0,100.0,100.0
Pulau Pinang,Barat Daya,2023,244.2,86.0,321.0,38.0,12.0,,420.0,18557.0,9618.0,,,,,,,,
Pulau Pinang,Barat Daya,2024,248.2,,,39.0,12.0,,420.0,18678.0,9946.0,10231.0,8919.0,0.4,7.5,0.368,100.0,100.0,100.0
Pulau Pinang,Barat Daya,2025,249.7,,,39.0,12.0,,719.0,18461.0,10199.0,,,,,,,,
Pulau Pinang,Seberang Perai Selatan,2016,,135.0,370.0,,,,,,,,,,,,99.7,100.0,100.0
Pulau Pinang,Seberang Perai Selatan,2017,,138.0,335.0,39.0,16.0,0.0,,16888.0,14178.0,,,,,,,,
Pulau Pinang,Seberang Perai Selatan,2018,,125.0,291.0,39.0,17.0,0.0,980.0,16878.0,12920.0,,,,,,,,
Pulau Pinang,Seberang Perai Selatan,2019,,120.0,340.0,39.0,17.0,0.0,942.0,17075.0,12763.0,6843.0,5797.0,2.1,15.3,0.323,100.0,100.0,100.0
Pulau Pinang,Seberang Perai Selatan,2020,184.0,84.0,220.0,39.0,17.0,0.0,648.0,16943.0,12676.0,,,,,,,,
Pulau Pinang,Seberang Perai Selatan,2021,186.5,86.0,246.0,39.0,17.0,0.0,578.0,17107.0,13067.0,,,,,,,,
Pulau Pinang,Seberang Perai Selatan,2022,185.5,91.0,223.0,39.0,17.0,0.0,561.0,16919.0,13041.0,7472.0,6231.0,3.1,18.2,0.36,100.0,100.0,100.0
Pulau Pinang,Seberang Perai Selatan,2023,186.8,76.0,259.0,39.0,17.0,,604.0,16930.0,12948.0,,,,,,,,
Pulau Pinang,Seberang Perai Selatan,2024,188.1,,,39.0,17.0,,483.0,16820.0,13231.0,8234.0,6822.0,3.0,18.7,0.352,100.0,100.0,100.0
Pulau Pinang,Seberang Perai Selatan,2025,189.5,,,39.0,17.0,,833.0,16580.0,13626.0,,,,,,,,
Pulau Pinang,Seberang Perai Tengah,2016,,338.0,1872.0,,,,,,,,,,,,99.7,100.0,100.0
Pulau Pinang,Seberang Perai Tengah,2017,,322.0,1581.0,56.0,31.0,0.0,,33566.0,28365.0,,,,,,,,
Pulau Pinang,Seberang Perai Tengah,2018,,268.0,1476.0,55.0,31.0,0.0,1514.0,33214.0,25734.0,,,,,,,,
Pulau Pinang,Seberang Perai Tengah,2019,,422.0,1529.0,55.0,31.0,0.0,1422.0,33450.0,25004.0,7457.0,5849.0,2.3,16.9,0.367,99.9,100.0,99.9
Pulau Pinang,Seberang Perai Tengah,2020,423.0,317.0,982.0,55.0,31.0,0.0,692.0,33155.0,25062.0,,,,,,,,
Pulau Pinang,Seberang Perai Tengah,2021,421.6,288.0,931.0,55.0,31.0,0.0,661.0,31711.0,25255.0,,,,,,,,
Pulau Pinang,Seberang Perai Tengah,2022,422.8,226.0,702.0,55.0,31.0,0.0,690.0,32427.0,25124.0,8056.0,6220.0,2.4,16.6,0.377,99.9,100.0,99.9
Pulau Pinang,Seberang Perai Tengah,2023,433.5,192.0,733.0,55.0,31.0,,657.0,32563.0,24640.0,,,,,,,,
Pulau Pinang,Seberang Perai Tengah,2024,443.2,,,55.0,31.0,,635.0,32220.0,24812.0,8413.0,6892.0,2.8,17.4,0.346,100.0,100.0,100.0
Pulau Pinang,Seberang Perai Tengah,2025,445.2,,,55.0,31.0,,1042.0,31370.0,24940.0,,,,,,,,
Pulau Pinang,Seberang Perai Utara,2016,,166.0,988.0,,,,,,,,,,,,99.9,100.0,100.0
Pulau Pinang,Seberang Perai Utara,2017,,159.0,948.0,63.0,30.0,0.0,,31359.0,26760.0,,,,,,,,
Pulau Pinang,Seberang Perai Utara,2018,,150.0,853.0,64.0,30.0,0.0,1551.0,31620.0,24573.0,,,,,,,,
Pulau Pinang,Seberang Perai Utara,2019,,129.0,814.0,64.0,30.0,0.0,1521.0,31857.0,24113.0,6914.0,5566.0,4.6,18.1,0.359,99.8,100.0,100.0
Pulau Pinang,Seberang Perai Utara,2020,339.1,102.0,612.0,65.0,30.0,0.0,826.0,31636.0,23969.0,,,,,,,,
Pulau Pinang,Seberang Perai Utara,2021,339.8,156.0,554.0,65.0,31.0,0.0,835.0,32429.0,24231.0,,,,,,,,
Pulau Pinang,Seberang Perai Utara,2022,341.3,177.0,512.0,65.0,31.0,0.0,854.0,31659.0,24475.0,7330.0,6103.0,3.7,18.7,0.35,100.0,100.0,100.0
Pulau Pinang,Seberang Perai Utara,2023,346.6,128.0,568.0,65.0,31.0,,853.0,31556.0,24208.0,,,,,,,,
Pulau Pinang,Seberang Perai Utara,2024,351.0,,,65.0,32.0,,830.0,31554.0,24503.0,8101.0,6810.0,3.9,18.0,0.343,100.0,100.0,100.0
Pulau Pinang,Seberang Perai Utara,2025,353.1,,,65.0,32.0,,1419.0,31243.0,25147.0,,,,,,,,
Pulau Pinang,Timur Laut,2016,,309.0,1400.0,,,,,,,,,,,,100.0,100.0,100.0
Pulau Pinang,Timur Laut,2017,,370.0,1178.0,74.0,37.0,1.0,,30977.0,31470.0,,,,,,,,
Pulau Pinang,Timur Laut,2018,,283.0,1080.0,74.0,37.0,1.0,2025.0,30774.0,28069.0,,,,,,,,
Pulau Pinang,Timur Laut,2019,,311.0,1045.0,74.0,37.0,1.0,1969.0,31120.0,27206.0,8493.0,6902.0,0.5,8.6,0.356,100.0,99.9,100.0
Pulau Pinang,Timur Laut,2020,556.6,291.0,912.0,73.0,37.0,1.0,973.0,30760.0,26818.0,,,,,,,,
Pulau Pinang,Timur Laut,2021,553.6,322.0,880.0,73.0,37.0,1.0,865.0,30773.0,26691.0,,,,,,,,
Pulau Pinang,Timur Laut,2022,551.8,367.0,813.0,73.0,37.0,1.0,946.0,30166.0,26266.0,8727.0,6714.0,0.7,14.5,0.38,100.0,100.0,100.0
Pulau Pinang,Timur Laut,2023,561.6,338.0,903.0,73.0,35.0,,831.0,30131.0,25482.0,,,,,,,,
Pulau Pinang,Timur Laut,2024,569.9,,,71.0,35.0,,694.0,29430.0,25554.0,9993.0,7745.0,0.4,14.3,0.398,100.0,100.0,100.0
Pulau Pinang,Timur Laut,2025,565.9,,,71.0,35.0,,1414.0,28203.0,25598.0,,,,,,,,
Putrajaya,Putrajaya,2016,,575.0,263.0,,,,,,,,,,,,100.0,100.0,100.0
Putrajaya,Putrajaya,2017,,19.0,236.0,14.0,11.0,0.0,,15097.0,7787.0,,,,,,,,
Putrajaya,Putrajaya,2018,,16.0,195.0,14.0,11.0,0.0,175.0,16990.0,7828.0,,,,,,,,
Putrajaya,Putrajaya,2019,,23.0,223.0,14.0,11.0,0.0,258.0,18586.0,8465.0,12840.0,9983.0,0.4,12.1,0.361,100.0,100.0,100.0
Putrajaya,Putrajaya,2020,109.2,11.0,120.0,16.0,11.0,0.0,161.0,20123.0,9209.0,,,,,,,,
Putrajaya,Putrajaya,2021,115.2,8.0,83.0,16.0,11.0,0.0,130.0,21590.0,10334.0,,,,,,,,
Putrajaya,Putrajaya,2022,117.0,15.0,69.0,16.0,11.0,0.0,139.0,22503.0,11436.0,13473.0,10056.0,0.1,11.4,0.368,100.0,100.0,100.0
Putrajaya,Putrajaya,2023,118.8,10.0,60.0,16.0,11.0,,145.0,23090.0,12758.0,,,,,,,,
Putrajaya,Putrajaya,2024,120.3,,,16.0,11.0,,125.0,23303.0,14389.0,,,,,,100.0,100.0,100.0
Putrajaya,Putrajaya,2025,120.8,,,16.0,11.0,,310.0,23354.0,15906.0,,,,,,,,
Sabah,Beaufort,2016,,16.0,119.0,,,,,,,,,,,,80.53490945674044,99.238430583501,99.7715291750503
Sabah,Beaufort,2017,,22.0,136.0,80.0,16.0,0.0,,9715.0,8298.0,,,,,,,,
Sabah,Beaufort,2018,,12.0,176.0,82.0,16.0,0.0,1026.0,10238.0,6959.0,,,,,,,,
Sabah,Beaufort,2019,,19.0,137.0,82.0,16.0,0.0,990.0,10600.0,6909.0,4721.27967806841,3570.4406438631786,23.074346076458752,19.314587525150905,0.3655764587525151,88.83239436619718,99.5046277665996,99.6953722334004
Sabah,Beaufort,2020,99.4,6.0,74.0,82.0,16.0,0.0,532.0,10721.0,6960.0,,,,,,,,
Sabah,Beaufort,2021,100.1,16.0,42.0,82.0,16.0,0.0,569.0,10855.0,7338.0,,,,,,,,
Sabah,Beaufort,2022,99.8,9.0,43.0,82.0,16.0,0.0,522.0,10530.0,7676.0,4761.652304609218,3891.900801603206,19.277555110220444,15.414829659318638,0.3346753507014028,91.53356713426854,100.0,99.77124248496995
Sabah,Beaufort,2023,101.2,8.0,52.0,82.0,16.0,,650.0,10217.0,7824.0,,,,,,,,
Sabah,Beaufort,2024,102.19999999999999,,,82.0,16.0,,568.0,10129.0,8183.0,4931.666666666667,3946.6666666666665,20.7,25.7,0.36833333333333335,95.55052837573386,100.00000000000001,100.00000000000001
Sabah,Beaufort,2025,102.30000000000001,,,82.0,16.0,,1010.0,9844.0,8427.0,,,,,,,,
Sabah,Beluran,2016,,16.0,42.0,,,,,,,,,,,,49.88714524207011,90.37320534223707,91.97721202003338
Sabah,Beluran,2017,,21.0,56.0,77.0,11.0,0.0,,11675.0,7713.0,,,,,,,,
Sabah,Beluran,2018,,14.0,61.0,78.0,11.0,0.0,535.0,12019.0,7223.0,,,,,,,,
Sabah,Beluran,2019,,20.0,47.0,78.0,11.0,0.0,579.0,12331.0,7133.0,3918.9456375838927,2644.122147651007,47.481610738255036,38.25906040268456,0.4077536912751678,52.47711409395973,82.57456375838926,95.19577181208054
Sabah,Beluran,2020,149.0,16.0,34.0,78.0,11.0,0.0,281.0,12400.0,7327.0,,,,,,,,
Sabah,Beluran,2021,152.3,13.0,40.0,78.0,11.0,0.0,301.0,12463.0,7783.0,,,,,,,,
Sabah,Beluran,2022,147.4,24.0,43.0,78.0,11.0,0.0,330.0,12413.0,8028.0,4425.354138398916,3213.4341926729994,38.13697421981005,25.122795115332433,0.368819538670285,63.89525101763908,97.53080054274086,90.20474898236094
Sabah,Beluran,2023,158.20000000000002,19.0,65.0,78.0,11.0,,322.0,12397.0,8155.0,,,,,,,,
Sabah,Beluran,2024,166.1,,,78.0,11.0,,361.0,12204.0,8436.0,4727.112582781458,4184.827212522578,33.23148705599037,19.071884406983745,0.3132811559301626,72.65689945815774,100.0,90.76158940397352
Sabah,Beluran,2025,164.9,,,78.0,11.0,,765.0,11899.0,8530.0,,,,,,,,
Sabah,Keningau,2016,,58.0,169.0,,,,,,,,,,,,71.18951612903226,99.35574003795067,99.35574003795067
Sabah,Keningau,2017,,39.0,161.0,128.0,19.0,0.0,,24251.0,20620.0,,,,,,,,
Sabah,Keningau,2018,,38.0,148.0,128.0,20.0,0.0,1835.0,24119.0,18462.0,,,,,,,,
Sabah,Keningau,2019,,43.0,143.0,128.0,20.0,0.0,2051.0,24522.0,18007.0,5217.689753320683,3954.671726755218,19.523671726755218,12.370872865275143,0.3609516129032258,71.1970588235294,97.9664136622391,100.0
Sabah,Keningau,2020,210.8,21.0,118.0,128.0,20.0,0.0,1171.0,24936.0,17982.0,,,,,,,,
Sabah,Keningau,2021,211.6,15.0,90.0,128.0,19.0,0.0,1068.0,25158.0,18851.0,,,,,,,,
Sabah,Keningau,2022,214.5,22.0,75.0,128.0,19.0,0.0,983.0,25201.0,19487.0,5718.3090909090915,4381.743123543124,18.463310023310026,10.792494172494175,0.34988764568764574,81.06554778554778,99.73063403263403,99.28540792540792
Sabah,Keningau,2023,218.89999999999998,35.0,110.0,128.0,19.0,,1290.0,24952.0,19484.0,,,,,,,,
Sabah,Keningau,2024,222.10000000000002,,,128.0,19.0,,1168.0,24667.0,19955.0,5809.239531742458,4747.92886087348,13.872624943719044,12.470013507429085,0.31759207564160286,80.99728950923007,99.54972084646553,99.5162539396668
Sabah,Keningau,2025,222.60000000000002,,,128.0,19.0,,2293.0,24351.0,20180.0,,,,,,,,
Sabah,Kinabatangan,2016,,18.0,39.0,,,,,,,,,,,,63.9,96.7,99.5
Sabah,Kinabatangan,2017,,14.0,47.0,31.0,4.0,0.0,,5220.0,3191.0,,,,,,,,
Sabah,Kinabatangan,2018,,16.0,64.0,31.0,4.0,0.0,213.0,5391.0,2999.0,,,,,,,,
Sabah,Kinabatangan,2019,,12.0,65.0,31.0,4.0,0.0,198.0,5515.0,3000.0,5128.0,4102.0,32.1,19.1,0.378,76.6,91.6,100.0
Sabah,Kinabatangan,2020,143.1,15.0,46.0,31.0,4.0,0.0,92.0,5664.0,3042.0,,,,,,,,
Sabah,Kinabatangan,2021,135.4,9.0,60.0,31.0,4.0,0.0,100.0,5606.0,3253.0,,,,,,,,
Sabah,Kinabatangan,2022,138.1,18.0,52.0,31.0,4.0,0.0,101.0,5604.0,3312.0,5543.0,4162.0,28.9,18.2,0.392,78.7,100.0,91.1
Sabah,Kinabatangan,2023,149.1,14.0,74.0,31.0,4.0,,122.0,5498.0,3368.0,,,,,,,,
Sabah,Kinabatangan,2024,164.3,,,31.0,4.0,,106.0,5464.0,3582.0,5632.0,4897.0,26.7,10.4,0.308,75.33,100.0,100.0
Sabah,Kinabatangan,2025,164.8,,,31.0,4.0,,237.0,5422.0,3633.0,,,,,,,,
Sabah,Kota Belud,2016,,22.0,132.0,,,,,,,,,,,,56.9,94.3,100.0
Sabah,Kota Belud,2017,,33.0,184.0,57.0,9.0,0.0,,11099.0,9087.0,,,,,,,,
Sabah,Kota Belud,2018,,20.0,161.0,57.0,9.0,0.0,768.0,11265.0,8293.0,,,,,,,,
Sabah,Kota Belud,2019,,22.0,121.0,57.0,9.0,0.0,821.0,11398.0,8128.0,4382.0,3025.0,34.0,31.1,0.412,71.4,98.7,99.7
Sabah,Kota Belud,2020,107.2,19.0,70.0,57.0,9.0,0.0,381.0,11463.0,8103.0,,,,,,,,
Sabah,Kota Belud,2021,108.5,9.0,95.0,57.0,9.0,0.0,367.0,11462.0,8421.0,,,,,,,,
Sabah,Kota Belud,2022,108.3,9.0,33.0,57.0,9.0,0.0,323.0,11419.0,8775.0,4949.0,3429.0,27.8,29.8,0.425,72.7,100.0,100.0
Sabah,Kota Belud,2023,109.6,15.0,20.0,57.0,9.0,,317.0,11207.0,8930.0,,,,,,,,
Sabah,Kota Belud,2024,110.8,,,57.0,9.0,,380.0,11185.0,9035.0,5007.0,3512.0,26.1,17.0,0.361,80.33,99.45,100.0
Sabah,Kota Belud,2025,111.5,,,57.0,9.0,,814.0,11011.0,9178.0,,,,,,,,
Sabah,Kota Kinabalu,2016,,107.0,1245.0,,,,,,,,,,,,93.1,98.2,100.0
Sabah,Kota Kinabalu,2017,,151.0,1387.0,58.0,24.0,1.0,,37667.0,27342.0,,,,,,,,
Sabah,Kota Kinabalu,2018,,98.0,1333.0,58.0,24.0,1.0,1987.0,38811.0,24956.0,,,,,,,,
Sabah,Kota Kinabalu,2019,,112.0,1122.0,58.0,24.0,1.0,2081.0,40052.0,24903.0,7665.0,6004.0,7.5,5.1,0.382,93.5,99.1,99.9
Sabah,Kota Kinabalu,2020,500.4,111.0,893.0,58.0,24.0,1.0,1176.0,41092.0,25170.0,,,,,,,,
Sabah,Kota Kinabalu,2021,496.4,88.0,861.0,58.0,24.0,1.0,1208.0,41332.0,25850.0,,,,,,,,
Sabah,Kota Kinabalu,2022,500.8,125.0,1165.0,58.0,24.0,1.0,1137.0,41468.0,26444.0,8388.0,5957.0,10.3,8.0,0.431,93.9,99.62,99.8
Sabah,Kota Kinabalu,2023,525.7,81.0,915.0,58.0,24.0,,1204.0,41760.0,26815.0,,,,,,,,
Sabah,Kota Kinabalu,2024,546.6,,,58.0,24.0,,1174.0,41412.0,27813.0,8715.0,5896.0,12.0,7.7,0.426,96.19,99.01,100.0
Sabah,Kota Kinabalu,2025,552.4,,,58.0,24.0,,2140.0,40739.0,28574.0,,,,,,,,
Sabah,Kota Marudu,2016,,18.0,51.0,,,,,,,,,,,,61.397175141242926,90.959604519774,98.53455743879472
Sabah,Kota Marudu,2017,,16.0,86.0,64.0,12.0,0.0,,14648.0,11724.0,,,,,,,,
Sabah,Kota Marudu,2018,,11.0,107.0,64.0,13.0,0.0,1080.0,14885.0,10478.0,,,,,,,,
Sabah,Kota Marudu,2019,,15.0,97.0,64.0,13.0,0.0,1232.0,15205.0,10077.0,3635.189265536723,2277.785310734463,48.69180790960453,47.241713747645946,0.4396760828625236,72.83691148775895,78.7228813559322,99.05809792843691
Sabah,Kota Marudu,2020,106.2,16.0,52.0,64.0,13.0,0.0,633.0,15537.0,10081.0,,,,,,,,
Sabah,Kota Marudu,2021,107.4,5.0,54.0,64.0,13.0,0.0,588.0,15773.0,10810.0,,,,,,,,
Sabah,Kota Marudu,2022,108.39999999999999,15.0,66.0,64.0,13.0,0.0,564.0,15834.0,11280.0,3815.940036900369,2557.2546125461254,50.86346863468635,41.2559963099631,0.4076448339483395,79.87952029520295,99.4359225092251,99.11826568265681
Sabah,Kota Marudu,2023,110.4,13.0,67.0,64.0,13.0,,572.0,15508.0,11409.0,,,,,,,,
Sabah,Kota Marudu,2024,112.30000000000001,,,64.0,13.0,,644.0,15340.0,11494.0,4491.14069456812,2845.3775601068564,43.43722172751558,40.79358860195903,0.41756277827248434,69.97257346393587,98.89687444345503,95.51786286731966
Sabah,Kota Marudu,2025,113.8,,,64.0,13.0,,1324.0,15064.0,11860.0,,,,,,,,
Sabah,Kudat,2016,,8.0,51.0,,,,,,,,,,,,79.0,85.2,98.1
Sabah,Kudat,2017,,14.0,42.0,58.0,12.0,0.0,,10330.0,8709.0,,,,,,,,
Sabah,Kudat,2018,,12.0,42.0,58.0,12.0,0.0,1040.0,10446.0,7684.0,,,,,,,,
Sabah,Kudat,2019,,6.0,42.0,58.0,12.0,0.0,1127.0,10608.0,7468.0,3966.0,2592.0,41.5,36.5,0.427,85.6,79.2,98.8
Sabah,Kudat,2020,86.4,7.0,27.0,58.0,12.0,0.0,768.0,10904.0,7396.0,,,,,,,,
Sabah,Kudat,2021,85.9,9.0,16.0,58.0,12.0,0.0,666.0,11070.0,7846.0,,,,,,,,
Sabah,Kudat,2022,87.3,12.0,26.0,58.0,12.0,0.0,615.0,11082.0,8117.0,4049.0,2994.0,34.7,32.5,0.369,91.0,100.0,96.4
Sabah,Kudat,2023,90.7,14.0,42.0,58.0,12.0,,704.0,10808.0,8183.0,,,,,,,,
Sabah,Kudat,2024,93.1,,,58.0,12.0,,660.0,10636.0,8576.0,4571.0,3249.0,35.3,32.3,0.385,95.31,99.41,100.0
Sabah,Kudat,2025,93.7,,,58.0,12.0,,874.0,10474.0,8715.0,,,,,,,,
Sabah,Kunak,2016,,12.0,74.0,,,,,,,,,,,,81.3,96.6,100.0
Sabah,Kunak,2017,,8.0,87.0,15.0,3.0,0.0,,4740.0,3423.0,,,,,,,,
Sabah,Kunak,2018,,7.0,42.0,15.0,3.0,0.0,303.0,4902.0,3002.0,,,,,,,,
Sabah,Kunak,2019,,4.0,66.0,15.0,3.0,0.0,337.0,5022.0,3062.0,5194.0,3723.0,26.0,13.5,0.392,93.8,97.5,100.0
Sabah,Kunak,2020,68.9,6.0,39.0,15.0,3.0,0.0,170.0,5156.0,3113.0,,,,,,,,
Sabah,Kunak,2021,67.0,7.0,37.0,15.0,3.0,0.0,184.0,5131.0,3259.0,,,,,,,,
Sabah,Kunak,2022,67.8,8.0,29.0,15.0,3.0,0.0,149.0,5251.0,3321.0,5838.0,4480.0,25.4,13.9,0.352,95.5,95.9,97.0
Sabah,Kunak,2023,76.2,6.0,42.0,15.0,3.0,,185.0,5312.0,3409.0,,,,,,,,
Sabah,Kunak,2024,79.6,,,15.0,3.0,,158.0,5301.0,3486.0,6608.0,4539.0,29.2,26.1,0.484,89.08,96.86,100.0
Sabah,Kunak,2025,78.3,,,15.0,3.0,,395.0,5247.0,3701.0,,,,,,,,
Sabah,Lahad Datu,2016,,49.0,258.0,,,,,,,,,,,,79.6,92.1,100.0
Sabah,Lahad Datu,2017,,48.0,236.0,43.0,10.0,0.0,,16488.0,12309.0,,,,,,,,
Sabah,Lahad Datu,2018,,49.0,249.0,43.0,10.0,0.0,1095.0,16807.0,11253.0,,,,,,,,
Sabah,Lahad Datu,2019,,44.0,267.0,43.0,10.0,0.0,1028.0,17451.0,11232.0,5681.0,4186.0,19.3,9.0,0.369,75.4,92.1,99.9
Sabah,Lahad Datu,2020,229.1,22.0,179.0,43.0,10.0,0.0,590.0,17827.0,11298.0,,,,,,,,
Sabah,Lahad Datu,2021,233.2,24.0,138.0,43.0,10.0,0.0,617.0,17863.0,11823.0,,,,,,,,
Sabah,Lahad Datu,2022,226.9,27.0,121.0,43.0,10.0,0.0,558.0,18112.0,12180.0,5995.0,4457.0,23.5,14.6,0.388,90.5,93.78,99.5
Sabah,Lahad Datu,2023,242.1,43.0,162.0,43.0,10.0,,767.0,18246.0,12293.0,,,,,,,,
Sabah,Lahad Datu,2024,253.8,,,43.0,10.0,,745.0,18265.0,12787.0,6557.0,5526.0,13.6,3.4,0.286,89.66,99.06,99.75
Sabah,Lahad Datu,2025,252.9,,,43.0,10.0,,1182.0,17868.0,13107.0,,,,,,,,
Sabah,Papar,2016,,20.0,112.0,,,,,,,,,,,,92.7,98.6,100.0
Sabah,Papar,2017,,25.0,262.0,51.0,11.0,0.0,,12222.0,10049.0,,,,,,,,
Sabah,Papar,2018,,42.0,294.0,49.0,11.0,0.0,695.0,12161.0,9236.0,,,,,,,,
Sabah,Papar,2019,,41.0,301.0,49.0,11.0,0.0,777.0,12519.0,9350.0,5733.0,4571.0,12.7,10.8,0.355,97.3,99.9,100.0
Sabah,Papar,2020,150.7,41.0,114.0,49.0,11.0,0.0,362.0,12751.0,9394.0,,,,,,,,
Sabah,Papar,2021,151.3,25.0,78.0,49.0,11.0,0.0,381.0,13060.0,9690.0,,,,,,,,
Sabah,Papar,2022,152.6,13.0,90.0,49.0,11.0,0.0,473.0,12946.0,10126.0,5980.0,4871.0,16.2,10.5,0.341,95.6,100.0,99.8
Sabah,Papar,2023,154.8,27.0,124.0,49.0,11.0,,429.0,13229.0,10334.0,,,,,,,,
Sabah,Papar,2024,156.4,,,49.0,11.0,,442.0,13388.0,10551.0,6038.0,5177.0,12.0,9.0,0.313,97.7,100.0,100.0
Sabah,Papar,2025,156.3,,,49.0,11.0,,949.0,13479.0,10874.0,,,,,,,,
Sabah,Penampang,2016,,48.0,383.0,,,,,,,,,,,,96.3808658008658,99.61281385281384,100.0
Sabah,Penampang,2017,,75.0,538.0,28.0,6.0,0.0,,12966.0,8886.0,,,,,,,,
Sabah,Penampang,2018,,78.0,526.0,28.0,6.0,0.0,570.0,13355.0,8348.0,,,,,,,,
Sabah,Penampang,2019,,67.0,496.0,28.0,6.0,0.0,615.0,13881.0,8494.0,6540.5142857142855,5381.609523809524,6.335930735930735,5.4296103896103896,0.3317220779220779,97.3765367965368,100.0,100.0
Sabah,Penampang,2020,231.0,28.0,261.0,28.0,6.0,0.0,276.0,14381.0,8614.0,,,,,,,,
Sabah,Penampang,2021,234.7,28.0,213.0,28.0,6.0,0.0,294.0,14597.0,8937.0,,,,,,,,
Sabah,Penampang,2022,232.39999999999998,35.0,231.0,28.0,6.0,0.0,293.0,14520.0,9259.0,7377.552495697075,6096.466437177281,8.546127366609296,6.284853700516352,0.3362530120481928,96.94044750430294,100.00000000000001,99.50843373493976
Sabah,Penampang,2023,236.10000000000002,44.0,216.0,28.0,7.0,,282.0,14661.0,9638.0,,,,,,,,
Sabah,Penampang,2024,238.6,,,28.0,7.0,,322.0,14674.0,9993.0,7498.520536462699,6230.750209555742,6.057082984073764,5.156077116512993,0.33044341994970655,96.75425817267393,100.0,100.0
Sabah,Penampang,2025,237.8,,,28.0,7.0,,648.0,14589.0,10377.0,,,,,,,,
Sabah,Ranau,2016,,20.0,77.0,,,,,,,,,,,,37.8,99.2,99.1
Sabah,Ranau,2017,,16.0,57.0,71.0,11.0,0.0,,10844.0,8485.0,,,,,,,,
Sabah,Ranau,2018,,10.0,56.0,71.0,11.0,0.0,829.0,11108.0,7644.0,,,,,,,,
Sabah,Ranau,2019,,18.0,79.0,71.0,11.0,0.0,802.0,11312.0,7608.0,4756.0,3571.0,26.8,21.3,0.397,35.3,94.8,100.0
Sabah,Ranau,2020,85.1,11.0,46.0,71.0,11.0,0.0,346.0,11639.0,7673.0,,,,,,,,
Sabah,Ranau,2021,86.4,10.0,49.0,71.0,11.0,0.0,442.0,11693.0,8164.0,,,,,,,,
Sabah,Ranau,2022,86.3,8.0,66.0,71.0,11.0,0.0,333.0,11596.0,8555.0,5270.0,4058.0,25.4,21.1,0.375,47.4,99.04,94.7
Sabah,Ranau,2023,87.5,9.0,70.0,71.0,11.0,,442.0,11486.0,8653.0,,,,,,,,
Sabah,Ranau,2024,88.6,,,71.0,11.0,,466.0,11221.0,8773.0,5330.0,3470.0,23.5,27.9,0.441,46.48,100.0,95.86
Sabah,Ranau,2025,89.1,,,71.0,11.0,,962.0,11052.0,8852.0,,,,,,,,
Sabah,Sandakan,2016,,46.0,430.0,,,,,,,,,,,,94.5,93.8,100.0
Sabah,Sandakan,2017,,86.0,547.0,66.0,21.0,0.0,,27327.0,20841.0,,,,,,,,
Sabah,Sandakan,2018,,49.0,587.0,65.0,21.0,0.0,1803.0,27246.0,18948.0,,,,,,,,
Sabah,Sandakan,2019,,74.0,533.0,65.0,21.0,0.0,1950.0,27572.0,18897.0,6020.0,4680.0,18.2,11.5,0.386,96.0,95.0,99.9
Sabah,Sandakan,2020,439.1,49.0,481.0,65.0,21.0,0.0,996.0,27612.0,18992.0,,,,,,,,
Sabah,Sandakan,2021,432.1,51.0,436.0,65.0,21.0,0.0,1051.0,27473.0,19686.0,,,,,,,,
Sabah,Sandakan,2022,435.3,47.0,521.0,65.0,21.0,0.0,962.0,27395.0,20024.0,6030.0,4828.0,17.7,10.0,0.347,97.0,99.93,99.5
Sabah,Sandakan,2023,470.4,47.0,494.0,65.0,22.0,,1063.0,27514.0,19912.0,,,,,,,,
Sabah,Sandakan,2024,499.4,,,65.0,22.0,,1003.0,27174.0,20079.0,6648.0,5314.0,15.2,12.0,0.355,96.74,100.0,100.0
Sabah,Sandakan,2025,504.5,,,65.0,22.0,,2041.0,26529.0,20669.0,,,,,,,,
Sabah,Semporna,2016,,27.0,208.0,,,,,,,,,,,,73.8,88.4,99.7
Sabah,Semporna,2017,,38.0,321.0,41.0,9.0,0.0,,14998.0,11012.0,,,,,,,,
Sabah,Semporna,2018,,31.0,378.0,41.0,9.0,0.0,847.0,14903.0,10221.0,,,,,,,,
Sabah,Semporna,2019,,39.0,312.0,41.0,9.0,0.0,973.0,15170.0,10206.0,5933.0,3542.0,31.5,18.0,0.474,90.3,87.2,99.7
Sabah,Semporna,2020,166.6,28.0,214.0,41.0,9.0,0.0,448.0,15336.0,10178.0,,,,,,,,
Sabah,Semporna,2021,160.4,34.0,235.0,41.0,9.0,0.0,559.0,15647.0,10656.0,,,,,,,,
Sabah,Semporna,2022,165.4,36.0,133.0,41.0,9.0,0.0,490.0,15560.0,10749.0,5098.0,4093.0,28.0,16.9,0.341,71.8,84.15,100.0
Sabah,Semporna,2023,186.0,36.0,184.0,41.0,9.0,,488.0,15412.0,10518.0,,,,,,,,
Sabah,Semporna,2024,199.4,,,41.0,9.0,,437.0,15252.0,10561.0,5604.0,4059.0,30.4,24.0,0.411,70.19,91.29,98.91
Sabah,Semporna,2025,201.4,,,41.0,9.0,,1097.0,14873.0,10485.0,,,,,,,,
Sabah,Sipitang,2016,,16.0,102.0,,,,,,,,,,,,94.9,98.3,100.0
Sabah,Sipitang,2017,,6.0,96.0,25.0,4.0,0.0,,3581.0,2717.0,,,,,,,,
Sabah,Sipitang,2018,,8.0,91.0,25.0,4.0,0.0,192.0,3553.0,2454.0,,,,,,,,
Sabah,Sipitang,2019,,7.0,92.0,25.0,4.0,0.0,223.0,3569.0,2473.0,5271.0,3944.0,10.5,6.2,0.347,98.0,99.5,100.0
Sabah,Sipitang,2020,37.8,4.0,40.0,25.0,4.0,0.0,113.0,3585.0,2488.0,,,,,,,,
Sabah,Sipitang,2021,37.5,2.0,52.0,25.0,4.0,0.0,108.0,3574.0,2455.0,,,,,,,,
Sabah,Sipitang,2022,38.1,5.0,26.0,25.0,4.0,0.0,104.0,3619.0,2491.0,5479.0,4182.0,22.1,15.1,0.36,93.7,99.37,100.0
Sabah,Sipitang,2023,39.4,4.0,18.0,25.0,4.0,,96.0,3639.0,2430.0,,,,,,,,
Sabah,Sipitang,2024,40.5,,,25.0,4.0,,103.0,3706.0,2440.0,5548.0,4606.0,15.3,9.0,0.306,95.59,100.0,95.63
Sabah,Sipitang,2025,40.9,,,25.0,4.0,,223.0,3721.0,2513.0,,,,,,,,
Sabah,Tawau,2016,,85.0,896.0,,,,,,,,,,,,95.7,98.0,99.9
Sabah,Tawau,2017,,97.0,910.0,60.0,21.0,0.0,,26845.0,21051.0,,,,,,,,
Sabah,Tawau,2018,,29.0,871.0,60.0,22.0,0.0,1910.0,26631.0,18972.0,,,,,,,,
Sabah,Tawau,2019,,50.0,840.0,60.0,22.0,0.0,2011.0,27031.0,18831.0,6212.0,4427.0,14.2,9.0,0.387,97.8440114068441,99.1,99.9
Sabah,Tawau,2020,420.8,43.0,389.0,61.0,22.0,0.0,1186.0,27397.0,18914.0,,,,,,,,
Sabah,Tawau,2021,424.2,38.0,315.0,61.0,22.0,0.0,1114.0,27893.0,19434.0,,,,,,,,
Sabah,Tawau,2022,416.20000000000005,67.0,690.0,61.0,22.0,0.0,1135.0,28213.0,19447.0,6160.823642479576,4687.6054781355115,16.516146083613645,13.541278231619412,0.385760691975012,98.4,99.17412782316192,99.9
Sabah,Tawau,2023,447.5,75.0,720.0,61.0,22.0,,1277.0,28398.0,19530.0,,,,,,,,
Sabah,Tawau,2024,472.3,,,61.0,22.0,,1226.0,28289.0,20299.0,6555.001905568494,4659.606182511116,14.890281600677536,15.796421765826803,0.3962085538852425,97.34673300868093,98.88784247300445,100.0
Sabah,Tawau,2025,475.5,,,61.0,22.0,,2222.0,27663.0,20861.0,,,,,,,,
Sabah,Tenom,2016,,11.0,41.0,,,,,,,,,,,,58.7,99.5,100.0
Sabah,Tenom,2017,,11.0,35.0,46.0,6.0,0.0,,5948.0,4866.0,,,,,,,,
Sabah,Tenom,2018,,15.0,36.0,46.0,6.0,0.0,418.0,6010.0,4349.0,,,,,,,,
Sabah,Tenom,2019,,8.0,30.0,46.0,6.0,0.0,386.0,6130.0,4344.0,4734.0,3525.0,17.2,11.3,0.347,54.3,100.0,100.0
Sabah,Tenom,2020,51.3,4.0,19.0,46.0,6.0,0.0,160.0,6191.0,4380.0,,,,,,,,
Sabah,Tenom,2021,51.6,6.0,30.0,46.0,6.0,0.0,166.0,6222.0,4572.0,,,,,,,,
Sabah,Tenom,2022,52.0,5.0,35.0,46.0,6.0,0.0,162.0,6190.0,4727.0,5217.0,4045.0,15.8,12.4,0.336,50.9,100.0,100.0
Sabah,Tenom,2023,52.9,17.0,38.0,46.0,6.0,,165.0,6042.0,4839.0,,,,,,,,
Sabah,Tenom,2024,53.8,,,46.0,6.0,,157.0,5923.0,4864.0,5410.0,4161.0,12.1,17.7,0.336,63.12,100.0,100.0
Sabah,Tenom,2025,54.2,,,46.0,6.0,,462.0,5804.0,4865.0,,,,,,,,
Sabah,Tuaran,2016,,26.0,99.0,,,,,,,,,,,,80.6,98.0,99.6
Sabah,Tuaran,2017,,21.0,103.0,75.0,10.0,0.0,,13273.0,9945.0,,,,,,,,
Sabah,Tuaran,2018,,16.0,108.0,75.0,10.0,0.0,687.0,13733.0,9261.0,,,,,,,,
Sabah,Tuaran,2019,,18.0,84.0,75.0,10.0,0.0,740.0,14378.0,9287.0,5050.0,3736.0,16.7,16.5,0.383,78.3,98.6,100.0
Sabah,Tuaran,2020,135.7,14.0,57.0,75.0,10.0,0.0,325.0,14936.0,9495.0,,,,,,,,
Sabah,Tuaran,2021,136.5,8.0,49.0,75.0,10.0,0.0,386.0,15316.0,10107.0,,,,,,,,
Sabah,Tuaran,2022,137.1,7.0,53.0,75.0,10.0,0.0,309.0,15588.0,10782.0,5166.0,3921.0,25.8,19.2,0.366,76.5,100.0,100.0
Sabah,Tuaran,2023,140.0,8.0,61.0,75.0,10.0,,396.0,15857.0,11168.0,,,,,,,,
Sabah,Tuaran,2024,142.2,,,75.0,10.0,,401.0,16143.0,11564.0,5388.0,4277.0,23.7,13.9,0.342,88.4,99.67,100.0
Sabah,Tuaran,2025,142.8,,,75.0,10.0,,863.0,16319.0,12030.0,,,,,,,,
Sarawak,Bau,2016,,14.0,41.0,,,,,,,,,,,,83.5,100.0,100.0
Sarawak,Bau,2017,,9.0,39.0,40.0,3.0,0.0,,5422.0,5513.0,,,,,,,,
Sarawak,Bau,2018,,86.0,42.0,40.0,4.0,0.0,458.0,5382.0,4948.0,,,,,,,,
Sarawak,Bau,2019,,9.0,38.0,40.0,4.0,0.0,432.0,5394.0,4862.0,5183.0,4004.0,9.6,13.0,0.346,90.8,99.6,99.6
Sarawak,Bau,2020,52.6,8.0,27.0,40.0,4.0,0.0,172.0,5313.0,4868.0,,,,,,,,
Sarawak,Bau,2021,52.9,6.0,27.0,40.0,4.0,0.0,165.0,5210.0,4820.0,,,,,,,,
Sarawak,Bau,2022,53.1,13.0,45.0,40.0,4.0,0.0,184.0,5101.0,4750.0,5621.0,4735.0,8.3,18.7,0.36,92.1,100.0,100.0
Sarawak,Bau,2023,53.6,14.0,62.0,40.0,4.0,,205.0,5016.0,4654.0,,,,,,,,
Sarawak,Bau,2024,53.8,,,40.0,4.0,,187.0,4920.0,4552.0,5843.0,4885.0,6.2,17.8,0.327,94.52,100.0,100.0
Sarawak,Bau,2025,54.0,,,40.0,4.0,,466.0,4797.0,4561.0,,,,,,,,
Sarawak,Belaga,2016,,17.0,55.0,,,,,,,,,,,,62.5,99.1,98.2
Sarawak,Belaga,2017,,6.0,67.0,13.0,2.0,0.0,,2928.0,1963.0,,,,,,,,
Sarawak,Belaga,2018,,10.0,38.0,12.0,2.0,0.0,67.0,2026.0,1864.0,,,,,,,,
Sarawak,Belaga,2019,,6.0,26.0,12.0,2.0,0.0,69.0,1954.0,1855.0,4229.0,3442.0,6.9,21.4,0.334,53.7,100.0,99.1
Sarawak,Belaga,2020,22.5,6.0,18.0,12.0,2.0,0.0,41.0,1823.0,1851.0,,,,,,,,
Sarawak,Belaga,2021,22.8,7.0,19.0,12.0,2.0,0.0,55.0,1846.0,1887.0,,,,,,,,
Sarawak,Belaga,2022,22.6,3.0,15.0,12.0,2.0,0.0,38.0,1776.0,2017.0,4239.0,3587.0,19.5,28.1,0.33,48.5,100.0,91.8
Sarawak,Belaga,2023,22.7,2.0,32.0,12.0,2.0,,42.0,2429.0,1931.0,,,,,,,,
Sarawak,Belaga,2024,22.6,,,12.0,2.0,,29.0,2340.0,1903.0,4903.0,3977.0,13.6,27.3,0.313,81.82,100.0,90.91
Sarawak,Belaga,2025,22.6,,,12.0,2.0,,88.0,2262.0,1776.0,,,,,,,,
Sarawak,Betong,2016,,7.0,69.0,,,,,,,,,,,,86.1,99.6,99.6
Sarawak,Betong,2017,,18.0,45.0,47.0,8.0,0.0,,7076.0,6714.0,,,,,,,,
Sarawak,Betong,2018,,6.0,62.0,46.0,8.0,0.0,835.0,7112.0,5775.0,,,,,,,,
Sarawak,Betong,2019,,11.0,56.0,46.0,8.0,0.0,760.0,7065.0,5615.0,3962.0,2782.0,22.4,31.3,0.374,83.4,100.0,99.6
Sarawak,Betong,2020,36.3,11.0,61.0,46.0,8.0,0.0,506.0,6999.0,5612.0,,,,,,,,
Sarawak,Betong,2021,36.3,11.0,73.0,46.0,8.0,0.0,473.0,6965.0,5768.0,,,,,,,,
Sarawak,Betong,2022,36.5,6.0,76.0,46.0,8.0,0.0,513.0,6936.0,5845.0,4422.0,3685.0,9.8,21.3,0.305,95.8,100.0,100.0
Sarawak,Betong,2023,36.8,13.0,64.0,46.0,8.0,,559.0,6930.0,5704.0,,,,,,,,
Sarawak,Betong,2024,37.0,,,46.0,8.0,,566.0,6676.0,5812.0,4572.0,4074.0,7.6,23.9,0.269,95.7,100.0,100.0
Sarawak,Betong,2025,37.2,,,46.0,8.0,,741.0,6412.0,5784.0,,,,,,,,
Sarawak,Bintulu,2016,,72.0,610.0,,,,,,,,,,,,86.1,100.0,99.7
Sarawak,Bintulu,2017,,63.0,522.0,25.0,7.0,0.0,,17402.0,14475.0,,,,,,,,
Sarawak,Bintulu,2018,,34.0,429.0,30.0,7.0,0.0,1139.0,17749.0,13216.0,,,,,,,,
Sarawak,Bintulu,2019,,53.0,416.0,30.0,7.0,0.0,1120.0,17877.0,13150.0,8324.0,7380.0,2.1,2.6,0.322,97.5,99.9,99.9
Sarawak,Bintulu,2020,178.6,33.0,316.0,30.0,7.0,0.0,668.0,17994.0,13295.0,,,,,,,,
Sarawak,Bintulu,2021,177.0,31.0,282.0,30.0,7.0,0.0,598.0,17890.0,13580.0,,,,,,,,
Sarawak,Bintulu,2022,179.7,50.0,354.0,30.0,7.0,0.0,673.0,17859.0,13788.0,9645.0,8567.0,3.5,1.9,0.318,96.8,100.0,98.1
Sarawak,Bintulu,2023,185.2,37.0,337.0,31.0,7.0,,815.0,17552.0,13648.0,,,,,,,,
Sarawak,Bintulu,2024,189.0,,,31.0,7.0,,698.0,17599.0,13798.0,10480.0,8317.0,3.7,3.2,0.369,95.1,100.0,99.5
Sarawak,Bintulu,2025,190.1,,,31.0,7.0,,1074.0,17409.0,13944.0,,,,,,,,
Sarawak,Dalat,2016,,3.0,31.0,,,,,,,,,,,,77.7,95.2,100.0
Sarawak,Dalat,2017,,7.0,26.0,41.0,4.0,0.0,,2691.0,2584.0,,,,,,,,
Sarawak,Dalat,2018,,10.0,16.0,25.0,4.0,0.0,205.0,2616.0,2374.0,,,,,,,,
Sarawak,Dalat,2019,,5.0,14.0,25.0,4.0,0.0,246.0,2615.0,2321.0,4790.0,3486.0,11.9,20.5,0.389,73.0,96.0,100.0
Sarawak,Dalat,2020,21.1,3.0,11.0,25.0,4.0,0.0,123.0,2581.0,2358.0,,,,,,,,
Sarawak,Dalat,2021,21.1,4.0,5.0,25.0,4.0,0.0,120.0,2502.0,2414.0,,,,,,,,
Sarawak,Dalat,2022,21.2,1.0,7.0,25.0,4.0,0.0,103.0,2444.0,2436.0,4841.0,4057.0,11.1,19.0,0.315,89.7,100.0,97.2
Sarawak,Dalat,2023,21.6,3.0,8.0,25.0,4.0,,116.0,2349.0,2398.0,,,,,,,,
Sarawak,Dalat,2024,21.7,,,25.0,4.0,,112.0,2277.0,2355.0,5416.0,4614.0,10.1,31.9,0.355,98.55,100.0,98.55
Sarawak,Dalat,2025,21.8,,,25.0,4.0,,170.0,2182.0,2338.0,,,,,,,,
Sarawak,Julau,2016,,3.0,10.0,,,,,,,,,,,,44.273701298701305,98.45357142857142,100.0
Sarawak,Julau,2017,,5.0,6.0,34.0,3.0,0.0,,3235.0,2214.0,,,,,,,,
Sarawak,Julau,2018,,3.0,5.0,34.0,3.0,0.0,0.0,3172.0,2217.0,,,,,,,,
Sarawak,Julau,2019,,2.0,5.0,34.0,3.0,0.0,0.0,3056.0,2189.0,3339.4253246753246,2562.983766233766,17.378246753246753,40.63344155844157,0.35470129870129874,59.70779220779221,99.54707792207793,100.0
Sarawak,Julau,2020,30.8,4.0,6.0,34.0,3.0,0.0,0.0,3014.0,2130.0,,,,,,,,
Sarawak,Julau,2021,30.8,3.0,1.0,34.0,3.0,0.0,0.0,2940.0,2191.0,,,,,,,,
Sarawak,Julau,2022,31.0,5.0,10.0,34.0,3.0,0.0,0.0,2809.0,2181.0,3743.251612903226,3101.8838709677416,24.356129032258064,38.04387096774194,0.3428,67.18064516129031,100.0,94.85806451612903
Sarawak,Julau,2023,31.1,4.0,15.0,34.0,3.0,,0.0,2704.0,2063.0,,,,,,,,
Sarawak,Julau,2024,31.299999999999997,,,34.0,3.0,,0.0,2567.0,2041.0,4418.17571884984,3503.76357827476,20.530670926517573,34.438658146964855,0.33291373801916935,71.46731629392971,100.00000000000001,100.00000000000001
Sarawak,Julau,2025,31.4,,,34.0,3.0,,0.0,2425.0,1977.0,,,,,,,,
Sarawak,Kanowit,2016,,2.0,22.0,,,,,,,,,,,,84.3,100.0,100.0
Sarawak,Kanowit,2017,,5.0,23.0,35.0,3.0,0.0,,3129.0,2368.0,,,,,,,,
Sarawak,Kanowit,2018,,8.0,7.0,35.0,3.0,0.0,132.0,3076.0,2219.0,,,,,,,,
Sarawak,Kanowit,2019,,3.0,17.0,35.0,3.0,0.0,144.0,3053.0,2209.0,3480.0,2670.0,21.9,41.8,0.387,71.9,100.0,99.1
Sarawak,Kanowit,2020,24.7,6.0,13.0,35.0,3.0,0.0,75.0,2990.0,2231.0,,,,,,,,
Sarawak,Kanowit,2021,24.7,1.0,4.0,35.0,3.0,0.0,62.0,2935.0,2277.0,,,,,,,,
Sarawak,Kanowit,2022,24.6,4.0,4.0,35.0,3.0,0.0,62.0,2877.0,2226.0,3711.0,2648.0,24.9,45.7,0.386,77.8,100.0,93.7
Sarawak,Kanowit,2023,24.9,1.0,7.0,35.0,3.0,,85.0,2772.0,2108.0,,,,,,,,
Sarawak,Kanowit,2024,25.0,,,35.0,3.0,,57.0,2667.0,2057.0,4549.0,3511.0,21.8,33.3,0.343,100.0,100.0,100.0
Sarawak,Kanowit,2025,25.1,,,35.0,3.0,,118.0,2570.0,2049.0,,,,,,,,
Sarawak,Kapit,2016,,16.0,56.0,,,,,,,,,,,,40.3,100.0,99.2
Sarawak,Kapit,2017,,11.0,57.0,45.0,4.0,0.0,,6234.0,4661.0,,,,,,,,
Sarawak,Kapit,2018,,8.0,40.0,46.0,4.0,0.0,374.0,6927.0,4238.0,,,,,,,,
Sarawak,Kapit,2019,,7.0,40.0,46.0,4.0,0.0,389.0,6823.0,4208.0,4414.87012987013,3386.402597402597,9.297402597402597,18.95064935064935,0.33864935064935064,49.75194805194804,100.0,100.0
Sarawak,Kapit,2020,46.2,7.0,27.0,46.0,4.0,0.0,202.0,6632.0,4343.0,,,,,,,,
Sarawak,Kapit,2021,46.3,4.0,20.0,46.0,4.0,0.0,223.0,6484.0,4460.0,,,,,,,,
Sarawak,Kapit,2022,46.6,7.0,22.0,46.0,4.0,0.0,277.0,6234.0,4534.0,3931.5922746781116,2912.266094420601,17.832618025751074,38.19012875536481,0.3506008583690987,49.332618025751074,100.0,77.95364806866952
Sarawak,Kapit,2023,47.2,5.0,28.0,46.0,4.0,,216.0,5275.0,4420.0,,,,,,,,
Sarawak,Kapit,2024,47.5,,,46.0,4.0,,194.0,5036.0,4333.0,4204.825263157894,3109.4842105263156,13.44694736842105,40.216842105263154,0.34309894736842106,53.587789473684204,100.0,79.3629894736842
Sarawak,Kapit,2025,47.900000000000006,,,46.0,4.0,,438.0,4768.0,4303.0,,,,,,,,
Sarawak,Kuching,2016,,308.0,2193.0,,,,,,,,,,,,97.9,99.8,99.9
Sarawak,Kuching,2017,,258.0,2204.0,147.0,41.0,1.0,,56927.0,48973.0,,,,,,,,
Sarawak,Kuching,2018,,161.0,1881.0,147.0,41.0,1.0,3351.0,56634.0,44480.0,,,,,,,,
Sarawak,Kuching,2019,,299.0,1856.0,147.0,41.0,1.0,3163.0,56495.0,43488.0,7376.0,5740.0,5.6,7.4,0.374,98.2,99.9,100.0
Sarawak,Kuching,2020,609.2,265.0,1899.0,147.0,41.0,1.0,1696.0,55775.0,43123.0,,,,,,,,
Sarawak,Kuching,2021,612.5,219.0,1485.0,146.0,41.0,1.0,1725.0,55018.0,43500.0,,,,,,,,
Sarawak,Kuching,2022,615.8,240.0,1298.0,146.0,41.0,1.0,1661.0,54150.0,43533.0,7588.0,5968.0,9.1,10.1,0.376,99.5,100.0,100.0
Sarawak,Kuching,2023,621.3,199.0,1384.0,146.0,41.0,,1637.0,49540.0,38439.0,,,,,,,,
Sarawak,Kuching,2024,625.0,,,146.0,41.0,,1508.0,48475.0,38809.0,7302.5,5979.0,5.95,12.3,0.34199999999999997,99.4,100.0,
Sarawak,Kuching,2025,627.2,,,146.0,41.0,,2573.0,47120.0,38689.0,,,,,,,,
Sarawak,Lawas,2016,,8.0,46.0,,,,,,,,,,,,65.9,99.5,100.0
Sarawak,Lawas,2017,,4.0,37.0,31.0,4.0,0.0,,4220.0,2941.0,,,,,,,,
Sarawak,Lawas,2018,,26.0,41.0,31.0,4.0,0.0,132.0,4254.0,2706.0,,,,,,,,
Sarawak,Lawas,2019,,7.0,34.0,31.0,4.0,0.0,183.0,4299.0,2616.0,5288.0,4044.0,14.4,16.1,0.384,76.8,100.0,100.0
Sarawak,Lawas,2020,36.6,6.0,26.0,31.0,4.0,0.0,84.0,4267.0,2645.0,,,,,,,,
Sarawak,Lawas,2021,36.9,2.0,22.0,31.0,4.0,0.0,69.0,4112.0,2844.0,,,,,,,,
Sarawak,Lawas,2022,37.2,7.0,22.0,31.0,4.0,0.0,72.0,4079.0,2847.0,4476.0,3183.0,18.1,33.7,0.406,65.0,100.0,100.0
Sarawak,Lawas,2023,37.7,12.0,21.0,31.0,4.0,,108.0,3995.0,2809.0,,,,,,,,
Sarawak,Lawas,2024,38.1,,,31.0,4.0,,105.0,3897.0,2892.0,5050.0,3929.0,14.6,28.1,0.35,75.28,100.0,100.0
Sarawak,Lawas,2025,38.4,,,31.0,4.0,,158.0,3806.0,2922.0,,,,,,,,
Sarawak,Limbang,2016,,18.0,54.0,,,,,,,,,,,,81.9,98.8,98.3
Sarawak,Limbang,2017,,15.0,58.0,35.0,5.0,0.0,,5064.0,4458.0,,,,,,,,
Sarawak,Limbang,2018,,48.0,46.0,35.0,5.0,0.0,475.0,4977.0,3971.0,,,,,,,,
Sarawak,Limbang,2019,,9.0,30.0,35.0,5.0,0.0,414.0,4936.0,3953.0,5989.0,4628.0,11.0,16.2,0.382,88.4,98.6,98.4
Sarawak,Limbang,2020,45.1,7.0,27.0,35.0,5.0,0.0,163.0,4861.0,3915.0,,,,,,,,
Sarawak,Limbang,2021,45.3,5.0,25.0,35.0,5.0,0.0,210.0,4734.0,3963.0,,,,,,,,
Sarawak,Limbang,2022,45.6,3.0,23.0,35.0,5.0,0.0,175.0,4578.0,3940.0,5148.0,4023.0,14.6,20.5,0.351,87.6,100.0,98.4
Sarawak,Limbang,2023,46.1,7.0,15.0,35.0,5.0,,160.0,4393.0,3784.0,,,,,,,,
Sarawak,Limbang,2024,46.5,,,35.0,5.0,,204.0,4227.0,3694.0,5202.0,4060.0,14.4,31.1,0.385,90.58,100.0,100.0
Sarawak,Limbang,2025,46.7,,,35.0,5.0,,401.0,4086.0,3648.0,,,,,,,,
Sarawak,Lubok Antu,2016,,6.0,9.0,,,,,,,,,,,,82.8,100.0,96.5
Sarawak,Lubok Antu,2017,,2.0,30.0,28.0,2.0,0.0,,2627.0,1840.0,,,,,,,,
Sarawak,Lubok Antu,2018,,5.0,29.0,28.0,2.0,0.0,150.0,2645.0,1753.0,,,,,,,,
Sarawak,Lubok Antu,2019,,5.0,13.0,28.0,2.0,0.0,142.0,2540.0,1838.0,3905.0,2853.0,7.9,32.1,0.365,71.5,100.0,100.0
Sarawak,Lubok Antu,2020,24.6,10.0,17.0,28.0,2.0,0.0,64.0,2476.0,1803.0,,,,,,,,
Sarawak,Lubok Antu,2021,24.7,7.0,9.0,28.0,2.0,0.0,83.0,2388.0,1831.0,,,,,,,,
Sarawak,Lubok Antu,2022,24.6,7.0,12.0,28.0,2.0,0.0,82.0,2327.0,1814.0,4129.0,3548.0,14.8,32.7,0.352,90.1,100.0,95.1
Sarawak,Lubok Antu,2023,24.6,3.0,23.0,28.0,2.0,,74.0,2259.0,1726.0,,,,,,,,
Sarawak,Lubok Antu,2024,24.6,,,28.0,2.0,,71.0,2117.0,1680.0,4820.0,4169.0,13.0,23.2,0.311,88.41,100.0,100.0
Sarawak,Lubok Antu,2025,24.6,,,28.0,2.0,,144.0,2001.0,1686.0,,,,,,,,
Sarawak,Lundu,2016,,15.0,78.0,,,,,,,,,,,,45.2,100.0,100.0
Sarawak,Lundu,2017,,7.0,57.0,31.0,3.0,0.0,,3834.0,2875.0,,,,,,,,
Sarawak,Lundu,2018,,9.0,39.0,31.0,3.0,0.0,163.0,3884.0,2722.0,,,,,,,,
Sarawak,Lundu,2019,,9.0,29.0,31.0,3.0,0.0,150.0,3887.0,2660.0,4428.0,3409.0,10.2,25.0,0.359,51.0,100.0,100.0
Sarawak,Lundu,2020,33.5,9.0,40.0,31.0,3.0,0.0,68.0,3781.0,2734.0,,,,,,,,
Sarawak,Lundu,2021,33.7,12.0,52.0,31.0,3.0,0.0,81.0,3727.0,2767.0,,,,,,,,
Sarawak,Lundu,2022,33.8,5.0,47.0,31.0,3.0,0.0,80.0,3638.0,2847.0,4935.0,3692.0,13.1,23.2,0.352,63.6,100.0,100.0
Sarawak,Lundu,2023,34.2,8.0,55.0,31.0,3.0,,64.0,3632.0,2803.0,,,,,,,,
Sarawak,Lundu,2024,34.4,,,31.0,3.0,,74.0,3495.0,2812.0,5170.0,3918.0,12.9,26.9,0.345,63.44,100.0,100.0
Sarawak,Lundu,2025,34.8,,,31.0,3.0,,173.0,3415.0,2755.0,,,,,,,,
Sarawak,Maradong,2016,,7.0,28.0,,,,,,,,,,,,87.1,100.0,100.0
Sarawak,Maradong,2017,,7.0,30.0,32.0,4.0,0.0,,2760.0,3226.0,,,,,,,,
Sarawak,Maradong,2018,,30.0,37.0,33.0,4.0,0.0,529.0,2710.0,2768.0,,,,,,,,
Sarawak,Maradong,2019,,13.0,46.0,33.0,4.0,0.0,601.0,2718.0,2714.0,4091.0,3021.0,12.7,32.4,0.375,94.8,99.1,99.4
Sarawak,Maradong,2020,20.3,8.0,42.0,33.0,4.0,0.0,290.0,2649.0,2663.0,,,,,,,,
Sarawak,Maradong,2021,20.4,3.0,23.0,33.0,4.0,0.0,255.0,2603.0,2704.0,,,,,,,,
Sarawak,Maradong,2022,20.5,3.0,19.0,33.0,4.0,0.0,200.0,2547.0,2727.0,4117.0,3259.0,19.5,36.4,0.362,96.7,100.0,99.5
Sarawak,Maradong,2023,20.7,16.0,32.0,33.0,4.0,,247.0,2483.0,2631.0,,,,,,,,
Sarawak,Maradong,2024,20.8,,,33.0,4.0,,216.0,2343.0,2603.0,4208.0,3472.0,16.9,37.2,0.303,96.3,99.38,100.0
Sarawak,Maradong,2025,20.9,,,33.0,4.0,,465.0,2276.0,2587.0,,,,,,,,
Sarawak,Marudi,2016,,26.0,50.0,,,,,,,,,,,,31.8,99.4,98.3
Sarawak,Marudi,2017,,21.0,39.0,66.0,7.0,0.0,,5529.0,4215.0,,,,,,,,
Sarawak,Marudi,2018,,89.0,33.0,77.0,8.0,0.0,264.0,6376.0,4500.0,,,,,,,,
Sarawak,Marudi,2019,,19.0,58.0,77.0,8.0,0.0,246.0,6273.0,4404.0,4339.141756548535,3257.1864406779664,13.848382126348225,23.731895223420647,0.36158243451463784,57.18828967642527,99.85516178736518,99.85516178736518
Sarawak,Marudi,2020,64.9,10.0,60.0,77.0,8.0,0.0,118.0,6195.0,4348.0,,,,,,,,
Sarawak,Marudi,2021,65.9,13.0,50.0,77.0,8.0,0.0,130.0,5984.0,4488.0,,,,,,,,
Sarawak,Marudi,2022,64.2,14.0,52.0,77.0,8.0,0.0,131.0,5771.0,4527.0,4970.361370716512,4104.816199376948,11.37881619937695,19.831464174454833,0.32171651090342684,69.01619937694706,99.85943925233646,96.78940809968847
Sarawak,Marudi,2023,63.8,18.0,58.0,76.0,9.0,,128.0,4535.0,3616.0,,,,,,,,
Sarawak,Marudi,2024,62.599999999999994,,,76.0,9.0,,165.0,4252.0,3526.0,5038.156549520766,4378.782747603834,5.978594249201278,12.948242811501597,0.25636741214057507,80.55942492012778,100.0,96.77549520766773
Sarawak,Marudi,2025,62.699999999999996,,,76.0,9.0,,305.0,3972.0,3529.0,,,,,,,,
Sarawak,Matu/Daro,2016,,8.0,19.0,,,,,,,,,,,,70.85502793296091,92.56396648044694,100.00000000000001
Sarawak,Matu/Daro,2017,,3.0,22.0,25.0,4.0,0.0,,4972.0,2844.0,,,,,,,,
Sarawak,Matu/Daro,2018,,10.0,24.0,41.0,3.0,0.0,168.0,5027.0,2142.0,,,,,,,,
Sarawak,Matu/Daro,2019,,6.0,20.0,41.0,3.0,0.0,199.0,5016.0,2175.0,3798.0530726256984,2927.424581005587,21.049720670391064,30.125418994413412,0.34868435754189947,77.77709497206705,95.40223463687151,99.68128491620114
Sarawak,Matu/Daro,2020,35.8,1.0,25.0,41.0,3.0,0.0,96.0,4948.0,2185.0,,,,,,,,
Sarawak,Matu/Daro,2021,36.1,2.0,17.0,41.0,3.0,0.0,97.0,4857.0,2355.0,,,,,,,,
Sarawak,Matu/Daro,2022,36.0,4.0,17.0,41.0,3.0,0.0,94.0,4766.0,2455.0,4365.266666666666,3364.3444444444444,27.17,32.81444444444444,0.3798888888888889,85.14111111111112,100.0,95.81444444444443
Sarawak,Matu/Daro,2023,36.4,3.0,37.0,41.0,3.0,,91.0,4593.0,3088.0,,,,,,,,
Sarawak,Matu/Daro,2024,36.4,,,41.0,3.0,,94.0,4444.0,3120.0,4689.527472527472,3844.296703296703,18.825274725274728,27.519780219780223,0.3178901098901099,80.70384615384616,100.0,98.02197802197803
Sarawak,Matu/Daro,2025,36.900000000000006,,,41.0,3.0,,186.0,4344.0,3070.0,,,,,,,,
Sarawak,Miri,2016,,187.0,972.0,,,,,,,,,,,,94.8,99.9,99.8
Sarawak,Miri,2017,,163.0,815.0,88.0,21.0,0.0,,30150.0,24198.0,,,,,,,,
Sarawak,Miri,2018,,74.0,821.0,77.0,20.0,0.0,1441.0,29052.0,22152.0,,,,,,,,
Sarawak,Miri,2019,,168.0,802.0,77.0,20.0,0.0,1388.0,29164.0,22215.0,6915.56466361855,5495.961789679948,5.223971260613978,6.748530372305683,0.35187720444154147,96.64212932723711,99.91871325930765,99.75613977792294
Sarawak,Miri,2020,306.2,122.0,929.0,77.0,20.0,0.0,787.0,28859.0,22501.0,,,,,,,,
Sarawak,Miri,2021,309.1,88.0,481.0,78.0,20.0,0.0,760.0,28700.0,22912.0,,,,,,,,
Sarawak,Miri,2022,307.8,64.0,212.0,78.0,20.0,0.0,747.0,28264.0,23144.0,7648.448343079922,6218.223521767381,6.0057829759584145,7.471085120207927,0.341816114359974,92.78115659519167,99.92654970760233,96.98037686809616
Sarawak,Miri,2023,310.4,51.0,241.0,78.0,20.0,,789.0,28894.0,23408.0,,,,,,,,
Sarawak,Miri,2024,311.6,,,79.0,20.0,,758.0,28237.0,23477.0,7864.810975609756,6409.597240051348,3.5506418485237483,3.7137355584082163,0.3011222721437741,97.83082477535302,100.0,99.91781129653403
Sarawak,Miri,2025,313.3,,,79.0,20.0,,1318.0,27515.0,23676.0,,,,,,,,
Sarawak,Mukah,2016,,17.0,64.0,,,,,,,,,,,,69.01014492753622,99.06376811594204,98.58550724637682
Sarawak,Mukah,2017,,10.0,74.0,51.0,4.0,0.0,,6926.0,3716.0,,,,,,,,
Sarawak,Mukah,2018,,13.0,83.0,29.0,3.0,0.0,206.0,4720.0,2971.0,,,,,,,,
Sarawak,Mukah,2019,,7.0,90.0,29.0,3.0,0.0,240.0,4790.0,3048.0,4854.275362318841,3738.3768115942034,11.643478260869566,23.623188405797105,0.37273913043478263,69.91014492753624,100.00000000000001,99.3768115942029
Sarawak,Mukah,2020,62.099999999999994,7.0,54.0,29.0,3.0,0.0,113.0,4821.0,3124.0,,,,,,,,
Sarawak,Mukah,2021,62.599999999999994,14.0,41.0,29.0,3.0,0.0,140.0,4843.0,3316.0,,,,,,,,
Sarawak,Mukah,2022,62.4,6.0,32.0,29.0,3.0,0.0,98.0,4887.0,3333.0,5377.11858974359,4107.003205128205,15.785897435897436,26.693910256410255,0.3882323717948718,72.55448717948718,99.68669871794872,97.86330128205128
Sarawak,Mukah,2023,63.0,6.0,44.0,29.0,3.0,,116.0,7069.0,4060.0,,,,,,,,
Sarawak,Mukah,2024,63.0,,,29.0,3.0,,112.0,6882.0,4064.0,5824.706349206349,4843.928571428572,13.624603174603173,19.255555555555553,0.3240555555555556,74.99730158730159,99.6713492063492,98.68539682539684
Sarawak,Mukah,2025,63.400000000000006,,,29.0,3.0,,264.0,6702.0,4027.0,,,,,,,,
Sarawak,Samarahan,2016,,45.0,258.0,,,,,,,,,,,,97.78307597282274,100.00000000000001,100.00000000000001
Sarawak,Samarahan,2017,,45.0,285.0,50.0,9.0,0.0,,13232.0,12518.0,,,,,,,,
Sarawak,Samarahan,2018,,31.0,316.0,50.0,9.0,0.0,989.0,13512.0,11645.0,,,,,,,,
Sarawak,Samarahan,2019,,61.0,320.0,50.0,9.0,0.0,994.0,13822.0,11603.0,6275.764669549105,5285.824583075972,7.875293390982089,11.045027794935145,0.3362445954292773,95.35478690549722,100.00000000000001,99.71698579369982
Sarawak,Samarahan,2020,161.9,63.0,382.0,50.0,9.0,0.0,459.0,13857.0,11859.0,,,,,,,,
Sarawak,Samarahan,2021,166.5,38.0,297.0,51.0,9.0,0.0,485.0,13937.0,12409.0,,,,,,,,
Sarawak,Samarahan,2022,167.6,32.0,278.0,51.0,9.0,0.0,486.0,13913.0,12736.0,6600.920047732697,5541.19570405728,9.934606205250597,9.385680190930788,0.31932040572792364,100.0,100.0,100.0
Sarawak,Samarahan,2023,169.1,35.0,232.0,52.0,9.0,,527.0,13899.0,12633.0,,,,,,,,
Sarawak,Samarahan,2024,170.39999999999998,,,53.0,9.0,,550.0,13762.0,12638.0,7393.169014084508,6307.521126760565,7.872535211267607,11.080281690140847,0.3228169014084507,100.00000000000001,100.00000000000001,100.00000000000001
Sarawak,Samarahan,2025,171.6,,,53.0,9.0,,1090.0,13612.0,12776.0,,,,,,,,
Sarawak,Saratok,2016,,1.0,31.0,,,,,,,,,,,,68.9,99.6,99.6
Sarawak,Saratok,2017,,8.0,26.0,53.0,6.0,0.0,,5096.0,4486.0,,,,,,,,
Sarawak,Saratok,2018,,11.0,14.0,54.0,6.0,0.0,439.0,5259.0,3960.0,,,,,,,,
Sarawak,Saratok,2019,,8.0,25.0,54.0,6.0,0.0,433.0,5191.0,3973.0,3465.3453355155484,2860.3698854337154,17.443862520458264,34.77479541734861,0.30415711947626844,85.23747954173486,99.65973813420622,100.0
Sarawak,Saratok,2020,61.1,4.0,51.0,54.0,6.0,0.0,190.0,5164.0,3849.0,,,,,,,,
Sarawak,Saratok,2021,61.2,8.0,31.0,54.0,6.0,0.0,229.0,5099.0,3994.0,,,,,,,,
Sarawak,Saratok,2022,61.400000000000006,3.0,38.0,54.0,6.0,0.0,210.0,5049.0,4001.0,4040.127035830619,3478.3078175895766,10.907817589576547,21.87296416938111,0.27641530944625403,85.87214983713355,100.0,98.62035830618893
Sarawak,Saratok,2023,62.2,3.0,46.0,54.0,6.0,,211.0,4820.0,3909.0,,,,,,,,
Sarawak,Saratok,2024,62.7,,,54.0,6.0,,215.0,4634.0,3861.0,4389.489633173844,3368.9186602870814,7.941307814992024,36.420893141945776,0.32872089314194575,94.2285486443381,100.0,100.0
Sarawak,Saratok,2025,62.900000000000006,,,54.0,6.0,,444.0,4457.0,3874.0,,,,,,,,
Sarawak,Sarikei,2016,,26.0,180.0,,,,,,,,,,,,93.9,100.0,99.4
Sarawak,Sarikei,2017,,28.0,149.0,44.0,5.0,0.0,,5768.0,4839.0,,,,,,,,
Sarawak,Sarikei,2018,,9.0,149.0,44.0,6.0,0.0,387.0,5698.0,4913.0,,,,,,,,
Sarawak,Sarikei,2019,,18.0,142.0,44.0,6.0,0.0,381.0,5662.0,4961.0,4493.315992292871,3403.499036608863,8.232369942196533,25.339113680154142,0.3678901734104046,96.28188824662814,100.0,100.0
Sarawak,Sarikei,2020,51.9,11.0,142.0,44.0,6.0,0.0,171.0,5587.0,4941.0,,,,,,,,
Sarawak,Sarikei,2021,52.300000000000004,9.0,63.0,44.0,6.0,0.0,191.0,5486.0,5047.0,,,,,,,,
Sarawak,Sarikei,2022,52.3,5.0,70.0,44.0,6.0,0.0,175.0,5374.0,5171.0,5225.053537284894,3493.5602294455066,20.8697896749522,30.558891013384322,0.43162906309751436,96.05047801147228,100.0,100.0
Sarawak,Sarikei,2023,52.7,8.0,64.0,44.0,6.0,,179.0,5304.0,4442.0,,,,,,,,
Sarawak,Sarikei,2024,52.9,,,44.0,6.0,,201.0,5201.0,4366.0,5592.633270321361,4549.854442344045,17.441587901701322,22.79981096408318,0.347234404536862,95.5330056710775,100.0,100.0
Sarawak,Sarikei,2025,53.1,,,44.0,6.0,,399.0,5035.0,4350.0,,,,,,,,
Sarawak,Serian,2016,,19.0,111.0,,,,,,,,,,,,74.4,100.0,100.0
Sarawak,Serian,2017,,25.0,120.0,79.0,6.0,0.0,,9468.0,8181.0,,,,,,,,
Sarawak,Serian,2018,,18.0,103.0,80.0,6.0,0.0,554.0,9593.0,7490.0,,,,,,,,
Sarawak,Serian,2019,,21.0,101.0,80.0,6.0,0.0,549.0,9607.0,7276.0,4549.829864253394,3432.262443438914,21.771583710407242,24.629502262443438,0.3738597285067873,69.85683257918552,99.53683257918551,99.53683257918551
Sarawak,Serian,2020,110.5,7.0,88.0,80.0,6.0,0.0,256.0,9519.0,7252.0,,,,,,,,
Sarawak,Serian,2021,110.7,24.0,78.0,79.0,6.0,0.0,280.0,9411.0,7449.0,,,,,,,,
Sarawak,Serian,2022,111.3,32.0,103.0,79.0,6.0,0.0,271.0,9253.0,7462.0,4585.654986522912,3734.1662174303688,17.395956873315363,27.564510332434864,0.33749865229110515,76.63009883198563,100.0,97.27241689128482
Sarawak,Serian,2023,112.4,24.0,93.0,79.0,6.0,,466.0,12782.0,12171.0,,,,,,,,
Sarawak,Serian,2024,113.3,,,79.0,6.0,,465.0,12418.0,12190.0,4718.766990291263,3842.012356575463,14.975639894086497,30.19541041482789,0.3085339805825243,86.51684024713151,100.0,100.0
Sarawak,Serian,2025,114.0,,,79.0,6.0,,979.0,11968.0,12199.0,,,,,,,,
Sarawak,Sibu,2016,,104.0,706.0,,,,,,,,,,,,98.6,99.8,100.0
Sarawak,Sibu,2017,,122.0,634.0,93.0,23.0,0.0,,25157.0,21486.0,,,,,,,,
Sarawak,Sibu,2018,,71.0,626.0,114.0,24.0,0.0,1865.0,27405.0,20205.0,,,,,,,,
Sarawak,Sibu,2019,,124.0,783.0,114.0,24.0,0.0,1825.0,27518.0,20107.0,6140.0,4809.0,7.3,11.0,0.365,97.9,99.9,100.0
Sarawak,Sibu,2020,248.1,126.0,680.0,114.0,24.0,0.0,944.0,27282.0,20250.0,,,,,,,,
Sarawak,Sibu,2021,247.6,56.0,478.0,114.0,24.0,0.0,1016.0,27040.0,20634.0,,,,,,,,
Sarawak,Sibu,2022,249.0,48.0,390.0,114.0,24.0,0.0,847.0,26542.0,20761.0,6645.0,5248.0,10.2,14.8,0.374,98.1,99.92,93.7
Sarawak,Sibu,2023,252.9,58.0,460.0,114.0,24.0,,906.0,23992.0,19670.0,,,,,,,,
Sarawak,Sibu,2024,255.4,,,113.0,24.0,,898.0,23337.0,19810.0,6842.0,5737.0,6.3,10.1,0.32,99.21,100.0,100.0
Sarawak,Sibu,2025,256.4,,,113.0,24.0,,1502.0,22395.0,19813.0,,,,,,,,
Sarawak,Simunjan,2016,,7.0,46.0,,,,,,,,,,,,61.8,99.0,100.0
Sarawak,Simunjan,2017,,5.0,29.0,50.0,4.0,0.0,,4740.0,3028.0,,,,,,,,
Sarawak,Simunjan,2018,,9.0,30.0,49.0,4.0,0.0,131.0,4758.0,2897.0,,,,,,,,
Sarawak,Simunjan,2019,,7.0,49.0,49.0,4.0,0.0,112.0,4787.0,2806.0,3833.0,2823.0,21.1,35.6,0.377,57.0,100.0,99.5
Sarawak,Simunjan,2020,36.2,7.0,32.0,49.0,4.0,0.0,48.0,4765.0,2763.0,,,,,,,,
Sarawak,Simunjan,2021,36.4,4.0,28.0,49.0,4.0,0.0,61.0,4660.0,2866.0,,,,,,,,
Sarawak,Simunjan,2022,36.5,5.0,31.0,49.0,4.0,0.0,46.0,4543.0,2869.0,3917.0,3196.0,17.9,33.8,0.314,70.5,100.0,100.0
Sarawak,Simunjan,2023,36.9,8.0,38.0,49.0,4.0,,65.0,4305.0,2758.0,,,,,,,,
Sarawak,Simunjan,2024,37.0,,,49.0,4.0,,57.0,4148.0,2791.0,4629.5,3347.0,15.8,35.6,0.35150000000000003,87.5,100.0,100.0
Sarawak,Simunjan,2025,37.3,,,49.0,4.0,,114.0,4041.0,2764.0,,,,,,,,
Sarawak,Song,2016,,3.0,4.0,,,,,,,,,,,,39.5,100.0,98.2
Sarawak,Song,2017,,3.0,4.0,17.0,2.0,0.0,,1663.0,1293.0,,,,,,,,
Sarawak,Song,2018,,2.0,10.0,17.0,2.0,0.0,99.0,1604.0,1115.0,,,,,,,,
Sarawak,Song,2019,,3.0,4.0,17.0,3.0,0.0,98.0,1552.0,1109.0,3443.0,2662.0,6.0,40.0,0.353,22.4,100.0,100.0
Sarawak,Song,2020,10.0,3.0,7.0,17.0,3.0,0.0,49.0,1477.0,1128.0,,,,,,,,
Sarawak,Song,2021,10.0,3.0,4.0,17.0,3.0,0.0,43.0,1460.0,1163.0,,,,,,,,
Sarawak,Song,2022,10.0,4.0,8.0,17.0,3.0,0.0,57.0,1372.0,1232.0,3477.0,2926.0,15.8,41.2,0.322,29.8,100.0,78.1
Sarawak,Song,2023,10.2,6.0,3.0,17.0,3.0,,57.0,1327.0,1201.0,,,,,,,,
Sarawak,Song,2024,10.3,,,17.0,3.0,,66.0,1270.0,1195.0,4077.0,3052.0,11.3,40.8,0.344,47.89,100.0,81.69
Sarawak,Song,2025,10.4,,,17.0,3.0,,161.0,1197.0,1124.0,,,,,,,,
Sarawak,Sri Aman,2016,,9.0,109.0,,,,,,,,,,,,72.8,100.0,99.4
Sarawak,Sri Aman,2017,,21.0,95.0,36.0,4.0,0.0,,5220.0,4501.0,,,,,,,,
Sarawak,Sri Aman,2018,,26.0,73.0,37.0,5.0,0.0,314.0,5260.0,4019.0,,,,,,,,
Sarawak,Sri Aman,2019,,13.0,95.0,37.0,5.0,0.0,335.0,5255.0,3994.0,4621.0,3557.0,7.4,20.7,0.356,81.6,98.9,99.6
Sarawak,Sri Aman,2020,61.2,13.0,92.0,37.0,5.0,0.0,162.0,5177.0,3929.0,,,,,,,,
Sarawak,Sri Aman,2021,61.3,15.0,77.0,37.0,5.0,0.0,196.0,5066.0,3984.0,,,,,,,,
Sarawak,Sri Aman,2022,61.1,14.0,96.0,37.0,5.0,0.0,172.0,4906.0,3930.0,4881.0,3704.0,8.9,28.4,0.395,84.7,100.0,97.9
Sarawak,Sri Aman,2023,61.3,12.0,72.0,37.0,5.0,,191.0,4707.0,3869.0,,,,,,,,
Sarawak,Sri Aman,2024,61.3,,,36.0,5.0,,218.0,4474.0,3819.0,3900.75,3052.0,11.2,46.150000000000006,0.29625,97.17,100.0,100.0
Sarawak,Sri Aman,2025,61.3,,,36.0,5.0,,386.0,4389.0,3856.0,,,,,,,,
Sarawak,Tatau/Sebauh,2016,,5.0,21.0,,,,,,,,,,,,61.6,100.0,100.0
Sarawak,Tatau/Sebauh,2017,,5.0,12.0,28.0,2.0,0.0,,3953.0,2634.0,,,,,,,,
Sarawak,Tatau/Sebauh,2018,,4.0,25.0,23.0,2.0,0.0,96.0,3513.0,2592.0,,,,,,,,
Sarawak,Tatau/Sebauh,2019,,5.0,16.0,23.0,2.0,0.0,109.0,3464.0,2517.0,4794.873170731707,4194.240650406504,6.155121951219512,11.491544715447155,0.2746357723577236,45.86081300813008,100.0,100.0
Sarawak,Tatau/Sebauh,2020,61.5,4.0,17.0,23.0,2.0,0.0,52.0,3452.0,2490.0,,,,,,,,
Sarawak,Tatau/Sebauh,2021,60.599999999999994,4.0,9.0,23.0,2.0,0.0,46.0,3476.0,2524.0,,,,,,,,
Sarawak,Tatau/Sebauh,2022,61.1,3.0,18.0,23.0,2.0,0.0,48.0,3324.0,2552.0,5380.294599018003,4616.019639934533,5.3761047463175125,15.433551554828151,0.303,66.08134206219313,100.0,88.37315875613749
Sarawak,Tatau/Sebauh,2023,63.3,2.0,16.0,23.0,2.0,,52.0,3614.0,2477.0,,,,,,,,
Sarawak,Tatau/Sebauh,2024,63.2,,,23.0,2.0,,47.0,3419.0,2457.0,5766.884493670886,4521.422468354431,2.7485759493670883,11.898259493670887,0.30156170886075945,60.89386075949367,100.0,92.72522151898734
Sarawak,Tatau/Sebauh,2025,63.7,,,23.0,2.0,,93.0,3301.0,2419.0,,,,,,,,
Selangor,Gombak,2016,,854.0,2862.0,,,,,,,,,,,,100.0,100.0,100.0
Selangor,Gombak,2017,,838.0,2246.0,68.0,36.0,1.0,,68742.0,52998.0,,,,,,,,
Selangor,Gombak,2018,,563.0,1931.0,68.0,36.0,1.0,2388.0,68924.0,49271.0,,,,,,,,
Selangor,Gombak,2019,,557.0,1870.0,68.0,36.0,1.0,2193.0,69589.0,48888.0,11536.0,8501.0,0.4,14.5,0.402,100.0,100.0,100.0
Selangor,Gombak,2020,942.4,504.0,1612.0,68.0,36.0,1.0,1359.0,70323.0,48879.0,,,,,,,,
Selangor,Gombak,2021,948.0,451.0,1440.0,68.0,36.0,1.0,1269.0,71683.0,49909.0,,,,,,,,
Selangor,Gombak,2022,950.2,335.0,1223.0,68.0,36.0,1.0,1225.0,72284.0,50362.0,13523.0,10180.0,2.4,13.8,0.392,100.0,100.0,100.0
Selangor,Gombak,2023,966.2,370.0,1402.0,68.0,36.0,,1294.0,72645.0,50554.0,,,,,,,,
Selangor,Gombak,2024,979.9,,,68.0,36.0,,1220.0,73068.0,51878.0,14168.0,10777.0,2.1,9.8,0.366,100.0,100.0,100.0
Selangor,Gombak,2025,985.4,,,68.0,36.0,,2031.0,73308.0,53009.0,,,,,,,,
Selangor,Klang,2016,,1109.0,2908.0,,,,,,,,,,,,100.0,100.0,100.0
Selangor,Klang,2017,,974.0,2601.0,92.0,39.0,0.0,,89628.0,63973.0,,,,,,,,
Selangor,Klang,2018,,775.0,2200.0,93.0,40.0,0.0,2410.0,90510.0,60208.0,,,,,,,,
Selangor,Klang,2019,,677.0,1947.0,93.0,40.0,0.0,2375.0,92434.0,59900.0,9980.0,7888.0,1.7,16.6,0.378,100.0,100.0,100.0
Selangor,Klang,2020,1088.9,656.0,1676.0,93.0,40.0,0.0,1254.0,93009.0,60293.0,,,,,,,,
Selangor,Klang,2021,1078.7,747.0,1808.0,93.0,40.0,0.0,1108.0,94074.0,61449.0,,,,,,,,
Selangor,Klang,2022,1094.1,530.0,1546.0,92.0,40.0,0.0,1300.0,94149.0,61658.0,10278.0,8203.0,2.2,20.3,0.347,100.0,99.9,100.0
Selangor,Klang,2023,1134.0,587.0,1599.0,92.0,40.0,,1215.0,94626.0,61504.0,,,,,,,,
Selangor,Klang,2024,1174.7,,,91.0,40.0,,1182.0,94163.0,62586.0,10912.0,8837.0,1.0,12.0,0.299,100.0,100.0,100.0
Selangor,Klang,2025,1183.0,,,91.0,40.0,,2338.0,92435.0,63539.0,,,,,,,,
Selangor,Kuala Langat,2016,,158.0,594.0,,,,,,,,,,,,100.0,100.0,100.0
Selangor,Kuala Langat,2017,,151.0,490.0,55.0,17.0,0.0,,26387.0,20897.0,,,,,,,,
Selangor,Kuala Langat,2018,,129.0,395.0,55.0,17.0,0.0,1177.0,26834.0,19454.0,,,,,,,,
Selangor,Kuala Langat,2019,,150.0,340.0,55.0,17.0,0.0,1113.0,27590.0,19630.0,8375.0,6950.0,2.4,19.7,0.336,100.0,100.0,100.0
Selangor,Kuala Langat,2020,307.4,153.0,327.0,55.0,17.0,0.0,697.0,28285.0,19693.0,,,,,,,,
Selangor,Kuala Langat,2021,312.2,165.0,344.0,55.0,17.0,0.0,600.0,29134.0,20310.0,,,,,,,,
Selangor,Kuala Langat,2022,314.5,113.0,407.0,56.0,18.0,0.0,650.0,29980.0,21756.0,11048.0,10093.0,0.3,9.4,0.277,100.0,100.0,100.0
Selangor,Kuala Langat,2023,320.7,122.0,346.0,56.0,18.0,,687.0,30815.0,22633.0,,,,,,,,
Selangor,Kuala Langat,2024,326.4,,,57.0,19.0,,651.0,34061.0,23810.0,11714.0,10583.0,0.3,2.2,0.16,100.0,100.0,100.0
Selangor,Kuala Langat,2025,329.0,,,57.0,19.0,,1010.0,34899.0,24731.0,,,,,,,,
Selangor,Kuala Selangor,2016,,128.0,418.0,,,,,,,,,,,,100.0,100.0,100.0
Selangor,Kuala Selangor,2017,,98.0,320.0,71.0,21.0,0.0,,27743.0,22161.0,,,,,,,,
Selangor,Kuala Selangor,2018,,78.0,286.0,70.0,21.0,0.0,1026.0,27859.0,20667.0,,,,,,,,
Selangor,Kuala Selangor,2019,,90.0,349.0,70.0,21.0,0.0,942.0,28385.0,20676.0,7866.0,5855.0,3.5,30.4,0.4,100.0,100.0,100.0
Selangor,Kuala Selangor,2020,281.7,91.0,383.0,70.0,21.0,0.0,571.0,28760.0,20883.0,,,,,,,,
Selangor,Kuala Selangor,2021,285.1,116.0,397.0,70.0,21.0,0.0,528.0,29790.0,21523.0,,,,,,,,
Selangor,Kuala Selangor,2022,287.6,90.0,328.0,70.0,21.0,0.0,521.0,30639.0,22153.0,9410.0,7644.0,2.8,25.2,0.346,100.0,100.0,100.0
Selangor,Kuala Selangor,2023,293.2,80.0,412.0,69.0,21.0,,535.0,31584.0,22283.0,,,,,,,,
Selangor,Kuala Selangor,2024,298.4,,,68.0,22.0,,536.0,32379.0,22945.0,10584.0,8046.0,1.8,21.0,0.35,100.0,100.0,100.0
Selangor,Kuala Selangor,2025,301.6,,,68.0,22.0,,890.0,32763.0,23644.0,,,,,,,,
Selangor,Petaling,2016,,2693.0,10374.0,,,,,,,,,,,,100.0,100.0,100.0
Selangor,Petaling,2017,,2372.0,8039.0,148.0,77.0,2.0,,147082.0,100406.0,,,,,,,,
Selangor,Petaling,2018,,1722.0,7022.0,148.0,77.0,2.0,2554.0,148959.0,95705.0,,,,,,,,
Selangor,Petaling,2019,,1560.0,6352.0,148.0,77.0,2.0,2491.0,151920.0,96126.0,12145.0,8993.0,1.1,14.4,0.409,100.0,100.0,100.0
Selangor,Petaling,2020,2298.1,1536.0,5272.0,148.0,77.0,2.0,1184.0,153313.0,97055.0,,,,,,,,
Selangor,Petaling,2021,2315.7,1204.0,4257.0,148.0,77.0,2.0,1321.0,154907.0,99050.0,,,,,,,,
Selangor,Petaling,2022,2304.8,936.0,3834.0,147.0,77.0,2.0,1374.0,153701.0,98372.0,12760.0,9618.0,1.6,14.9,0.392,100.0,100.0,100.0
Selangor,Petaling,2023,2334.7,971.0,3827.0,148.0,77.0,,1298.0,153765.0,98450.0,,,,,,,,
Selangor,Petaling,2024,2359.7,,,148.0,77.0,,1410.0,150212.0,99800.0,14422.0,10688.0,1.0,10.8,0.387,100.0,100.0,100.0
Selangor,Petaling,2025,2370.6,,,150.0,77.0,,2581.0,147974.0,101560.0,,,,,,,,
Selangor,Sabak Bernam,2016,,67.0,352.0,,,,,,,,,,,,100.0,100.0,100.0
Selangor,Sabak Bernam,2017,,65.0,332.0,47.0,17.0,0.0,,11362.0,13103.0,,,,,,,,
Selangor,Sabak Bernam,2018,,56.0,303.0,47.0,17.0,0.0,1077.0,11163.0,11651.0,,,,,,,,
Selangor,Sabak Bernam,2019,,56.0,264.0,47.0,17.0,0.0,1005.0,10955.0,11348.0,6042.0,4454.0,4.7,46.2,0.391,100.0,100.0,100.0
Selangor,Sabak Bernam,2020,107.1,58.0,207.0,47.0,17.0,0.0,504.0,10720.0,10975.0,,,,,,,,
Selangor,Sabak Bernam,2021,107.5,35.0,144.0,47.0,17.0,0.0,521.0,10509.0,11080.0,,,,,,,,
Selangor,Sabak Bernam,2022,107.9,26.0,124.0,47.0,17.0,0.0,443.0,10452.0,11106.0,6930.0,5533.0,5.3,42.6,0.321,100.0,100.0,100.0
Selangor,Sabak Bernam,2023,109.2,37.0,127.0,47.0,17.0,,468.0,10279.0,10911.0,,,,,,,,
Selangor,Sabak Bernam,2024,110.3,,,47.0,17.0,,505.0,10163.0,10856.0,8033.0,6941.0,2.7,25.7,0.268,100.0,100.0,100.0
Selangor,Sabak Bernam,2025,110.5,,,47.0,17.0,,807.0,9863.0,10806.0,,,,,,,,
Selangor,Sepang,2016,,258.0,915.0,,,,,,,,,,,,100.0,100.0,100.0
Selangor,Sepang,2017,,184.0,598.0,38.0,13.0,0.0,,23153.0,15752.0,,,,,,,,
Selangor,Sepang,2018,,169.0,534.0,39.0,13.0,0.0,787.0,23978.0,15220.0,,,,,,,,
Selangor,Sepang,2019,,155.0,523.0,39.0,13.0,0.0,767.0,25417.0,15597.0,12254.0,8937.0,0.7,7.9,0.397,100.0,100.0,100.0
Selangor,Sepang,2020,325.2,150.0,421.0,39.0,13.0,0.0,533.0,26534.0,15848.0,,,,,,,,
Selangor,Sepang,2021,330.7,124.0,426.0,39.0,13.0,0.0,538.0,28120.0,16698.0,,,,,,,,
Selangor,Sepang,2022,331.5,96.0,531.0,39.0,13.0,0.0,506.0,29637.0,17517.0,13673.0,12608.0,0.0,3.4,0.229,100.0,100.0,100.0
Selangor,Sepang,2023,339.2,143.0,569.0,40.0,13.0,,553.0,31092.0,18353.0,,,,,,,,
Selangor,Sepang,2024,347.0,,,40.0,13.0,,535.0,32334.0,19389.0,15906.0,11131.0,0.1,1.1,0.332,100.0,100.0,100.0
Selangor,Sepang,2025,350.4,,,40.0,13.0,,741.0,33280.0,20593.0,,,,,,,,
Selangor,Ulu Langat,2016,,1256.0,5784.0,,,,,,,,,,,,100.0,100.0,100.0
Selangor,Ulu Langat,2017,,1678.0,4601.0,89.0,40.0,1.0,,94931.0,68371.0,,,,,,,,
Selangor,Ulu Langat,2018,,1068.0,3734.0,89.0,40.0,1.0,2056.0,96308.0,64636.0,,,,,,,,
Selangor,Ulu Langat,2019,,934.0,3480.0,89.0,40.0,1.0,2066.0,98480.0,64917.0,10252.0,8361.0,0.6,10.5,0.338,100.0,100.0,100.0
Selangor,Ulu Langat,2020,1400.5,987.0,2969.0,90.0,40.0,1.0,1052.0,100022.0,65342.0,,,,,,,,
Selangor,Ulu Langat,2021,1393.3,814.0,2298.0,91.0,40.0,1.0,1114.0,102054.0,66442.0,,,,,,,,
Selangor,Ulu Langat,2022,1413.3,600.0,1977.0,91.0,40.0,1.0,1119.0,103026.0,67178.0,13386.0,11210.0,0.5,7.0,0.326,100.0,100.0,100.0
Selangor,Ulu Langat,2023,1460.3,561.0,2202.0,91.0,40.0,,1064.0,104298.0,67681.0,,,,,,,,
Selangor,Ulu Langat,2024,1508.0,,,91.0,40.0,,1035.0,105116.0,68586.0,13822.0,11404.0,0.1,0.3,0.219,100.0,100.0,100.0
Selangor,Ulu Langat,2025,1516.6,,,92.0,40.0,,2009.0,104704.0,70306.0,,,,,,,,
Selangor,Ulu Selangor,2016,,88.0,405.0,,,,,,,,,,,,100.0,100.0,100.0
Selangor,Ulu Selangor,2017,,110.0,372.0,51.0,17.0,0.0,,23689.0,18296.0,,,,,,,,
Selangor,Ulu Selangor,2018,,98.0,357.0,52.0,17.0,0.0,746.0,23853.0,17119.0,,,,,,,,
Selangor,Ulu Selangor,2019,,123.0,373.0,52.0,17.0,0.0,742.0,24261.0,17080.0,7598.0,6249.0,1.5,26.6,0.339,100.0,100.0,100.0
Selangor,Ulu Selangor,2020,243.0,104.0,486.0,52.0,17.0,0.0,364.0,24520.0,17056.0,,,,,,,,
Selangor,Ulu Selangor,2021,243.4,149.0,357.0,52.0,17.0,0.0,302.0,24815.0,17243.0,,,,,,,,
Selangor,Ulu Selangor,2022,246.4,94.0,235.0,51.0,17.0,0.0,341.0,24754.0,17562.0,8779.0,7678.0,1.7,23.9,0.297,100.0,100.0,100.0
Selangor,Ulu Selangor,2023,252.2,82.0,302.0,51.0,17.0,,274.0,24882.0,17393.0,,,,,,,,
Selangor,Ulu Selangor,2024,258.3,,,51.0,17.0,,311.0,24964.0,17676.0,9499.0,8485.0,0.4,16.7,0.299,100.0,100.0,100.0
Selangor,Ulu Selangor,2025,259.8,,,51.0,17.0,,661.0,24882.0,18004.0,,,,,,,,
Terengganu,Besut,2016,,87.0,411.0,,,,,,,,,,,,95.5,100.0,100.0
Terengganu,Besut,2017,,88.0,396.0,54.0,21.0,0.0,,19028.0,16323.0,,,,,,,,
Terengganu,Besut,2018,,65.0,302.0,54.0,22.0,0.0,1487.0,19071.0,14312.0,,,,,,,,
Terengganu,Besut,2019,,62.0,347.0,54.0,22.0,0.0,1457.0,19162.0,14021.0,5819.0,4527.0,10.1,9.5,0.332,83.4,100.0,100.0
Terengganu,Besut,2020,154.2,45.0,360.0,54.0,22.0,0.0,759.0,19077.0,14025.0,,,,,,,,
Terengganu,Besut,2021,156.8,48.0,253.0,54.0,22.0,0.0,701.0,19120.0,14453.0,,,,,,,,
Terengganu,Besut,2022,159.3,36.0,203.0,54.0,22.0,0.0,764.0,19181.0,14753.0,6285.0,4743.0,12.7,11.3,0.33,93.8,100.0,100.0
Terengganu,Besut,2023,162.6,58.0,172.0,54.0,21.0,,897.0,19057.0,15046.0,,,,,,,,
Terengganu,Besut,2024,165.4,,,54.0,21.0,,809.0,19104.0,15323.0,6747.0,5820.0,13.1,14.2,0.311,100.0,100.0,100.0
Terengganu,Besut,2025,167.5,,,54.0,21.0,,1323.0,19158.0,15570.0,,,,,,,,
Terengganu,Dungun,2016,,83.0,295.0,,,,,,,,,,,,94.7,100.0,100.0
Terengganu,Dungun,2017,,56.0,263.0,48.0,24.0,0.0,,16733.0,13830.0,,,,,,,,
Terengganu,Dungun,2018,,41.0,243.0,48.0,24.0,0.0,801.0,17001.0,12650.0,,,,,,,,
Terengganu,Dungun,2019,,36.0,211.0,48.0,24.0,0.0,670.0,17431.0,12549.0,7564.0,6044.0,5.1,6.1,0.341,98.1,100.0,100.0
Terengganu,Dungun,2020,158.1,26.0,235.0,48.0,24.0,0.0,394.0,17719.0,12453.0,,,,,,,,
Terengganu,Dungun,2021,160.7,18.0,195.0,48.0,24.0,0.0,398.0,18105.0,12766.0,,,,,,,,
Terengganu,Dungun,2022,162.5,20.0,169.0,48.0,24.0,0.0,434.0,18481.0,13085.0,7902.0,6356.0,2.2,2.4,0.308,99.4,100.0,100.0
Terengganu,Dungun,2023,165.3,13.0,160.0,48.0,24.0,,401.0,18681.0,13153.0,,,,,,,,
Terengganu,Dungun,2024,167.9,,,48.0,24.0,,376.0,18848.0,13455.0,8055.0,7156.0,4.4,12.4,0.308,98.99,100.0,100.0
Terengganu,Dungun,2025,169.9,,,48.0,24.0,,647.0,18965.0,13820.0,,,,,,,,
Terengganu,Hulu Terengganu,2016,,26.0,129.0,,,,,,,,,,,,98.0,100.0,100.0
Terengganu,Hulu Terengganu,2017,,20.0,123.0,49.0,16.0,0.0,,8423.0,7163.0,,,,,,,,
Terengganu,Hulu Terengganu,2018,,26.0,77.0,49.0,16.0,0.0,429.0,8568.0,6496.0,,,,,,,,
Terengganu,Hulu Terengganu,2019,,19.0,87.0,49.0,16.0,0.0,466.0,8667.0,6356.0,5363.0,4368.0,7.9,19.7,0.339,99.2,100.0,100.0
Terengganu,Hulu Terengganu,2020,69.9,23.0,101.0,49.0,17.0,0.0,236.0,8693.0,6446.0,,,,,,,,
Terengganu,Hulu Terengganu,2021,71.6,17.0,92.0,49.0,17.0,0.0,178.0,8740.0,6811.0,,,,,,,,
Terengganu,Hulu Terengganu,2022,72.3,17.0,84.0,49.0,17.0,0.0,210.0,8945.0,7043.0,5821.0,5090.0,10.8,16.2,0.293,99.4,100.0,100.0
Terengganu,Hulu Terengganu,2023,73.7,18.0,76.0,49.0,17.0,,266.0,8985.0,7213.0,,,,,,,,
Terengganu,Hulu Terengganu,2024,74.6,,,49.0,17.0,,242.0,8950.0,7353.0,6360.0,6134.0,6.6,14.8,0.255,100.0,100.0,100.0
Terengganu,Hulu Terengganu,2025,74.8,,,49.0,17.0,,526.0,8994.0,7476.0,,,,,,,,
Terengganu,Kemaman,2016,,55.0,357.0,,,,,,,,,,,,99.7,99.8,100.0
Terengganu,Kemaman,2017,,43.0,286.0,47.0,24.0,0.0,,22198.0,16376.0,,,,,,,,
Terengganu,Kemaman,2018,,48.0,226.0,47.0,24.0,0.0,1013.0,22549.0,15085.0,,,,,,,,
Terengganu,Kemaman,2019,,40.0,253.0,47.0,24.0,0.0,864.0,23164.0,14995.0,7854.0,6592.0,4.6,5.6,0.346,99.8,100.0,100.0
Terengganu,Kemaman,2020,215.6,48.0,335.0,47.0,24.0,0.0,437.0,23553.0,14923.0,,,,,,,,
Terengganu,Kemaman,2021,218.7,30.0,259.0,47.0,24.0,0.0,435.0,24135.0,15355.0,,,,,,,,
Terengganu,Kemaman,2022,221.7,50.0,266.0,47.0,25.0,0.0,594.0,24303.0,15585.0,8381.0,6425.0,4.1,5.8,0.378,100.0,100.0,100.0
Terengganu,Kemaman,2023,226.7,53.0,262.0,47.0,25.0,,655.0,24855.0,16082.0,,,,,,,,
Terengganu,Kemaman,2024,231.7,,,47.0,25.0,,569.0,25276.0,16688.0,8973.0,7709.0,3.5,6.7,0.319,100.0,100.0,100.0
Terengganu,Kemaman,2025,235.0,,,47.0,25.0,,833.0,25549.0,17243.0,,,,,,,,
Terengganu,Kuala Terengganu,2016,,99.0,652.0,,,,,,,,,,,,95.7,100.0,100.0
Terengganu,Kuala Terengganu,2017,,97.0,604.0,82.0,39.0,2.0,,39141.0,33453.0,,,,,,,,
Terengganu,Kuala Terengganu,2018,,61.0,487.0,82.0,39.0,2.0,2024.0,39660.0,30394.0,,,,,,,,
Terengganu,Kuala Terengganu,2019,,91.0,485.0,82.0,40.0,2.0,1943.0,40225.0,29746.0,7061.787426744806,6046.843899840172,4.787852956846032,6.002344166222695,0.3049813532232286,97.24064997336176,100.0,100.0
Terengganu,Kuala Terengganu,2020,375.4,97.0,571.0,82.0,39.0,2.0,1100.0,41036.0,29549.0,,,,,,,,
Terengganu,Kuala Terengganu,2021,382.9,78.0,413.0,82.0,39.0,2.0,1036.0,42255.0,30346.0,,,,,,,,
Terengganu,Kuala Terengganu,2022,387.79999999999995,71.0,402.0,82.0,39.0,2.0,1032.0,43058.0,30802.0,7449.539969056214,6233.580195977308,4.341464672511604,4.415549252191852,0.28947988653945333,98.9117070654977,100.00000000000001,100.00000000000001
Terengganu,Kuala Terengganu,2023,394.6,75.0,341.0,82.0,39.0,,1101.0,43873.0,31191.0,,,,,,,,
Terengganu,Kuala Terengganu,2024,400.9,,,82.0,40.0,,1082.0,44534.0,32254.0,7708.81990521327,6882.763033175356,3.18957345971564,6.67962085308057,0.27282938388625594,100.0,100.0,100.0
Terengganu,Kuala Terengganu,2025,405.9,,,82.0,40.0,,1741.0,45134.0,33172.0,,,,,,,,
Terengganu,Marang,2016,,43.0,148.0,,,,,,,,,,,,94.4,100.0,100.0
Terengganu,Marang,2017,,29.0,143.0,29.0,13.0,0.0,,11590.0,9605.0,,,,,,,,
Terengganu,Marang,2018,,26.0,114.0,29.0,13.0,0.0,594.0,11784.0,8630.0,,,,,,,,
Terengganu,Marang,2019,,30.0,105.0,29.0,13.0,0.0,599.0,11980.0,8751.0,5928.0,5060.0,8.2,12.0,0.31,97.3,100.0,100.0
Terengganu,Marang,2020,116.6,29.0,151.0,29.0,13.0,0.0,307.0,12189.0,8778.0,,,,,,,,
Terengganu,Marang,2021,119.5,28.0,120.0,29.0,13.0,0.0,218.0,12563.0,8966.0,,,,,,,,
Terengganu,Marang,2022,121.5,18.0,90.0,29.0,13.0,0.0,234.0,12763.0,9305.0,6357.0,5291.0,9.0,11.8,0.325,99.4,100.0,100.0
Terengganu,Marang,2023,124.2,20.0,82.0,29.0,13.0,,230.0,12881.0,9473.0,,,,,,,,
Terengganu,Marang,2024,126.7,,,29.0,13.0,,261.0,13137.0,9772.0,6807.0,6246.0,7.3,13.9,0.281,100.0,100.0,100.0
Terengganu,Marang,2025,128.8,,,29.0,13.0,,535.0,13215.0,10222.0,,,,,,,,
Terengganu,Setiu,2016,,14.0,95.0,,,,,,,,,,,,89.1,100.0,100.0
Terengganu,Setiu,2017,,21.0,88.0,43.0,13.0,0.0,,7737.0,6631.0,,,,,,,,
Terengganu,Setiu,2018,,24.0,83.0,43.0,13.0,0.0,347.0,7832.0,6104.0,,,,,,,,
Terengganu,Setiu,2019,,15.0,89.0,43.0,13.0,0.0,421.0,7922.0,5936.0,5600.0,4231.0,6.5,11.1,0.329,98.5,100.0,100.0
Terengganu,Setiu,2020,59.7,10.0,68.0,43.0,13.0,0.0,212.0,7941.0,5796.0,,,,,,,,
Terengganu,Setiu,2021,60.5,5.0,38.0,43.0,14.0,0.0,168.0,7921.0,6281.0,,,,,,,,
Terengganu,Setiu,2022,61.5,11.0,40.0,43.0,14.0,0.0,137.0,7826.0,6596.0,6030.0,5211.0,7.5,6.0,0.275,97.2,100.0,100.0
Terengganu,Setiu,2023,62.9,10.0,30.0,43.0,14.0,,169.0,7802.0,6537.0,,,,,,,,
Terengganu,Setiu,2024,64.3,,,43.0,14.0,,173.0,7685.0,6571.0,6359.0,6125.0,4.7,7.7,0.214,100.0,100.0,100.0
Terengganu,Setiu,2025,64.9,,,43.0,14.0,,360.0,7635.0,6724.0,,,,,,,,
