state,district,stage,sex,date,students
Malaysia,All Districts,primary,both,2017-01-01,2689810
Malaysia,All Districts,primary,both,2018-01-01,2694779
Malaysia,All Districts,primary,both,2019-01-01,2729704
Malaysia,All Districts,primary,both,2020-01-01,2741995
Malaysia,All Districts,primary,both,2021-01-01,2766202
Malaysia,All Districts,primary,both,2022-01-01,2770015
Malaysia,All Districts,primary,both,2023-06-30,2779131
Malaysia,All Districts,primary,both,2024-06-30,2774767
Malaysia,All Districts,primary,both,2025-06-30,2753819
Malaysia,All Districts,primary,female,2017-01-01,1316585
Malaysia,All Districts,primary,female,2018-01-01,1312807
Malaysia,All Districts,primary,female,2019-01-01,1330201
Malaysia,All Districts,primary,female,2020-01-01,1335484
Malaysia,All Districts,primary,female,2021-01-01,1346898
Malaysia,All Districts,primary,female,2022-01-01,1348358
Malaysia,All Districts,primary,female,2023-06-30,1352383
Malaysia,All Districts,primary,female,2024-06-30,1350288
Malaysia,All Districts,primary,female,2025-06-30,1339868
Malaysia,All Districts,primary,male,2017-01-01,1373225
Malaysia,All Districts,primary,male,2018-01-01,1381972
Malaysia,All Districts,primary,male,2019-01-01,1399503
Malaysia,All Districts,primary,male,2020-01-01,1406511
Malaysia,All Districts,primary,male,2021-01-01,1419304
Malaysia,All Districts,primary,male,2022-01-01,1421657
Malaysia,All Districts,primary,male,2023-06-30,1426748
Malaysia,All Districts,primary,male,2024-06-30,1424479
Malaysia,All Districts,primary,male,2025-06-30,1413951
Malaysia,All Districts,secondary,both,2017-01-01,2133323
Malaysia,All Districts,secondary,both,2018-01-01,1947606
Malaysia,All Districts,secondary,both,2019-01-01,1930241
Malaysia,All Districts,secondary,both,2020-01-01,1920485
Malaysia,All Districts,secondary,both,2021-01-01,1959787
Malaysia,All Districts,secondary,both,2022-01-01,1984995
Malaysia,All Districts,secondary,both,2023-06-30,1986513
Malaysia,All Districts,secondary,both,2024-06-30,2028829
Malaysia,All Districts,secondary,both,2025-06-30,2064777
Malaysia,All Districts,secondary,female,2017-01-01,1085617
Malaysia,All Districts,secondary,female,2018-01-01,977661
Malaysia,All Districts,secondary,female,2019-01-01,968400
Malaysia,All Districts,secondary,female,2020-01-01,959048
Malaysia,All Districts,secondary,female,2021-01-01,972095
Malaysia,All Districts,secondary,female,2022-01-01,980620
Malaysia,All Districts,secondary,female,2023-06-30,983412
Malaysia,All Districts,secondary,female,2024-06-30,1002423
Malaysia,All Districts,secondary,female,2025-06-30,1018998
Malaysia,All Districts,secondary,male,2017-01-01,1047706
Malaysia,All Districts,secondary,male,2018-01-01,969945
Malaysia,All Districts,secondary,male,2019-01-01,961841
Malaysia,All Districts,secondary,male,2020-01-01,961437
Malaysia,All Districts,secondary,male,2021-01-01,987692
Malaysia,All Districts,secondary,male,2022-01-01,1004375
Malaysia,All Districts,secondary,male,2023-06-30,1003101
Malaysia,All Districts,secondary,male,2024-06-30,1026406
Malaysia,All Districts,secondary,male,2025-06-30,1045779
Malaysia,All Districts,post_secondary,both,2018-01-01,128012
Malaysia,All Districts,post_secondary,both,2019-01-01,115536
Malaysia,All Districts,post_secondary,both,2020-01-01,68296
Malaysia,All Districts,post_secondary,both,2021-01-01,64904
Malaysia,All Districts,post_secondary,both,2022-01-01,66770
Malaysia,All Districts,post_secondary,both,2023-06-30,71073
Malaysia,All Districts,post_secondary,both,2024-06-30,67496
Malaysia,All Districts,post_secondary,both,2025-06-30,118808
Malaysia,All Districts,post_secondary,female,2018-01-01,78463
Malaysia,All Districts,post_secondary,female,2019-01-01,70669
Malaysia,All Districts,post_secondary,female,2020-01-01,39822
Malaysia,All Districts,post_secondary,female,2021-01-01,39175
Malaysia,All Districts,post_secondary,female,2022-01-01,38268
Malaysia,All Districts,post_secondary,female,2023-06-30,39241
Malaysia,All Districts,post_secondary,female,2024-06-30,38133
Malaysia,All Districts,post_secondary,female,2025-06-30,71266
Malaysia,All Districts,post_secondary,male,2018-01-01,49549
Malaysia,All Districts,post_secondary,male,2019-01-01,44867
Malaysia,All Districts,post_secondary,male,2020-01-01,28474
Malaysia,All Districts,post_secondary,male,2021-01-01,25729
Malaysia,All Districts,post_secondary,male,2022-01-01,28502
Malaysia,All Districts,post_secondary,male,2023-06-30,31832
Malaysia,All Districts,post_secondary,male,2024-06-30,29363
Malaysia,All Districts,post_secondary,male,2025-06-30,47542
Johor,All Districts,primary,both,2017-01-01,326709
Johor,All Districts,primary,both,2018-01-01,328093
Johor,All Districts,primary,both,2019-01-01,331130
Johor,All Districts,primary,both,2020-01-01,331190
Johor,All Districts,primary,both,2021-01-01,331877
Johor,All Districts,primary,both,2022-01-01,331205
Johor,All Districts,primary,both,2023-06-30,333726
Johor,All Districts,primary,both,2024-06-30,335452
Johor,All Districts,primary,both,2025-06-30,336045
Johor,All Districts,primary,female,2017-01-01,158464
Johor,All Districts,primary,female,2018-01-01,159275
Johor,All Districts,primary,female,2019-01-01,161024
Johor,All Districts,primary,female,2020-01-01,161024
Johor,All Districts,primary,female,2021-01-01,161241
Johor,All Districts,primary,female,2022-01-01,161163
Johor,All Districts,primary,female,2023-06-30,162535
Johor,All Districts,primary,female,2024-06-30,163193
Johor,All Districts,primary,female,2025-06-30,163313
Johor,All Districts,primary,male,2017-01-01,168245
Johor,All Districts,primary,male,2018-01-01,168818
Johor,All Districts,primary,male,2019-01-01,170106
Johor,All Districts,primary,male,2020-01-01,170166
Johor,All Districts,primary,male,2021-01-01,170636
Johor,All Districts,primary,male,2022-01-01,170042
Johor,All Districts,primary,male,2023-06-30,171191
Johor,All Districts,primary,male,2024-06-30,172259
Johor,All Districts,primary,male,2025-06-30,172732
Johor,All Districts,secondary,both,2017-01-01,262069
Johor,All Districts,secondary,both,2018-01-01,240234
Johor,All Districts,secondary,both,2019-01-01,236489
Johor,All Districts,secondary,both,2020-01-01,236802
Johor,All Districts,secondary,both,2021-01-01,238814
Johor,All Districts,secondary,both,2022-01-01,238491
Johor,All Districts,secondary,both,2023-06-30,238103
Johor,All Districts,secondary,both,2024-06-30,242092
Johor,All Districts,secondary,both,2025-06-30,245139
Johor,All Districts,secondary,female,2017-01-01,132845
Johor,All Districts,secondary,female,2018-01-01,120155
Johor,All Districts,secondary,female,2019-01-01,117891
Johor,All Districts,secondary,female,2020-01-01,117688
Johor,All Districts,secondary,female,2021-01-01,118063
Johor,All Districts,secondary,female,2022-01-01,117254
Johor,All Districts,secondary,female,2023-06-30,117203
Johor,All Districts,secondary,female,2024-06-30,119124
Johor,All Districts,secondary,female,2025-06-30,120388
Johor,All Districts,secondary,male,2017-01-01,129224
Johor,All Districts,secondary,male,2018-01-01,120079
Johor,All Districts,secondary,male,2019-01-01,118598
Johor,All Districts,secondary,male,2020-01-01,119114
Johor,All Districts,secondary,male,2021-01-01,120751
Johor,All Districts,secondary,male,2022-01-01,121237
Johor,All Districts,secondary,male,2023-06-30,120900
Johor,All Districts,secondary,male,2024-06-30,122968
Johor,All Districts,secondary,male,2025-06-30,124751
Johor,All Districts,post_secondary,both,2018-01-01,13666
Johor,All Districts,post_secondary,both,2019-01-01,12989
Johor,All Districts,post_secondary,both,2020-01-01,7064
Johor,All Districts,post_secondary,both,2021-01-01,6705
Johor,All Districts,post_secondary,both,2022-01-01,6938
Johor,All Districts,post_secondary,both,2023-06-30,7404
Johor,All Districts,post_secondary,both,2024-06-30,6870
Johor,All Districts,post_secondary,both,2025-06-30,11388
Johor,All Districts,post_secondary,female,2018-01-01,8451
Johor,All Districts,post_secondary,female,2019-01-01,8028
Johor,All Districts,post_secondary,female,2020-01-01,4006
Johor,All Districts,post_secondary,female,2021-01-01,4013
Johor,All Districts,post_secondary,female,2022-01-01,3936
Johor,All Districts,post_secondary,female,2023-06-30,3914
Johor,All Districts,post_secondary,female,2024-06-30,3739
Johor,All Districts,post_secondary,female,2025-06-30,6661
Johor,All Districts,post_secondary,male,2018-01-01,5215
Johor,All Districts,post_secondary,male,2019-01-01,4961
Johor,All Districts,post_secondary,male,2020-01-01,3058
Johor,All Districts,post_secondary,male,2021-01-01,2692
Johor,All Districts,post_secondary,male,2022-01-01,3002
Johor,All Districts,post_secondary,male,2023-06-30,3490
Johor,All Districts,post_secondary,male,2024-06-30,3131
Johor,All Districts,post_secondary,male,2025-06-30,4727
Johor,Batu Pahat,primary,both,2017-01-01,37916
Johor,Batu Pahat,primary,both,2018-01-01,37173
Johor,Batu Pahat,primary,both,2019-01-01,36797
Johor,Batu Pahat,primary,both,2020-01-01,36317
Johor,Batu Pahat,primary,both,2021-01-01,36064
Johor,Batu Pahat,primary,both,2022-01-01,35543
Johor,Batu Pahat,primary,both,2023-06-30,35006
Johor,Batu Pahat,primary,both,2024-06-30,34851
Johor,Batu Pahat,primary,both,2025-06-30,34494
Johor,Batu Pahat,primary,female,2017-01-01,18324
Johor,Batu Pahat,primary,female,2018-01-01,17993
Johor,Batu Pahat,primary,female,2019-01-01,17815
Johor,Batu Pahat,primary,female,2020-01-01,17499
Johor,Batu Pahat,primary,female,2021-01-01,17343
Johor,Batu Pahat,primary,female,2022-01-01,17137
Johor,Batu Pahat,primary,female,2023-06-30,17029
Johor,Batu Pahat,primary,female,2024-06-30,16905
Johor,Batu Pahat,primary,female,2025-06-30,16697
Johor,Batu Pahat,primary,male,2017-01-01,19592
Johor,Batu Pahat,primary,male,2018-01-01,19180
Johor,Batu Pahat,primary,male,2019-01-01,18982
Johor,Batu Pahat,primary,male,2020-01-01,18818
Johor,Batu Pahat,primary,male,2021-01-01,18721
Johor,Batu Pahat,primary,male,2022-01-01,18406
Johor,Batu Pahat,primary,male,2023-06-30,17977
Johor,Batu Pahat,primary,male,2024-06-30,17946
Johor,Batu Pahat,primary,male,2025-06-30,17797
Johor,Batu Pahat,secondary,both,2017-01-01,32997
Johor,Batu Pahat,secondary,both,2018-01-01,29601
Johor,Batu Pahat,secondary,both,2019-01-01,28659
Johor,Batu Pahat,secondary,both,2020-01-01,28329
Johor,Batu Pahat,secondary,both,2021-01-01,28144
Johor,Batu Pahat,secondary,both,2022-01-01,27708
Johor,Batu Pahat,secondary,both,2023-06-30,27243
Johor,Batu Pahat,secondary,both,2024-06-30,27209
Johor,Batu Pahat,secondary,both,2025-06-30,26876
Johor,Batu Pahat,secondary,female,2017-01-01,16779
Johor,Batu Pahat,secondary,female,2018-01-01,14869
Johor,Batu Pahat,secondary,female,2019-01-01,14345
Johor,Batu Pahat,secondary,female,2020-01-01,14111
Johor,Batu Pahat,secondary,female,2021-01-01,13945
Johor,Batu Pahat,secondary,female,2022-01-01,13651
Johor,Batu Pahat,secondary,female,2023-06-30,13350
Johor,Batu Pahat,secondary,female,2024-06-30,13233
Johor,Batu Pahat,secondary,female,2025-06-30,13037
Johor,Batu Pahat,secondary,male,2017-01-01,16218
Johor,Batu Pahat,secondary,male,2018-01-01,14732
Johor,Batu Pahat,secondary,male,2019-01-01,14314
Johor,Batu Pahat,secondary,male,2020-01-01,14218
Johor,Batu Pahat,secondary,male,2021-01-01,14199
Johor,Batu Pahat,secondary,male,2022-01-01,14057
Johor,Batu Pahat,secondary,male,2023-06-30,13893
Johor,Batu Pahat,secondary,male,2024-06-30,13976
Johor,Batu Pahat,secondary,male,2025-06-30,13839
Johor,Batu Pahat,post_secondary,both,2018-01-01,2104
Johor,Batu Pahat,post_secondary,both,2019-01-01,1911
Johor,Batu Pahat,post_secondary,both,2020-01-01,1056
Johor,Batu Pahat,post_secondary,both,2021-01-01,1044
Johor,Batu Pahat,post_secondary,both,2022-01-01,1136
Johor,Batu Pahat,post_secondary,both,2023-06-30,1157
Johor,Batu Pahat,post_secondary,both,2024-06-30,1029
Johor,Batu Pahat,post_secondary,both,2025-06-30,1726
Johor,Batu Pahat,post_secondary,female,2018-01-01,1218
Johor,Batu Pahat,post_secondary,female,2019-01-01,1126
Johor,Batu Pahat,post_secondary,female,2020-01-01,532
Johor,Batu Pahat,post_secondary,female,2021-01-01,568
Johor,Batu Pahat,post_secondary,female,2022-01-01,604
Johor,Batu Pahat,post_secondary,female,2023-06-30,550
Johor,Batu Pahat,post_secondary,female,2024-06-30,507
Johor,Batu Pahat,post_secondary,female,2025-06-30,963
Johor,Batu Pahat,post_secondary,male,2018-01-01,886
Johor,Batu Pahat,post_secondary,male,2019-01-01,785
Johor,Batu Pahat,post_secondary,male,2020-01-01,524
Johor,Batu Pahat,post_secondary,male,2021-01-01,476
Johor,Batu Pahat,post_secondary,male,2022-01-01,532
Johor,Batu Pahat,post_secondary,male,2023-06-30,607
Johor,Batu Pahat,post_secondary,male,2024-06-30,522
Johor,Batu Pahat,post_secondary,male,2025-06-30,763
Johor,Johor Bahru,primary,both,2017-01-01,137487
Johor,Johor Bahru,primary,both,2018-01-01,147001
Johor,Johor Bahru,primary,both,2019-01-01,149749
Johor,Johor Bahru,primary,both,2020-01-01,151081
Johor,Johor Bahru,primary,both,2021-01-01,151451
Johor,Johor Bahru,primary,both,2022-01-01,151122
Johor,Johor Bahru,primary,both,2023-06-30,75554
Johor,Johor Bahru,primary,both,2024-06-30,76956
Johor,Johor Bahru,primary,both,2025-06-30,77508
Johor,Johor Bahru,primary,female,2017-01-01,67064
Johor,Johor Bahru,primary,female,2018-01-01,71741
Johor,Johor Bahru,primary,female,2019-01-01,73151
Johor,Johor Bahru,primary,female,2020-01-01,73941
Johor,Johor Bahru,primary,female,2021-01-01,74118
Johor,Johor Bahru,primary,female,2022-01-01,73998
Johor,Johor Bahru,primary,female,2023-06-30,36873
Johor,Johor Bahru,primary,female,2024-06-30,37478
Johor,Johor Bahru,primary,female,2025-06-30,37730
Johor,Johor Bahru,primary,male,2017-01-01,70423
Johor,Johor Bahru,primary,male,2018-01-01,75260
Johor,Johor Bahru,primary,male,2019-01-01,76598
Johor,Johor Bahru,primary,male,2020-01-01,77140
Johor,Johor Bahru,primary,male,2021-01-01,77333
Johor,Johor Bahru,primary,male,2022-01-01,77124
Johor,Johor Bahru,primary,male,2023-06-30,38681
Johor,Johor Bahru,primary,male,2024-06-30,39478
Johor,Johor Bahru,primary,male,2025-06-30,39778
Johor,Johor Bahru,secondary,both,2017-01-01,98978
Johor,Johor Bahru,secondary,both,2018-01-01,97180
Johor,Johor Bahru,secondary,both,2019-01-01,97020
Johor,Johor Bahru,secondary,both,2020-01-01,98256
Johor,Johor Bahru,secondary,both,2021-01-01,99901
Johor,Johor Bahru,secondary,both,2022-01-01,100140
Johor,Johor Bahru,secondary,both,2023-06-30,48787
Johor,Johor Bahru,secondary,both,2024-06-30,49824
Johor,Johor Bahru,secondary,both,2025-06-30,51145
Johor,Johor Bahru,secondary,female,2017-01-01,50525
Johor,Johor Bahru,secondary,female,2018-01-01,48842
Johor,Johor Bahru,secondary,female,2019-01-01,48673
Johor,Johor Bahru,secondary,female,2020-01-01,49179
Johor,Johor Bahru,secondary,female,2021-01-01,49750
Johor,Johor Bahru,secondary,female,2022-01-01,49598
Johor,Johor Bahru,secondary,female,2023-06-30,24503
Johor,Johor Bahru,secondary,female,2024-06-30,25105
Johor,Johor Bahru,secondary,female,2025-06-30,25746
Johor,Johor Bahru,secondary,male,2017-01-01,48453
Johor,Johor Bahru,secondary,male,2018-01-01,48338
Johor,Johor Bahru,secondary,male,2019-01-01,48347
Johor,Johor Bahru,secondary,male,2020-01-01,49077
Johor,Johor Bahru,secondary,male,2021-01-01,50151
Johor,Johor Bahru,secondary,male,2022-01-01,50542
Johor,Johor Bahru,secondary,male,2023-06-30,24284
Johor,Johor Bahru,secondary,male,2024-06-30,24719
Johor,Johor Bahru,secondary,male,2025-06-30,25399
Johor,Johor Bahru,post_secondary,both,2018-01-01,3786
Johor,Johor Bahru,post_secondary,both,2019-01-01,3918
Johor,Johor Bahru,post_secondary,both,2020-01-01,2202
Johor,Johor Bahru,post_secondary,both,2021-01-01,2172
Johor,Johor Bahru,post_secondary,both,2022-01-01,2025
Johor,Johor Bahru,post_secondary,both,2023-06-30,1463
Johor,Johor Bahru,post_secondary,both,2024-06-30,1368
Johor,Johor Bahru,post_secondary,both,2025-06-30,2095
Johor,Johor Bahru,post_secondary,female,2018-01-01,2541
Johor,Johor Bahru,post_secondary,female,2019-01-01,2627
Johor,Johor Bahru,post_secondary,female,2020-01-01,1428
Johor,Johor Bahru,post_secondary,female,2021-01-01,1464
Johor,Johor Bahru,post_secondary,female,2022-01-01,1363
Johor,Johor Bahru,post_secondary,female,2023-06-30,911
Johor,Johor Bahru,post_secondary,female,2024-06-30,858
Johor,Johor Bahru,post_secondary,female,2025-06-30,1348
Johor,Johor Bahru,post_secondary,male,2018-01-01,1245
Johor,Johor Bahru,post_secondary,male,2019-01-01,1291
Johor,Johor Bahru,post_secondary,male,2020-01-01,774
Johor,Johor Bahru,post_secondary,male,2021-01-01,708
Johor,Johor Bahru,post_secondary,male,2022-01-01,662
Johor,Johor Bahru,post_secondary,male,2023-06-30,552
Johor,Johor Bahru,post_secondary,male,2024-06-30,510
Johor,Johor Bahru,post_secondary,male,2025-06-30,747
Johor,Kluang,primary,both,2017-01-01,25256
Johor,Kluang,primary,both,2018-01-01,25387
Johor,Kluang,primary,both,2019-01-01,25430
Johor,Kluang,primary,both,2020-01-01,25378
Johor,Kluang,primary,both,2021-01-01,25463
Johor,Kluang,primary,both,2022-01-01,25591
Johor,Kluang,primary,both,2023-06-30,25554
Johor,Kluang,primary,both,2024-06-30,25333
Johor,Kluang,primary,both,2025-06-30,25272
Johor,Kluang,primary,female,2017-01-01,12252
Johor,Kluang,primary,female,2018-01-01,12296
Johor,Kluang,primary,female,2019-01-01,12429
Johor,Kluang,primary,female,2020-01-01,12403
Johor,Kluang,primary,female,2021-01-01,12395
Johor,Kluang,primary,female,2022-01-01,12390
Johor,Kluang,primary,female,2023-06-30,12439
Johor,Kluang,primary,female,2024-06-30,12374
Johor,Kluang,primary,female,2025-06-30,12356
Johor,Kluang,primary,male,2017-01-01,13004
Johor,Kluang,primary,male,2018-01-01,13091
Johor,Kluang,primary,male,2019-01-01,13001
Johor,Kluang,primary,male,2020-01-01,12975
Johor,Kluang,primary,male,2021-01-01,13068
Johor,Kluang,primary,male,2022-01-01,13201
Johor,Kluang,primary,male,2023-06-30,13115
Johor,Kluang,primary,male,2024-06-30,12959
Johor,Kluang,primary,male,2025-06-30,12916
Johor,Kluang,secondary,both,2017-01-01,22439
Johor,Kluang,secondary,both,2018-01-01,19878
Johor,Kluang,secondary,both,2019-01-01,19397
Johor,Kluang,secondary,both,2020-01-01,19210
Johor,Kluang,secondary,both,2021-01-01,19206
Johor,Kluang,secondary,both,2022-01-01,19198
Johor,Kluang,secondary,both,2023-06-30,19176
Johor,Kluang,secondary,both,2024-06-30,19646
Johor,Kluang,secondary,both,2025-06-30,19885
Johor,Kluang,secondary,female,2017-01-01,11193
Johor,Kluang,secondary,female,2018-01-01,9803
Johor,Kluang,secondary,female,2019-01-01,9575
Johor,Kluang,secondary,female,2020-01-01,9492
Johor,Kluang,secondary,female,2021-01-01,9400
Johor,Kluang,secondary,female,2022-01-01,9419
Johor,Kluang,secondary,female,2023-06-30,9416
Johor,Kluang,secondary,female,2024-06-30,9667
Johor,Kluang,secondary,female,2025-06-30,9775
Johor,Kluang,secondary,male,2017-01-01,11246
Johor,Kluang,secondary,male,2018-01-01,10075
Johor,Kluang,secondary,male,2019-01-01,9822
Johor,Kluang,secondary,male,2020-01-01,9718
Johor,Kluang,secondary,male,2021-01-01,9806
Johor,Kluang,secondary,male,2022-01-01,9779
Johor,Kluang,secondary,male,2023-06-30,9760
Johor,Kluang,secondary,male,2024-06-30,9979
Johor,Kluang,secondary,male,2025-06-30,10110
Johor,Kluang,post_secondary,both,2018-01-01,1449
Johor,Kluang,post_secondary,both,2019-01-01,1324
Johor,Kluang,post_secondary,both,2020-01-01,795
Johor,Kluang,post_secondary,both,2021-01-01,704
Johor,Kluang,post_secondary,both,2022-01-01,759
Johor,Kluang,post_secondary,both,2023-06-30,840
Johor,Kluang,post_secondary,both,2024-06-30,821
Johor,Kluang,post_secondary,both,2025-06-30,1094
Johor,Kluang,post_secondary,female,2018-01-01,837
Johor,Kluang,post_secondary,female,2019-01-01,745
Johor,Kluang,post_secondary,female,2020-01-01,377
Johor,Kluang,post_secondary,female,2021-01-01,352
Johor,Kluang,post_secondary,female,2022-01-01,354
Johor,Kluang,post_secondary,female,2023-06-30,358
Johor,Kluang,post_secondary,female,2024-06-30,376
Johor,Kluang,post_secondary,female,2025-06-30,565
Johor,Kluang,post_secondary,male,2018-01-01,612
Johor,Kluang,post_secondary,male,2019-01-01,579
Johor,Kluang,post_secondary,male,2020-01-01,418
Johor,Kluang,post_secondary,male,2021-01-01,352
Johor,Kluang,post_secondary,male,2022-01-01,405
Johor,Kluang,post_secondary,male,2023-06-30,482
Johor,Kluang,post_secondary,male,2024-06-30,445
Johor,Kluang,post_secondary,male,2025-06-30,529
Johor,Kota Tinggi,primary,both,2017-01-01,17870
Johor,Kota Tinggi,primary,both,2018-01-01,21503
Johor,Kota Tinggi,primary,both,2019-01-01,21719
Johor,Kota Tinggi,primary,both,2020-01-01,21829
Johor,Kota Tinggi,primary,both,2021-01-01,22215
Johor,Kota Tinggi,primary,both,2022-01-01,22477
Johor,Kota Tinggi,primary,both,2023-06-30,19403
Johor,Kota Tinggi,primary,both,2024-06-30,19511
Johor,Kota Tinggi,primary,both,2025-06-30,19858
Johor,Kota Tinggi,primary,female,2017-01-01,8556
Johor,Kota Tinggi,primary,female,2018-01-01,10264
Johor,Kota Tinggi,primary,female,2019-01-01,10442
Johor,Kota Tinggi,primary,female,2020-01-01,10469
Johor,Kota Tinggi,primary,female,2021-01-01,10729
Johor,Kota Tinggi,primary,female,2022-01-01,10975
Johor,Kota Tinggi,primary,female,2023-06-30,9498
Johor,Kota Tinggi,primary,female,2024-06-30,9542
Johor,Kota Tinggi,primary,female,2025-06-30,9708
Johor,Kota Tinggi,primary,male,2017-01-01,9314
Johor,Kota Tinggi,primary,male,2018-01-01,11239
Johor,Kota Tinggi,primary,male,2019-01-01,11277
Johor,Kota Tinggi,primary,male,2020-01-01,11360
Johor,Kota Tinggi,primary,male,2021-01-01,11486
Johor,Kota Tinggi,primary,male,2022-01-01,11502
Johor,Kota Tinggi,primary,male,2023-06-30,9905
Johor,Kota Tinggi,primary,male,2024-06-30,9969
Johor,Kota Tinggi,primary,male,2025-06-30,10150
Johor,Kota Tinggi,secondary,both,2017-01-01,16064
Johor,Kota Tinggi,secondary,both,2018-01-01,17212
Johor,Kota Tinggi,secondary,both,2019-01-01,16925
Johor,Kota Tinggi,secondary,both,2020-01-01,17091
Johor,Kota Tinggi,secondary,both,2021-01-01,17354
Johor,Kota Tinggi,secondary,both,2022-01-01,17425
Johor,Kota Tinggi,secondary,both,2023-06-30,14437
Johor,Kota Tinggi,secondary,both,2024-06-30,14986
Johor,Kota Tinggi,secondary,both,2025-06-30,15113
Johor,Kota Tinggi,secondary,female,2017-01-01,7885
Johor,Kota Tinggi,secondary,female,2018-01-01,8517
Johor,Kota Tinggi,secondary,female,2019-01-01,8316
Johor,Kota Tinggi,secondary,female,2020-01-01,8394
Johor,Kota Tinggi,secondary,female,2021-01-01,8434
Johor,Kota Tinggi,secondary,female,2022-01-01,8399
Johor,Kota Tinggi,secondary,female,2023-06-30,6876
Johor,Kota Tinggi,secondary,female,2024-06-30,7015
Johor,Kota Tinggi,secondary,female,2025-06-30,7141
Johor,Kota Tinggi,secondary,male,2017-01-01,8179
Johor,Kota Tinggi,secondary,male,2018-01-01,8695
Johor,Kota Tinggi,secondary,male,2019-01-01,8609
Johor,Kota Tinggi,secondary,male,2020-01-01,8697
Johor,Kota Tinggi,secondary,male,2021-01-01,8920
Johor,Kota Tinggi,secondary,male,2022-01-01,9026
Johor,Kota Tinggi,secondary,male,2023-06-30,7561
Johor,Kota Tinggi,secondary,male,2024-06-30,7971
Johor,Kota Tinggi,secondary,male,2025-06-30,7972
Johor,Kota Tinggi,post_secondary,both,2018-01-01,1343
Johor,Kota Tinggi,post_secondary,both,2019-01-01,1302
Johor,Kota Tinggi,post_secondary,both,2020-01-01,735
Johor,Kota Tinggi,post_secondary,both,2021-01-01,578
Johor,Kota Tinggi,post_secondary,both,2022-01-01,669
Johor,Kota Tinggi,post_secondary,both,2023-06-30,649
Johor,Kota Tinggi,post_secondary,both,2024-06-30,576
Johor,Kota Tinggi,post_secondary,both,2025-06-30,897
Johor,Kota Tinggi,post_secondary,female,2018-01-01,693
Johor,Kota Tinggi,post_secondary,female,2019-01-01,681
Johor,Kota Tinggi,post_secondary,female,2020-01-01,339
Johor,Kota Tinggi,post_secondary,female,2021-01-01,256
Johor,Kota Tinggi,post_secondary,female,2022-01-01,287
Johor,Kota Tinggi,post_secondary,female,2023-06-30,230
Johor,Kota Tinggi,post_secondary,female,2024-06-30,224
Johor,Kota Tinggi,post_secondary,female,2025-06-30,410
Johor,Kota Tinggi,post_secondary,male,2018-01-01,650
Johor,Kota Tinggi,post_secondary,male,2019-01-01,621
Johor,Kota Tinggi,post_secondary,male,2020-01-01,396
Johor,Kota Tinggi,post_secondary,male,2021-01-01,322
Johor,Kota Tinggi,post_secondary,male,2022-01-01,382
Johor,Kota Tinggi,post_secondary,male,2023-06-30,419
Johor,Kota Tinggi,post_secondary,male,2024-06-30,352
Johor,Kota Tinggi,post_secondary,male,2025-06-30,487
Johor,Kulai,primary,both,2017-01-01,32842
Johor,Kulai,primary,both,2018-01-01,21812
Johor,Kulai,primary,both,2019-01-01,21970
Johor,Kulai,primary,both,2020-01-01,21978
Johor,Kulai,primary,both,2021-01-01,21953
Johor,Kulai,primary,both,2022-01-01,21871
Johor,Kulai,primary,both,2023-06-30,34134
Johor,Kulai,primary,both,2024-06-30,34441
Johor,Kulai,primary,both,2025-06-30,34667
Johor,Kulai,primary,female,2017-01-01,15942
Johor,Kulai,primary,female,2018-01-01,10638
Johor,Kulai,primary,female,2019-01-01,10687
Johor,Kulai,primary,female,2020-01-01,10590
Johor,Kulai,primary,female,2021-01-01,10456
Johor,Kulai,primary,female,2022-01-01,10416
Johor,Kulai,primary,female,2023-06-30,16344
Johor,Kulai,primary,female,2024-06-30,16521
Johor,Kulai,primary,female,2025-06-30,16601
Johor,Kulai,primary,male,2017-01-01,16900
Johor,Kulai,primary,male,2018-01-01,11174
Johor,Kulai,primary,male,2019-01-01,11283
Johor,Kulai,primary,male,2020-01-01,11388
Johor,Kulai,primary,male,2021-01-01,11497
Johor,Kulai,primary,male,2022-01-01,11455
Johor,Kulai,primary,male,2023-06-30,17790
Johor,Kulai,primary,male,2024-06-30,17920
Johor,Kulai,primary,male,2025-06-30,18066
Johor,Kulai,secondary,both,2017-01-01,23039
Johor,Kulai,secondary,both,2018-01-01,14871
Johor,Kulai,secondary,both,2019-01-01,14630
Johor,Kulai,secondary,both,2020-01-01,14400
Johor,Kulai,secondary,both,2021-01-01,14383
Johor,Kulai,secondary,both,2022-01-01,14149
Johor,Kulai,secondary,both,2023-06-30,22142
Johor,Kulai,secondary,both,2024-06-30,22801
Johor,Kulai,secondary,both,2025-06-30,23315
Johor,Kulai,secondary,female,2017-01-01,11644
Johor,Kulai,secondary,female,2018-01-01,7324
Johor,Kulai,secondary,female,2019-01-01,7172
Johor,Kulai,secondary,female,2020-01-01,7003
Johor,Kulai,secondary,female,2021-01-01,7011
Johor,Kulai,secondary,female,2022-01-01,6839
Johor,Kulai,secondary,female,2023-06-30,10877
Johor,Kulai,secondary,female,2024-06-30,11161
Johor,Kulai,secondary,female,2025-06-30,11316
Johor,Kulai,secondary,male,2017-01-01,11395
Johor,Kulai,secondary,male,2018-01-01,7547
Johor,Kulai,secondary,male,2019-01-01,7458
Johor,Kulai,secondary,male,2020-01-01,7397
Johor,Kulai,secondary,male,2021-01-01,7372
Johor,Kulai,secondary,male,2022-01-01,7310
Johor,Kulai,secondary,male,2023-06-30,11265
Johor,Kulai,secondary,male,2024-06-30,11640
Johor,Kulai,secondary,male,2025-06-30,11999
Johor,Kulai,post_secondary,both,2018-01-01,731
Johor,Kulai,post_secondary,both,2019-01-01,667
Johor,Kulai,post_secondary,both,2020-01-01,293
Johor,Kulai,post_secondary,both,2021-01-01,276
Johor,Kulai,post_secondary,both,2022-01-01,309
Johor,Kulai,post_secondary,both,2023-06-30,323
Johor,Kulai,post_secondary,both,2024-06-30,288
Johor,Kulai,post_secondary,both,2025-06-30,724
Johor,Kulai,post_secondary,female,2018-01-01,492
Johor,Kulai,post_secondary,female,2019-01-01,442
Johor,Kulai,post_secondary,female,2020-01-01,186
Johor,Kulai,post_secondary,female,2021-01-01,188
Johor,Kulai,post_secondary,female,2022-01-01,220
Johor,Kulai,post_secondary,female,2023-06-30,216
Johor,Kulai,post_secondary,female,2024-06-30,187
Johor,Kulai,post_secondary,female,2025-06-30,473
Johor,Kulai,post_secondary,male,2018-01-01,239
Johor,Kulai,post_secondary,male,2019-01-01,225
Johor,Kulai,post_secondary,male,2020-01-01,107
Johor,Kulai,post_secondary,male,2021-01-01,88
Johor,Kulai,post_secondary,male,2022-01-01,89
Johor,Kulai,post_secondary,male,2023-06-30,107
Johor,Kulai,post_secondary,male,2024-06-30,101
Johor,Kulai,post_secondary,male,2025-06-30,251
Johor,Mersing,primary,both,2017-01-01,7405
Johor,Mersing,primary,both,2018-01-01,7597
Johor,Mersing,primary,both,2019-01-01,7709
Johor,Mersing,primary,both,2020-01-01,7750
Johor,Mersing,primary,both,2021-01-01,7798
Johor,Mersing,primary,both,2022-01-01,7838
Johor,Mersing,primary,both,2023-06-30,7850
Johor,Mersing,primary,both,2024-06-30,7729
Johor,Mersing,primary,both,2025-06-30,7599
Johor,Mersing,primary,female,2017-01-01,3574
Johor,Mersing,primary,female,2018-01-01,3676
Johor,Mersing,primary,female,2019-01-01,3766
Johor,Mersing,primary,female,2020-01-01,3778
Johor,Mersing,primary,female,2021-01-01,3780
Johor,Mersing,primary,female,2022-01-01,3781
Johor,Mersing,primary,female,2023-06-30,3789
Johor,Mersing,primary,female,2024-06-30,3696
Johor,Mersing,primary,female,2025-06-30,3644
Johor,Mersing,primary,male,2017-01-01,3831
Johor,Mersing,primary,male,2018-01-01,3921
Johor,Mersing,primary,male,2019-01-01,3943
Johor,Mersing,primary,male,2020-01-01,3972
Johor,Mersing,primary,male,2021-01-01,4018
Johor,Mersing,primary,male,2022-01-01,4057
Johor,Mersing,primary,male,2023-06-30,4061
Johor,Mersing,primary,male,2024-06-30,4033
Johor,Mersing,primary,male,2025-06-30,3955
Johor,Mersing,secondary,both,2017-01-01,6108
Johor,Mersing,secondary,both,2018-01-01,5643
Johor,Mersing,secondary,both,2019-01-01,5517
Johor,Mersing,secondary,both,2020-01-01,5490
Johor,Mersing,secondary,both,2021-01-01,5497
Johor,Mersing,secondary,both,2022-01-01,5734
Johor,Mersing,secondary,both,2023-06-30,5723
Johor,Mersing,secondary,both,2024-06-30,5733
Johor,Mersing,secondary,both,2025-06-30,5797
Johor,Mersing,secondary,female,2017-01-01,3144
Johor,Mersing,secondary,female,2018-01-01,2858
Johor,Mersing,secondary,female,2019-01-01,2736
Johor,Mersing,secondary,female,2020-01-01,2734
Johor,Mersing,secondary,female,2021-01-01,2718
Johor,Mersing,secondary,female,2022-01-01,2800
Johor,Mersing,secondary,female,2023-06-30,2793
Johor,Mersing,secondary,female,2024-06-30,2846
Johor,Mersing,secondary,female,2025-06-30,2866
Johor,Mersing,secondary,male,2017-01-01,2964
Johor,Mersing,secondary,male,2018-01-01,2785
Johor,Mersing,secondary,male,2019-01-01,2781
Johor,Mersing,secondary,male,2020-01-01,2756
Johor,Mersing,secondary,male,2021-01-01,2779
Johor,Mersing,secondary,male,2022-01-01,2934
Johor,Mersing,secondary,male,2023-06-30,2930
Johor,Mersing,secondary,male,2024-06-30,2887
Johor,Mersing,secondary,male,2025-06-30,2931
Johor,Mersing,post_secondary,both,2018-01-01,258
Johor,Mersing,post_secondary,both,2019-01-01,216
Johor,Mersing,post_secondary,both,2020-01-01,113
Johor,Mersing,post_secondary,both,2021-01-01,123
Johor,Mersing,post_secondary,both,2022-01-01,102
Johor,Mersing,post_secondary,both,2023-06-30,94
Johor,Mersing,post_secondary,both,2024-06-30,94
Johor,Mersing,post_secondary,both,2025-06-30,198
Johor,Mersing,post_secondary,female,2018-01-01,195
Johor,Mersing,post_secondary,female,2019-01-01,163
Johor,Mersing,post_secondary,female,2020-01-01,80
Johor,Mersing,post_secondary,female,2021-01-01,85
Johor,Mersing,post_secondary,female,2022-01-01,73
Johor,Mersing,post_secondary,female,2023-06-30,72
Johor,Mersing,post_secondary,female,2024-06-30,63
Johor,Mersing,post_secondary,female,2025-06-30,122
Johor,Mersing,post_secondary,male,2018-01-01,63
Johor,Mersing,post_secondary,male,2019-01-01,53
Johor,Mersing,post_secondary,male,2020-01-01,33
Johor,Mersing,post_secondary,male,2021-01-01,38
Johor,Mersing,post_secondary,male,2022-01-01,29
Johor,Mersing,post_secondary,male,2023-06-30,22
Johor,Mersing,post_secondary,male,2024-06-30,31
Johor,Mersing,post_secondary,male,2025-06-30,76
Johor,Muar,primary,both,2017-01-01,22458
Johor,Muar,primary,both,2018-01-01,22375
Johor,Muar,primary,both,2019-01-01,22362
Johor,Muar,primary,both,2020-01-01,22054
Johor,Muar,primary,both,2021-01-01,22049
Johor,Muar,primary,both,2022-01-01,22030
Johor,Muar,primary,both,2023-06-30,21975
Johor,Muar,primary,both,2024-06-30,21817
Johor,Muar,primary,both,2025-06-30,21471
Johor,Muar,primary,female,2017-01-01,10816
Johor,Muar,primary,female,2018-01-01,10800
Johor,Muar,primary,female,2019-01-01,10780
Johor,Muar,primary,female,2020-01-01,10599
Johor,Muar,primary,female,2021-01-01,10662
Johor,Muar,primary,female,2022-01-01,10693
Johor,Muar,primary,female,2023-06-30,10733
Johor,Muar,primary,female,2024-06-30,10619
Johor,Muar,primary,female,2025-06-30,10469
Johor,Muar,primary,male,2017-01-01,11642
Johor,Muar,primary,male,2018-01-01,11575
Johor,Muar,primary,male,2019-01-01,11582
Johor,Muar,primary,male,2020-01-01,11455
Johor,Muar,primary,male,2021-01-01,11387
Johor,Muar,primary,male,2022-01-01,11337
Johor,Muar,primary,male,2023-06-30,11242
Johor,Muar,primary,male,2024-06-30,11198
Johor,Muar,primary,male,2025-06-30,11002
Johor,Muar,secondary,both,2017-01-01,20211
Johor,Muar,secondary,both,2018-01-01,18160
Johor,Muar,secondary,both,2019-01-01,17785
Johor,Muar,secondary,both,2020-01-01,17686
Johor,Muar,secondary,both,2021-01-01,17884
Johor,Muar,secondary,both,2022-01-01,17965
Johor,Muar,secondary,both,2023-06-30,17713
Johor,Muar,secondary,both,2024-06-30,18137
Johor,Muar,secondary,both,2025-06-30,18169
Johor,Muar,secondary,female,2017-01-01,10141
Johor,Muar,secondary,female,2018-01-01,8889
Johor,Muar,secondary,female,2019-01-01,8765
Johor,Muar,secondary,female,2020-01-01,8708
Johor,Muar,secondary,female,2021-01-01,8801
Johor,Muar,secondary,female,2022-01-01,8811
Johor,Muar,secondary,female,2023-06-30,8682
Johor,Muar,secondary,female,2024-06-30,8882
Johor,Muar,secondary,female,2025-06-30,8834
Johor,Muar,secondary,male,2017-01-01,10070
Johor,Muar,secondary,male,2018-01-01,9271
Johor,Muar,secondary,male,2019-01-01,9020
Johor,Muar,secondary,male,2020-01-01,8978
Johor,Muar,secondary,male,2021-01-01,9083
Johor,Muar,secondary,male,2022-01-01,9154
Johor,Muar,secondary,male,2023-06-30,9031
Johor,Muar,secondary,male,2024-06-30,9255
Johor,Muar,secondary,male,2025-06-30,9335
Johor,Muar,post_secondary,both,2018-01-01,1408
Johor,Muar,post_secondary,both,2019-01-01,1336
Johor,Muar,post_secondary,both,2020-01-01,692
Johor,Muar,post_secondary,both,2021-01-01,687
Johor,Muar,post_secondary,both,2022-01-01,733
Johor,Muar,post_secondary,both,2023-06-30,865
Johor,Muar,post_secondary,both,2024-06-30,784
Johor,Muar,post_secondary,both,2025-06-30,1299
Johor,Muar,post_secondary,female,2018-01-01,865
Johor,Muar,post_secondary,female,2019-01-01,796
Johor,Muar,post_secondary,female,2020-01-01,374
Johor,Muar,post_secondary,female,2021-01-01,426
Johor,Muar,post_secondary,female,2022-01-01,393
Johor,Muar,post_secondary,female,2023-06-30,457
Johor,Muar,post_secondary,female,2024-06-30,423
Johor,Muar,post_secondary,female,2025-06-30,764
Johor,Muar,post_secondary,male,2018-01-01,543
Johor,Muar,post_secondary,male,2019-01-01,540
Johor,Muar,post_secondary,male,2020-01-01,318
Johor,Muar,post_secondary,male,2021-01-01,261
Johor,Muar,post_secondary,male,2022-01-01,340
Johor,Muar,post_secondary,male,2023-06-30,408
Johor,Muar,post_secondary,male,2024-06-30,361
Johor,Muar,post_secondary,male,2025-06-30,535
Johor,Pontian,primary,both,2017-01-01,15682
Johor,Pontian,primary,both,2018-01-01,15634
Johor,Pontian,primary,both,2019-01-01,15842
Johor,Pontian,primary,both,2020-01-01,15629
Johor,Pontian,primary,both,2021-01-01,15786
Johor,Pontian,primary,both,2022-01-01,15842
Johor,Pontian,primary,both,2023-06-30,15890
Johor,Pontian,primary,both,2024-06-30,15870
Johor,Pontian,primary,both,2025-06-30,15861
Johor,Pontian,primary,female,2017-01-01,7617
Johor,Pontian,primary,female,2018-01-01,7631
Johor,Pontian,primary,female,2019-01-01,7765
Johor,Pontian,primary,female,2020-01-01,7730
Johor,Pontian,primary,female,2021-01-01,7761
Johor,Pontian,primary,female,2022-01-01,7770
Johor,Pontian,primary,female,2023-06-30,7734
Johor,Pontian,primary,female,2024-06-30,7690
Johor,Pontian,primary,female,2025-06-30,7585
Johor,Pontian,primary,male,2017-01-01,8065
Johor,Pontian,primary,male,2018-01-01,8003
Johor,Pontian,primary,male,2019-01-01,8077
Johor,Pontian,primary,male,2020-01-01,7899
Johor,Pontian,primary,male,2021-01-01,8025
Johor,Pontian,primary,male,2022-01-01,8072
Johor,Pontian,primary,male,2023-06-30,8156
Johor,Pontian,primary,male,2024-06-30,8180
Johor,Pontian,primary,male,2025-06-30,8276
Johor,Pontian,secondary,both,2017-01-01,14304
Johor,Pontian,secondary,both,2018-01-01,12837
Johor,Pontian,secondary,both,2019-01-01,12628
Johor,Pontian,secondary,both,2020-01-01,12674
Johor,Pontian,secondary,both,2021-01-01,12755
Johor,Pontian,secondary,both,2022-01-01,12656
Johor,Pontian,secondary,both,2023-06-30,12418
Johor,Pontian,secondary,both,2024-06-30,12596
Johor,Pontian,secondary,both,2025-06-30,12691
Johor,Pontian,secondary,female,2017-01-01,7323
Johor,Pontian,secondary,female,2018-01-01,6439
Johor,Pontian,secondary,female,2019-01-01,6293
Johor,Pontian,secondary,female,2020-01-01,6278
Johor,Pontian,secondary,female,2021-01-01,6284
Johor,Pontian,secondary,female,2022-01-01,6179
Johor,Pontian,secondary,female,2023-06-30,6097
Johor,Pontian,secondary,female,2024-06-30,6152
Johor,Pontian,secondary,female,2025-06-30,6246
Johor,Pontian,secondary,male,2017-01-01,6981
Johor,Pontian,secondary,male,2018-01-01,6398
Johor,Pontian,secondary,male,2019-01-01,6335
Johor,Pontian,secondary,male,2020-01-01,6396
Johor,Pontian,secondary,male,2021-01-01,6471
Johor,Pontian,secondary,male,2022-01-01,6477
Johor,Pontian,secondary,male,2023-06-30,6321
Johor,Pontian,secondary,male,2024-06-30,6444
Johor,Pontian,secondary,male,2025-06-30,6445
Johor,Pontian,post_secondary,both,2018-01-01,949
Johor,Pontian,post_secondary,both,2019-01-01,833
Johor,Pontian,post_secondary,both,2020-01-01,408
Johor,Pontian,post_secondary,both,2021-01-01,441
Johor,Pontian,post_secondary,both,2022-01-01,487
Johor,Pontian,post_secondary,both,2023-06-30,566
Johor,Pontian,post_secondary,both,2024-06-30,513
Johor,Pontian,post_secondary,both,2025-06-30,791
Johor,Pontian,post_secondary,female,2018-01-01,660
Johor,Pontian,post_secondary,female,2019-01-01,559
Johor,Pontian,post_secondary,female,2020-01-01,266
Johor,Pontian,post_secondary,female,2021-01-01,305
Johor,Pontian,post_secondary,female,2022-01-01,282
Johor,Pontian,post_secondary,female,2023-06-30,313
Johor,Pontian,post_secondary,female,2024-06-30,259
Johor,Pontian,post_secondary,female,2025-06-30,445
Johor,Pontian,post_secondary,male,2018-01-01,289
Johor,Pontian,post_secondary,male,2019-01-01,274
Johor,Pontian,post_secondary,male,2020-01-01,142
Johor,Pontian,post_secondary,male,2021-01-01,136
Johor,Pontian,post_secondary,male,2022-01-01,205
Johor,Pontian,post_secondary,male,2023-06-30,253
Johor,Pontian,post_secondary,male,2024-06-30,254
Johor,Pontian,post_secondary,male,2025-06-30,346
Johor,Segamat,primary,both,2017-01-01,17682
Johor,Segamat,primary,both,2018-01-01,17551
Johor,Segamat,primary,both,2019-01-01,17540
Johor,Segamat,primary,both,2020-01-01,17342
Johor,Segamat,primary,both,2021-01-01,17333
Johor,Segamat,primary,both,2022-01-01,17187
Johor,Segamat,primary,both,2023-06-30,16988
Johor,Segamat,primary,both,2024-06-30,16807
Johor,Segamat,primary,both,2025-06-30,16572
Johor,Segamat,primary,female,2017-01-01,8584
Johor,Segamat,primary,female,2018-01-01,8519
Johor,Segamat,primary,female,2019-01-01,8470
Johor,Segamat,primary,female,2020-01-01,8352
Johor,Segamat,primary,female,2021-01-01,8385
Johor,Segamat,primary,female,2022-01-01,8354
Johor,Segamat,primary,female,2023-06-30,8267
Johor,Segamat,primary,female,2024-06-30,8223
Johor,Segamat,primary,female,2025-06-30,8169
Johor,Segamat,primary,male,2017-01-01,9098
Johor,Segamat,primary,male,2018-01-01,9032
Johor,Segamat,primary,male,2019-01-01,9070
Johor,Segamat,primary,male,2020-01-01,8990
Johor,Segamat,primary,male,2021-01-01,8948
Johor,Segamat,primary,male,2022-01-01,8833
Johor,Segamat,primary,male,2023-06-30,8721
Johor,Segamat,primary,male,2024-06-30,8584
Johor,Segamat,primary,male,2025-06-30,8403
Johor,Segamat,secondary,both,2017-01-01,16200
Johor,Segamat,secondary,both,2018-01-01,14188
Johor,Segamat,secondary,both,2019-01-01,13628
Johor,Segamat,secondary,both,2020-01-01,13441
Johor,Segamat,secondary,both,2021-01-01,13538
Johor,Segamat,secondary,both,2022-01-01,13514
Johor,Segamat,secondary,both,2023-06-30,13227
Johor,Segamat,secondary,both,2024-06-30,13587
Johor,Segamat,secondary,both,2025-06-30,13984
Johor,Segamat,secondary,female,2017-01-01,8134
Johor,Segamat,secondary,female,2018-01-01,7151
Johor,Segamat,secondary,female,2019-01-01,6816
Johor,Segamat,secondary,female,2020-01-01,6647
Johor,Segamat,secondary,female,2021-01-01,6610
Johor,Segamat,secondary,female,2022-01-01,6556
Johor,Segamat,secondary,female,2023-06-30,6452
Johor,Segamat,secondary,female,2024-06-30,6602
Johor,Segamat,secondary,female,2025-06-30,6716
Johor,Segamat,secondary,male,2017-01-01,8066
Johor,Segamat,secondary,male,2018-01-01,7037
Johor,Segamat,secondary,male,2019-01-01,6812
Johor,Segamat,secondary,male,2020-01-01,6794
Johor,Segamat,secondary,male,2021-01-01,6928
Johor,Segamat,secondary,male,2022-01-01,6958
Johor,Segamat,secondary,male,2023-06-30,6775
Johor,Segamat,secondary,male,2024-06-30,6985
Johor,Segamat,secondary,male,2025-06-30,7268
Johor,Segamat,post_secondary,both,2018-01-01,1152
Johor,Segamat,post_secondary,both,2019-01-01,1042
Johor,Segamat,post_secondary,both,2020-01-01,576
Johor,Segamat,post_secondary,both,2021-01-01,480
Johor,Segamat,post_secondary,both,2022-01-01,512
Johor,Segamat,post_secondary,both,2023-06-30,587
Johor,Segamat,post_secondary,both,2024-06-30,539
Johor,Segamat,post_secondary,both,2025-06-30,905
Johor,Segamat,post_secondary,female,2018-01-01,626
Johor,Segamat,post_secondary,female,2019-01-01,584
Johor,Segamat,post_secondary,female,2020-01-01,280
Johor,Segamat,post_secondary,female,2021-01-01,238
Johor,Segamat,post_secondary,female,2022-01-01,226
Johor,Segamat,post_secondary,female,2023-06-30,268
Johor,Segamat,post_secondary,female,2024-06-30,272
Johor,Segamat,post_secondary,female,2025-06-30,479
Johor,Segamat,post_secondary,male,2018-01-01,526
Johor,Segamat,post_secondary,male,2019-01-01,458
Johor,Segamat,post_secondary,male,2020-01-01,296
Johor,Segamat,post_secondary,male,2021-01-01,242
Johor,Segamat,post_secondary,male,2022-01-01,286
Johor,Segamat,post_secondary,male,2023-06-30,319
Johor,Segamat,post_secondary,male,2024-06-30,267
Johor,Segamat,post_secondary,male,2025-06-30,426
Johor,Tangkak,primary,both,2017-01-01,12111
Johor,Tangkak,primary,both,2018-01-01,12060
Johor,Tangkak,primary,both,2019-01-01,12012
Johor,Tangkak,primary,both,2020-01-01,11832
Johor,Tangkak,primary,both,2021-01-01,11765
Johor,Tangkak,primary,both,2022-01-01,11704
Johor,Tangkak,primary,both,2023-06-30,11679
Johor,Tangkak,primary,both,2024-06-30,11543
Johor,Tangkak,primary,both,2025-06-30,11395
Johor,Tangkak,primary,female,2017-01-01,5735
Johor,Tangkak,primary,female,2018-01-01,5717
Johor,Tangkak,primary,female,2019-01-01,5719
Johor,Tangkak,primary,female,2020-01-01,5663
Johor,Tangkak,primary,female,2021-01-01,5612
Johor,Tangkak,primary,female,2022-01-01,5649
Johor,Tangkak,primary,female,2023-06-30,5627
Johor,Tangkak,primary,female,2024-06-30,5558
Johor,Tangkak,primary,female,2025-06-30,5483
Johor,Tangkak,primary,male,2017-01-01,6376
Johor,Tangkak,primary,male,2018-01-01,6343
Johor,Tangkak,primary,male,2019-01-01,6293
Johor,Tangkak,primary,male,2020-01-01,6169
Johor,Tangkak,primary,male,2021-01-01,6153
Johor,Tangkak,primary,male,2022-01-01,6055
Johor,Tangkak,primary,male,2023-06-30,6052
Johor,Tangkak,primary,male,2024-06-30,5985
Johor,Tangkak,primary,male,2025-06-30,5912
Johor,Tangkak,secondary,both,2017-01-01,11729
Johor,Tangkak,secondary,both,2018-01-01,10664
Johor,Tangkak,secondary,both,2019-01-01,10300
Johor,Tangkak,secondary,both,2020-01-01,10225
Johor,Tangkak,secondary,both,2021-01-01,10152
Johor,Tangkak,secondary,both,2022-01-01,10002
Johor,Tangkak,secondary,both,2023-06-30,9769
Johor,Tangkak,secondary,both,2024-06-30,9763
Johor,Tangkak,secondary,both,2025-06-30,9762
Johor,Tangkak,secondary,female,2017-01-01,6077
Johor,Tangkak,secondary,female,2018-01-01,5463
Johor,Tangkak,secondary,female,2019-01-01,5200
Johor,Tangkak,secondary,female,2020-01-01,5142
Johor,Tangkak,secondary,female,2021-01-01,5110
Johor,Tangkak,secondary,female,2022-01-01,5002
Johor,Tangkak,secondary,female,2023-06-30,4881
Johor,Tangkak,secondary,female,2024-06-30,4894
Johor,Tangkak,secondary,female,2025-06-30,4878
Johor,Tangkak,secondary,male,2017-01-01,5652
Johor,Tangkak,secondary,male,2018-01-01,5201
Johor,Tangkak,secondary,male,2019-01-01,5100
Johor,Tangkak,secondary,male,2020-01-01,5083
Johor,Tangkak,secondary,male,2021-01-01,5042
Johor,Tangkak,secondary,male,2022-01-01,5000
Johor,Tangkak,secondary,male,2023-06-30,4888
Johor,Tangkak,secondary,male,2024-06-30,4869
Johor,Tangkak,secondary,male,2025-06-30,4884
Johor,Tangkak,post_secondary,both,2018-01-01,486
Johor,Tangkak,post_secondary,both,2019-01-01,440
Johor,Tangkak,post_secondary,both,2020-01-01,194
Johor,Tangkak,post_secondary,both,2021-01-01,200
Johor,Tangkak,post_secondary,both,2022-01-01,206
Johor,Tangkak,post_secondary,both,2023-06-30,203
Johor,Tangkak,post_secondary,both,2024-06-30,241
Johor,Tangkak,post_secondary,both,2025-06-30,360
Johor,Tangkak,post_secondary,female,2018-01-01,324
Johor,Tangkak,post_secondary,female,2019-01-01,305
Johor,Tangkak,post_secondary,female,2020-01-01,144
Johor,Tangkak,post_secondary,female,2021-01-01,131
Johor,Tangkak,post_secondary,female,2022-01-01,134
Johor,Tangkak,post_secondary,female,2023-06-30,134
Johor,Tangkak,post_secondary,female,2024-06-30,160
Johor,Tangkak,post_secondary,female,2025-06-30,245
Johor,Tangkak,post_secondary,male,2018-01-01,162
Johor,Tangkak,post_secondary,male,2019-01-01,135
Johor,Tangkak,post_secondary,male,2020-01-01,50
Johor,Tangkak,post_secondary,male,2021-01-01,69
Johor,Tangkak,post_secondary,male,2022-01-01,72
Johor,Tangkak,post_secondary,male,2023-06-30,69
Johor,Tangkak,post_secondary,male,2024-06-30,81
Johor,Tangkak,post_secondary,male,2025-06-30,115
Johor,Pasir Gudang,primary,both,2023-06-30,69693
Johor,Pasir Gudang,primary,both,2024-06-30,70594
Johor,Pasir Gudang,primary,both,2025-06-30,71348
Johor,Pasir Gudang,primary,female,2023-06-30,34202
Johor,Pasir Gudang,primary,female,2024-06-30,34587
Johor,Pasir Gudang,primary,female,2025-06-30,34871
Johor,Pasir Gudang,primary,male,2023-06-30,35491
Johor,Pasir Gudang,primary,male,2024-06-30,36007
Johor,Pasir Gudang,primary,male,2025-06-30,36477
Johor,Pasir Gudang,secondary,both,2023-06-30,47468
Johor,Pasir Gudang,secondary,both,2024-06-30,47810
Johor,Pasir Gudang,secondary,both,2025-06-30,48402
Johor,Pasir Gudang,secondary,female,2023-06-30,23276
Johor,Pasir Gudang,secondary,female,2024-06-30,23567
Johor,Pasir Gudang,secondary,female,2025-06-30,23833
Johor,Pasir Gudang,secondary,male,2023-06-30,24192
Johor,Pasir Gudang,secondary,male,2024-06-30,24243
Johor,Pasir Gudang,secondary,male,2025-06-30,24569
Johor,Pasir Gudang,post_secondary,both,2023-06-30,657
Johor,Pasir Gudang,post_secondary,both,2024-06-30,617
Johor,Pasir Gudang,post_secondary,both,2025-06-30,1299
Johor,Pasir Gudang,post_secondary,female,2023-06-30,405
Johor,Pasir Gudang,post_secondary,female,2024-06-30,410
Johor,Pasir Gudang,post_secondary,female,2025-06-30,847
Johor,Pasir Gudang,post_secondary,male,2023-06-30,252
Johor,Pasir Gudang,post_secondary,male,2024-06-30,207
Johor,Pasir Gudang,post_secondary,male,2025-06-30,452
Kedah,All Districts,primary,both,2017-01-01,190028
Kedah,All Districts,primary,both,2018-01-01,189797
Kedah,All Districts,primary,both,2019-01-01,189969
Kedah,All Districts,primary,both,2020-01-01,189170
Kedah,All Districts,primary,both,2021-01-01,189245
Kedah,All Districts,primary,both,2022-01-01,188524
Kedah,All Districts,primary,both,2023-06-30,188360
Kedah,All Districts,primary,both,2024-06-30,187745
Kedah,All Districts,primary,both,2025-06-30,186425
Kedah,All Districts,primary,female,2017-01-01,93003
Kedah,All Districts,primary,female,2018-01-01,93089
Kedah,All Districts,primary,female,2019-01-01,93091
Kedah,All Districts,primary,female,2020-01-01,92895
Kedah,All Districts,primary,female,2021-01-01,92702
Kedah,All Districts,primary,female,2022-01-01,92340
Kedah,All Districts,primary,female,2023-06-30,92363
Kedah,All Districts,primary,female,2024-06-30,91954
Kedah,All Districts,primary,female,2025-06-30,91318
Kedah,All Districts,primary,male,2017-01-01,97025
Kedah,All Districts,primary,male,2018-01-01,96708
Kedah,All Districts,primary,male,2019-01-01,96878
Kedah,All Districts,primary,male,2020-01-01,96275
Kedah,All Districts,primary,male,2021-01-01,96543
Kedah,All Districts,primary,male,2022-01-01,96184
Kedah,All Districts,primary,male,2023-06-30,95997
Kedah,All Districts,primary,male,2024-06-30,95791
Kedah,All Districts,primary,male,2025-06-30,95107
Kedah,All Districts,secondary,both,2017-01-01,159612
Kedah,All Districts,secondary,both,2018-01-01,143535
Kedah,All Districts,secondary,both,2019-01-01,140346
Kedah,All Districts,secondary,both,2020-01-01,139192
Kedah,All Districts,secondary,both,2021-01-01,141216
Kedah,All Districts,secondary,both,2022-01-01,143591
Kedah,All Districts,secondary,both,2023-06-30,142906
Kedah,All Districts,secondary,both,2024-06-30,144387
Kedah,All Districts,secondary,both,2025-06-30,145882
Kedah,All Districts,secondary,female,2017-01-01,83140
Kedah,All Districts,secondary,female,2018-01-01,73315
Kedah,All Districts,secondary,female,2019-01-01,71551
Kedah,All Districts,secondary,female,2020-01-01,70704
Kedah,All Districts,secondary,female,2021-01-01,71380
Kedah,All Districts,secondary,female,2022-01-01,72060
Kedah,All Districts,secondary,female,2023-06-30,71816
Kedah,All Districts,secondary,female,2024-06-30,72475
Kedah,All Districts,secondary,female,2025-06-30,73135
Kedah,All Districts,secondary,male,2017-01-01,76472
Kedah,All Districts,secondary,male,2018-01-01,70220
Kedah,All Districts,secondary,male,2019-01-01,68795
Kedah,All Districts,secondary,male,2020-01-01,68488
Kedah,All Districts,secondary,male,2021-01-01,69836
Kedah,All Districts,secondary,male,2022-01-01,71531
Kedah,All Districts,secondary,male,2023-06-30,71090
Kedah,All Districts,secondary,male,2024-06-30,71912
Kedah,All Districts,secondary,male,2025-06-30,72747
Kedah,All Districts,post_secondary,both,2018-01-01,9162
Kedah,All Districts,post_secondary,both,2019-01-01,8808
Kedah,All Districts,post_secondary,both,2020-01-01,5103
Kedah,All Districts,post_secondary,both,2021-01-01,4638
Kedah,All Districts,post_secondary,both,2022-01-01,4941
Kedah,All Districts,post_secondary,both,2023-06-30,5020
Kedah,All Districts,post_secondary,both,2024-06-30,4878
Kedah,All Districts,post_secondary,both,2025-06-30,8327
Kedah,All Districts,post_secondary,female,2018-01-01,6010
Kedah,All Districts,post_secondary,female,2019-01-01,5816
Kedah,All Districts,post_secondary,female,2020-01-01,3205
Kedah,All Districts,post_secondary,female,2021-01-01,2841
Kedah,All Districts,post_secondary,female,2022-01-01,3010
Kedah,All Districts,post_secondary,female,2023-06-30,3047
Kedah,All Districts,post_secondary,female,2024-06-30,3016
Kedah,All Districts,post_secondary,female,2025-06-30,5316
Kedah,All Districts,post_secondary,male,2018-01-01,3152
Kedah,All Districts,post_secondary,male,2019-01-01,2992
Kedah,All Districts,post_secondary,male,2020-01-01,1898
Kedah,All Districts,post_secondary,male,2021-01-01,1797
Kedah,All Districts,post_secondary,male,2022-01-01,1931
Kedah,All Districts,post_secondary,male,2023-06-30,1973
Kedah,All Districts,post_secondary,male,2024-06-30,1862
Kedah,All Districts,post_secondary,male,2025-06-30,3011
Kedah,Baling,primary,both,2017-01-01,21269
Kedah,Baling,primary,both,2018-01-01,14274
Kedah,Baling,primary,both,2019-01-01,14359
Kedah,Baling,primary,both,2020-01-01,14283
Kedah,Baling,primary,both,2021-01-01,14300
Kedah,Baling,primary,both,2022-01-01,14255
Kedah,Baling,primary,both,2023-06-30,14326
Kedah,Baling,primary,both,2024-06-30,14374
Kedah,Baling,primary,both,2025-06-30,14429
Kedah,Baling,primary,female,2017-01-01,10428
Kedah,Baling,primary,female,2018-01-01,7054
Kedah,Baling,primary,female,2019-01-01,7070
Kedah,Baling,primary,female,2020-01-01,7036
Kedah,Baling,primary,female,2021-01-01,7005
Kedah,Baling,primary,female,2022-01-01,7000
Kedah,Baling,primary,female,2023-06-30,7014
Kedah,Baling,primary,female,2024-06-30,7080
Kedah,Baling,primary,female,2025-06-30,7120
Kedah,Baling,primary,male,2017-01-01,10841
Kedah,Baling,primary,male,2018-01-01,7220
Kedah,Baling,primary,male,2019-01-01,7289
Kedah,Baling,primary,male,2020-01-01,7247
Kedah,Baling,primary,male,2021-01-01,7295
Kedah,Baling,primary,male,2022-01-01,7255
Kedah,Baling,primary,male,2023-06-30,7312
Kedah,Baling,primary,male,2024-06-30,7294
Kedah,Baling,primary,male,2025-06-30,7309
Kedah,Baling,secondary,both,2017-01-01,17617
Kedah,Baling,secondary,both,2018-01-01,10952
Kedah,Baling,secondary,both,2019-01-01,10437
Kedah,Baling,secondary,both,2020-01-01,10309
Kedah,Baling,secondary,both,2021-01-01,10477
Kedah,Baling,secondary,both,2022-01-01,10748
Kedah,Baling,secondary,both,2023-06-30,10824
Kedah,Baling,secondary,both,2024-06-30,11058
Kedah,Baling,secondary,both,2025-06-30,11188
Kedah,Baling,secondary,female,2017-01-01,9433
Kedah,Baling,secondary,female,2018-01-01,5623
Kedah,Baling,secondary,female,2019-01-01,5424
Kedah,Baling,secondary,female,2020-01-01,5294
Kedah,Baling,secondary,female,2021-01-01,5379
Kedah,Baling,secondary,female,2022-01-01,5454
Kedah,Baling,secondary,female,2023-06-30,5476
Kedah,Baling,secondary,female,2024-06-30,5543
Kedah,Baling,secondary,female,2025-06-30,5629
Kedah,Baling,secondary,male,2017-01-01,8184
Kedah,Baling,secondary,male,2018-01-01,5329
Kedah,Baling,secondary,male,2019-01-01,5013
Kedah,Baling,secondary,male,2020-01-01,5015
Kedah,Baling,secondary,male,2021-01-01,5098
Kedah,Baling,secondary,male,2022-01-01,5294
Kedah,Baling,secondary,male,2023-06-30,5348
Kedah,Baling,secondary,male,2024-06-30,5515
Kedah,Baling,secondary,male,2025-06-30,5559
Kedah,Baling,post_secondary,both,2018-01-01,529
Kedah,Baling,post_secondary,both,2019-01-01,481
Kedah,Baling,post_secondary,both,2020-01-01,209
Kedah,Baling,post_secondary,both,2021-01-01,172
Kedah,Baling,post_secondary,both,2022-01-01,258
Kedah,Baling,post_secondary,both,2023-06-30,243
Kedah,Baling,post_secondary,both,2024-06-30,229
Kedah,Baling,post_secondary,both,2025-06-30,474
Kedah,Baling,post_secondary,female,2018-01-01,397
Kedah,Baling,post_secondary,female,2019-01-01,349
Kedah,Baling,post_secondary,female,2020-01-01,148
Kedah,Baling,post_secondary,female,2021-01-01,119
Kedah,Baling,post_secondary,female,2022-01-01,172
Kedah,Baling,post_secondary,female,2023-06-30,186
Kedah,Baling,post_secondary,female,2024-06-30,167
Kedah,Baling,post_secondary,female,2025-06-30,331
Kedah,Baling,post_secondary,male,2018-01-01,132
Kedah,Baling,post_secondary,male,2019-01-01,132
Kedah,Baling,post_secondary,male,2020-01-01,61
Kedah,Baling,post_secondary,male,2021-01-01,53
Kedah,Baling,post_secondary,male,2022-01-01,86
Kedah,Baling,post_secondary,male,2023-06-30,57
Kedah,Baling,post_secondary,male,2024-06-30,62
Kedah,Baling,post_secondary,male,2025-06-30,143
Kedah,Bandar Baharu,primary,both,2017-01-01,33123
Kedah,Bandar Baharu,primary,both,2018-01-01,4236
Kedah,Bandar Baharu,primary,both,2019-01-01,4325
Kedah,Bandar Baharu,primary,both,2020-01-01,4242
Kedah,Bandar Baharu,primary,both,2021-01-01,4259
Kedah,Bandar Baharu,primary,both,2022-01-01,4142
Kedah,Bandar Baharu,primary,female,2017-01-01,16343
Kedah,Bandar Baharu,primary,female,2018-01-01,2041
Kedah,Bandar Baharu,primary,female,2019-01-01,2114
Kedah,Bandar Baharu,primary,female,2020-01-01,2082
Kedah,Bandar Baharu,primary,female,2021-01-01,2093
Kedah,Bandar Baharu,primary,female,2022-01-01,2016
Kedah,Bandar Baharu,primary,male,2017-01-01,16780
Kedah,Bandar Baharu,primary,male,2018-01-01,2195
Kedah,Bandar Baharu,primary,male,2019-01-01,2211
Kedah,Bandar Baharu,primary,male,2020-01-01,2160
Kedah,Bandar Baharu,primary,male,2021-01-01,2166
Kedah,Bandar Baharu,primary,male,2022-01-01,2126
Kedah,Bandar Baharu,secondary,both,2017-01-01,25735
Kedah,Bandar Baharu,secondary,both,2018-01-01,2917
Kedah,Bandar Baharu,secondary,both,2019-01-01,2843
Kedah,Bandar Baharu,secondary,both,2020-01-01,2806
Kedah,Bandar Baharu,secondary,both,2021-01-01,2845
Kedah,Bandar Baharu,secondary,both,2022-01-01,2944
Kedah,Bandar Baharu,secondary,female,2017-01-01,13205
Kedah,Bandar Baharu,secondary,female,2018-01-01,1489
Kedah,Bandar Baharu,secondary,female,2019-01-01,1428
Kedah,Bandar Baharu,secondary,female,2020-01-01,1381
Kedah,Bandar Baharu,secondary,female,2021-01-01,1407
Kedah,Bandar Baharu,secondary,female,2022-01-01,1481
Kedah,Bandar Baharu,secondary,male,2017-01-01,12530
Kedah,Bandar Baharu,secondary,male,2018-01-01,1428
Kedah,Bandar Baharu,secondary,male,2019-01-01,1415
Kedah,Bandar Baharu,secondary,male,2020-01-01,1425
Kedah,Bandar Baharu,secondary,male,2021-01-01,1438
Kedah,Bandar Baharu,secondary,male,2022-01-01,1463
Kedah,Bandar Baharu,post_secondary,both,2018-01-01,130
Kedah,Bandar Baharu,post_secondary,both,2019-01-01,108
Kedah,Bandar Baharu,post_secondary,both,2020-01-01,45
Kedah,Bandar Baharu,post_secondary,both,2021-01-01,72
Kedah,Bandar Baharu,post_secondary,both,2022-01-01,55
Kedah,Bandar Baharu,post_secondary,female,2018-01-01,91
Kedah,Bandar Baharu,post_secondary,female,2019-01-01,77
Kedah,Bandar Baharu,post_secondary,female,2020-01-01,29
Kedah,Bandar Baharu,post_secondary,female,2021-01-01,53
Kedah,Bandar Baharu,post_secondary,female,2022-01-01,31
Kedah,Bandar Baharu,post_secondary,male,2018-01-01,39
Kedah,Bandar Baharu,post_secondary,male,2019-01-01,31
Kedah,Bandar Baharu,post_secondary,male,2020-01-01,16
Kedah,Bandar Baharu,post_secondary,male,2021-01-01,19
Kedah,Bandar Baharu,post_secondary,male,2022-01-01,24
Kedah,Kota Setar,primary,both,2017-01-01,34364
Kedah,Kota Setar,primary,both,2018-01-01,30379
Kedah,Kota Setar,primary,both,2019-01-01,30267
Kedah,Kota Setar,primary,both,2020-01-01,30151
Kedah,Kota Setar,primary,both,2021-01-01,30212
Kedah,Kota Setar,primary,both,2022-01-01,30263
Kedah,Kota Setar,primary,both,2023-06-30,34425
Kedah,Kota Setar,primary,both,2024-06-30,34391
Kedah,Kota Setar,primary,both,2025-06-30,34171
Kedah,Kota Setar,primary,female,2017-01-01,16954
Kedah,Kota Setar,primary,female,2018-01-01,14982
Kedah,Kota Setar,primary,female,2019-01-01,14812
Kedah,Kota Setar,primary,female,2020-01-01,14696
Kedah,Kota Setar,primary,female,2021-01-01,14721
Kedah,Kota Setar,primary,female,2022-01-01,14774
Kedah,Kota Setar,primary,female,2023-06-30,16888
Kedah,Kota Setar,primary,female,2024-06-30,16822
Kedah,Kota Setar,primary,female,2025-06-30,16782
Kedah,Kota Setar,primary,male,2017-01-01,17410
Kedah,Kota Setar,primary,male,2018-01-01,15397
Kedah,Kota Setar,primary,male,2019-01-01,15455
Kedah,Kota Setar,primary,male,2020-01-01,15455
Kedah,Kota Setar,primary,male,2021-01-01,15491
Kedah,Kota Setar,primary,male,2022-01-01,15489
Kedah,Kota Setar,primary,male,2023-06-30,17537
Kedah,Kota Setar,primary,male,2024-06-30,17569
Kedah,Kota Setar,primary,male,2025-06-30,17389
Kedah,Kota Setar,secondary,both,2017-01-01,31538
Kedah,Kota Setar,secondary,both,2018-01-01,24908
Kedah,Kota Setar,secondary,both,2019-01-01,24359
Kedah,Kota Setar,secondary,both,2020-01-01,23745
Kedah,Kota Setar,secondary,both,2021-01-01,24077
Kedah,Kota Setar,secondary,both,2022-01-01,24232
Kedah,Kota Setar,secondary,both,2023-06-30,27065
Kedah,Kota Setar,secondary,both,2024-06-30,27428
Kedah,Kota Setar,secondary,both,2025-06-30,27877
Kedah,Kota Setar,secondary,female,2017-01-01,16271
Kedah,Kota Setar,secondary,female,2018-01-01,12666
Kedah,Kota Setar,secondary,female,2019-01-01,12436
Kedah,Kota Setar,secondary,female,2020-01-01,12111
Kedah,Kota Setar,secondary,female,2021-01-01,12190
Kedah,Kota Setar,secondary,female,2022-01-01,12157
Kedah,Kota Setar,secondary,female,2023-06-30,13560
Kedah,Kota Setar,secondary,female,2024-06-30,13585
Kedah,Kota Setar,secondary,female,2025-06-30,13677
Kedah,Kota Setar,secondary,male,2017-01-01,15267
Kedah,Kota Setar,secondary,male,2018-01-01,12242
Kedah,Kota Setar,secondary,male,2019-01-01,11923
Kedah,Kota Setar,secondary,male,2020-01-01,11634
Kedah,Kota Setar,secondary,male,2021-01-01,11887
Kedah,Kota Setar,secondary,male,2022-01-01,12075
Kedah,Kota Setar,secondary,male,2023-06-30,13505
Kedah,Kota Setar,secondary,male,2024-06-30,13843
Kedah,Kota Setar,secondary,male,2025-06-30,14200
Kedah,Kota Setar,post_secondary,both,2018-01-01,1893
Kedah,Kota Setar,post_secondary,both,2019-01-01,1906
Kedah,Kota Setar,post_secondary,both,2020-01-01,1152
Kedah,Kota Setar,post_secondary,both,2021-01-01,984
Kedah,Kota Setar,post_secondary,both,2022-01-01,1060
Kedah,Kota Setar,post_secondary,both,2023-06-30,1105
Kedah,Kota Setar,post_secondary,both,2024-06-30,1153
Kedah,Kota Setar,post_secondary,both,2025-06-30,1958
Kedah,Kota Setar,post_secondary,female,2018-01-01,1105
Kedah,Kota Setar,post_secondary,female,2019-01-01,1144
Kedah,Kota Setar,post_secondary,female,2020-01-01,635
Kedah,Kota Setar,post_secondary,female,2021-01-01,548
Kedah,Kota Setar,post_secondary,female,2022-01-01,558
Kedah,Kota Setar,post_secondary,female,2023-06-30,551
Kedah,Kota Setar,post_secondary,female,2024-06-30,587
Kedah,Kota Setar,post_secondary,female,2025-06-30,1096
Kedah,Kota Setar,post_secondary,male,2018-01-01,788
Kedah,Kota Setar,post_secondary,male,2019-01-01,762
Kedah,Kota Setar,post_secondary,male,2020-01-01,517
Kedah,Kota Setar,post_secondary,male,2021-01-01,436
Kedah,Kota Setar,post_secondary,male,2022-01-01,502
Kedah,Kota Setar,post_secondary,male,2023-06-30,554
Kedah,Kota Setar,post_secondary,male,2024-06-30,566
Kedah,Kota Setar,post_secondary,male,2025-06-30,862
Kedah,Kuala Muda,primary,both,2017-01-01,52528
Kedah,Kuala Muda,primary,both,2018-01-01,45955
Kedah,Kuala Muda,primary,both,2019-01-01,46029
Kedah,Kuala Muda,primary,both,2020-01-01,45878
Kedah,Kuala Muda,primary,both,2021-01-01,45966
Kedah,Kuala Muda,primary,both,2022-01-01,45886
Kedah,Kuala Muda,primary,both,2025-06-30,39598
Kedah,Kuala Muda,primary,female,2017-01-01,25650
Kedah,Kuala Muda,primary,female,2018-01-01,22592
Kedah,Kuala Muda,primary,female,2019-01-01,22579
Kedah,Kuala Muda,primary,female,2020-01-01,22529
Kedah,Kuala Muda,primary,female,2021-01-01,22499
Kedah,Kuala Muda,primary,female,2022-01-01,22524
Kedah,Kuala Muda,primary,female,2025-06-30,19427
Kedah,Kuala Muda,primary,male,2017-01-01,26878
Kedah,Kuala Muda,primary,male,2018-01-01,23363
Kedah,Kuala Muda,primary,male,2019-01-01,23450
Kedah,Kuala Muda,primary,male,2020-01-01,23349
Kedah,Kuala Muda,primary,male,2021-01-01,23467
Kedah,Kuala Muda,primary,male,2022-01-01,23362
Kedah,Kuala Muda,primary,male,2025-06-30,20171
Kedah,Kuala Muda,secondary,both,2017-01-01,44464
Kedah,Kuala Muda,secondary,both,2018-01-01,34180
Kedah,Kuala Muda,secondary,both,2019-01-01,33363
Kedah,Kuala Muda,secondary,both,2020-01-01,33180
Kedah,Kuala Muda,secondary,both,2021-01-01,33495
Kedah,Kuala Muda,secondary,both,2022-01-01,33162
Kedah,Kuala Muda,secondary,both,2025-06-30,28173
Kedah,Kuala Muda,secondary,female,2017-01-01,23222
Kedah,Kuala Muda,secondary,female,2018-01-01,17457
Kedah,Kuala Muda,secondary,female,2019-01-01,16945
Kedah,Kuala Muda,secondary,female,2020-01-01,16915
Kedah,Kuala Muda,secondary,female,2021-01-01,17036
Kedah,Kuala Muda,secondary,female,2022-01-01,16754
Kedah,Kuala Muda,secondary,female,2025-06-30,14314
Kedah,Kuala Muda,secondary,male,2017-01-01,21242
Kedah,Kuala Muda,secondary,male,2018-01-01,16723
Kedah,Kuala Muda,secondary,male,2019-01-01,16418
Kedah,Kuala Muda,secondary,male,2020-01-01,16265
Kedah,Kuala Muda,secondary,male,2021-01-01,16459
Kedah,Kuala Muda,secondary,male,2022-01-01,16408
Kedah,Kuala Muda,secondary,male,2025-06-30,13859
Kedah,Kuala Muda,post_secondary,both,2018-01-01,2181
Kedah,Kuala Muda,post_secondary,both,2019-01-01,2104
Kedah,Kuala Muda,post_secondary,both,2020-01-01,1303
Kedah,Kuala Muda,post_secondary,both,2021-01-01,1229
Kedah,Kuala Muda,post_secondary,both,2022-01-01,1244
Kedah,Kuala Muda,post_secondary,both,2025-06-30,1803
Kedah,Kuala Muda,post_secondary,female,2018-01-01,1470
Kedah,Kuala Muda,post_secondary,female,2019-01-01,1432
Kedah,Kuala Muda,post_secondary,female,2020-01-01,874
Kedah,Kuala Muda,post_secondary,female,2021-01-01,796
Kedah,Kuala Muda,post_secondary,female,2022-01-01,854
Kedah,Kuala Muda,post_secondary,female,2025-06-30,1226
Kedah,Kuala Muda,post_secondary,male,2018-01-01,711
Kedah,Kuala Muda,post_secondary,male,2019-01-01,672
Kedah,Kuala Muda,post_secondary,male,2020-01-01,429
Kedah,Kuala Muda,post_secondary,male,2021-01-01,433
Kedah,Kuala Muda,post_secondary,male,2022-01-01,390
Kedah,Kuala Muda,post_secondary,male,2025-06-30,577
Kedah,Kubang Pasu,primary,both,2017-01-01,21637
Kedah,Kubang Pasu,primary,both,2018-01-01,21721
Kedah,Kubang Pasu,primary,both,2019-01-01,21857
Kedah,Kubang Pasu,primary,both,2020-01-01,22010
Kedah,Kubang Pasu,primary,both,2021-01-01,21992
Kedah,Kubang Pasu,primary,both,2022-01-01,21972
Kedah,Kubang Pasu,primary,both,2023-06-30,21929
Kedah,Kubang Pasu,primary,both,2024-06-30,22001
Kedah,Kubang Pasu,primary,both,2025-06-30,21919
Kedah,Kubang Pasu,primary,female,2017-01-01,10410
Kedah,Kubang Pasu,primary,female,2018-01-01,10536
Kedah,Kubang Pasu,primary,female,2019-01-01,10606
Kedah,Kubang Pasu,primary,female,2020-01-01,10752
Kedah,Kubang Pasu,primary,female,2021-01-01,10738
Kedah,Kubang Pasu,primary,female,2022-01-01,10697
Kedah,Kubang Pasu,primary,female,2023-06-30,10650
Kedah,Kubang Pasu,primary,female,2024-06-30,10633
Kedah,Kubang Pasu,primary,female,2025-06-30,10588
Kedah,Kubang Pasu,primary,male,2017-01-01,11227
Kedah,Kubang Pasu,primary,male,2018-01-01,11185
Kedah,Kubang Pasu,primary,male,2019-01-01,11251
Kedah,Kubang Pasu,primary,male,2020-01-01,11258
Kedah,Kubang Pasu,primary,male,2021-01-01,11254
Kedah,Kubang Pasu,primary,male,2022-01-01,11275
Kedah,Kubang Pasu,primary,male,2023-06-30,11279
Kedah,Kubang Pasu,primary,male,2024-06-30,11368
Kedah,Kubang Pasu,primary,male,2025-06-30,11331
Kedah,Kubang Pasu,secondary,both,2017-01-01,17899
Kedah,Kubang Pasu,secondary,both,2018-01-01,16277
Kedah,Kubang Pasu,secondary,both,2019-01-01,16328
Kedah,Kubang Pasu,secondary,both,2020-01-01,16375
Kedah,Kubang Pasu,secondary,both,2021-01-01,16702
Kedah,Kubang Pasu,secondary,both,2022-01-01,17109
Kedah,Kubang Pasu,secondary,both,2023-06-30,17301
Kedah,Kubang Pasu,secondary,both,2024-06-30,17327
Kedah,Kubang Pasu,secondary,both,2025-06-30,17433
Kedah,Kubang Pasu,secondary,female,2017-01-01,9327
Kedah,Kubang Pasu,secondary,female,2018-01-01,8283
Kedah,Kubang Pasu,secondary,female,2019-01-01,8250
Kedah,Kubang Pasu,secondary,female,2020-01-01,8257
Kedah,Kubang Pasu,secondary,female,2021-01-01,8434
Kedah,Kubang Pasu,secondary,female,2022-01-01,8465
Kedah,Kubang Pasu,secondary,female,2023-06-30,8506
Kedah,Kubang Pasu,secondary,female,2024-06-30,8604
Kedah,Kubang Pasu,secondary,female,2025-06-30,8724
Kedah,Kubang Pasu,secondary,male,2017-01-01,8572
Kedah,Kubang Pasu,secondary,male,2018-01-01,7994
Kedah,Kubang Pasu,secondary,male,2019-01-01,8078
Kedah,Kubang Pasu,secondary,male,2020-01-01,8118
Kedah,Kubang Pasu,secondary,male,2021-01-01,8268
Kedah,Kubang Pasu,secondary,male,2022-01-01,8644
Kedah,Kubang Pasu,secondary,male,2023-06-30,8795
Kedah,Kubang Pasu,secondary,male,2024-06-30,8723
Kedah,Kubang Pasu,secondary,male,2025-06-30,8709
Kedah,Kubang Pasu,post_secondary,both,2018-01-01,916
Kedah,Kubang Pasu,post_secondary,both,2019-01-01,819
Kedah,Kubang Pasu,post_secondary,both,2020-01-01,388
Kedah,Kubang Pasu,post_secondary,both,2021-01-01,383
Kedah,Kubang Pasu,post_secondary,both,2022-01-01,396
Kedah,Kubang Pasu,post_secondary,both,2023-06-30,405
Kedah,Kubang Pasu,post_secondary,both,2024-06-30,348
Kedah,Kubang Pasu,post_secondary,both,2025-06-30,678
Kedah,Kubang Pasu,post_secondary,female,2018-01-01,644
Kedah,Kubang Pasu,post_secondary,female,2019-01-01,571
Kedah,Kubang Pasu,post_secondary,female,2020-01-01,276
Kedah,Kubang Pasu,post_secondary,female,2021-01-01,261
Kedah,Kubang Pasu,post_secondary,female,2022-01-01,263
Kedah,Kubang Pasu,post_secondary,female,2023-06-30,286
Kedah,Kubang Pasu,post_secondary,female,2024-06-30,253
Kedah,Kubang Pasu,post_secondary,female,2025-06-30,463
Kedah,Kubang Pasu,post_secondary,male,2018-01-01,272
Kedah,Kubang Pasu,post_secondary,male,2019-01-01,248
Kedah,Kubang Pasu,post_secondary,male,2020-01-01,112
Kedah,Kubang Pasu,post_secondary,male,2021-01-01,122
Kedah,Kubang Pasu,post_secondary,male,2022-01-01,133
Kedah,Kubang Pasu,post_secondary,male,2023-06-30,119
Kedah,Kubang Pasu,post_secondary,male,2024-06-30,95
Kedah,Kubang Pasu,post_secondary,male,2025-06-30,215
Kedah,Kulim,primary,both,2017-01-01,0
Kedah,Kulim,primary,both,2018-01-01,28579
Kedah,Kulim,primary,both,2019-01-01,28456
Kedah,Kulim,primary,both,2020-01-01,28175
Kedah,Kulim,primary,both,2021-01-01,27953
Kedah,Kulim,primary,both,2022-01-01,27755
Kedah,Kulim,primary,female,2017-01-01,0
Kedah,Kulim,primary,female,2018-01-01,14240
Kedah,Kulim,primary,female,2019-01-01,14200
Kedah,Kulim,primary,female,2020-01-01,14094
Kedah,Kulim,primary,female,2021-01-01,13931
Kedah,Kulim,primary,female,2022-01-01,13781
Kedah,Kulim,primary,male,2017-01-01,0
Kedah,Kulim,primary,male,2018-01-01,14339
Kedah,Kulim,primary,male,2019-01-01,14256
Kedah,Kulim,primary,male,2020-01-01,14081
Kedah,Kulim,primary,male,2021-01-01,14022
Kedah,Kulim,primary,male,2022-01-01,13974
Kedah,Kulim,secondary,both,2017-01-01,0
Kedah,Kulim,secondary,both,2018-01-01,20328
Kedah,Kulim,secondary,both,2019-01-01,19967
Kedah,Kulim,secondary,both,2020-01-01,20019
Kedah,Kulim,secondary,both,2021-01-01,20356
Kedah,Kulim,secondary,both,2022-01-01,20504
Kedah,Kulim,secondary,female,2017-01-01,0
Kedah,Kulim,secondary,female,2018-01-01,10312
Kedah,Kulim,secondary,female,2019-01-01,10073
Kedah,Kulim,secondary,female,2020-01-01,10049
Kedah,Kulim,secondary,female,2021-01-01,10164
Kedah,Kulim,secondary,female,2022-01-01,10179
Kedah,Kulim,secondary,male,2017-01-01,0
Kedah,Kulim,secondary,male,2018-01-01,10016
Kedah,Kulim,secondary,male,2019-01-01,9894
Kedah,Kulim,secondary,male,2020-01-01,9970
Kedah,Kulim,secondary,male,2021-01-01,10192
Kedah,Kulim,secondary,male,2022-01-01,10325
Kedah,Kulim,post_secondary,both,2018-01-01,1283
Kedah,Kulim,post_secondary,both,2019-01-01,1174
Kedah,Kulim,post_secondary,both,2020-01-01,805
Kedah,Kulim,post_secondary,both,2021-01-01,736
Kedah,Kulim,post_secondary,both,2022-01-01,753
Kedah,Kulim,post_secondary,female,2018-01-01,741
Kedah,Kulim,post_secondary,female,2019-01-01,684
Kedah,Kulim,post_secondary,female,2020-01-01,401
Kedah,Kulim,post_secondary,female,2021-01-01,347
Kedah,Kulim,post_secondary,female,2022-01-01,376
Kedah,Kulim,post_secondary,male,2018-01-01,542
Kedah,Kulim,post_secondary,male,2019-01-01,490
Kedah,Kulim,post_secondary,male,2020-01-01,404
Kedah,Kulim,post_secondary,male,2021-01-01,389
Kedah,Kulim,post_secondary,male,2022-01-01,377
Kedah,Langkawi,primary,both,2017-01-01,10080
Kedah,Langkawi,primary,both,2018-01-01,10215
Kedah,Langkawi,primary,both,2019-01-01,10345
Kedah,Langkawi,primary,both,2020-01-01,10355
Kedah,Langkawi,primary,both,2021-01-01,10437
Kedah,Langkawi,primary,both,2022-01-01,10321
Kedah,Langkawi,primary,both,2023-06-30,10439
Kedah,Langkawi,primary,both,2024-06-30,10361
Kedah,Langkawi,primary,both,2025-06-30,10347
Kedah,Langkawi,primary,female,2017-01-01,4965
Kedah,Langkawi,primary,female,2018-01-01,4993
Kedah,Langkawi,primary,female,2019-01-01,5020
Kedah,Langkawi,primary,female,2020-01-01,5016
Kedah,Langkawi,primary,female,2021-01-01,5100
Kedah,Langkawi,primary,female,2022-01-01,5045
Kedah,Langkawi,primary,female,2023-06-30,5078
Kedah,Langkawi,primary,female,2024-06-30,5089
Kedah,Langkawi,primary,female,2025-06-30,5078
Kedah,Langkawi,primary,male,2017-01-01,5115
Kedah,Langkawi,primary,male,2018-01-01,5222
Kedah,Langkawi,primary,male,2019-01-01,5325
Kedah,Langkawi,primary,male,2020-01-01,5339
Kedah,Langkawi,primary,male,2021-01-01,5337
Kedah,Langkawi,primary,male,2022-01-01,5276
Kedah,Langkawi,primary,male,2023-06-30,5361
Kedah,Langkawi,primary,male,2024-06-30,5272
Kedah,Langkawi,primary,male,2025-06-30,5269
Kedah,Langkawi,secondary,both,2017-01-01,7670
Kedah,Langkawi,secondary,both,2018-01-01,6653
Kedah,Langkawi,secondary,both,2019-01-01,6522
Kedah,Langkawi,secondary,both,2020-01-01,6568
Kedah,Langkawi,secondary,both,2021-01-01,6772
Kedah,Langkawi,secondary,both,2022-01-01,6979
Kedah,Langkawi,secondary,both,2023-06-30,7067
Kedah,Langkawi,secondary,both,2024-06-30,7306
Kedah,Langkawi,secondary,both,2025-06-30,7460
Kedah,Langkawi,secondary,female,2017-01-01,3994
Kedah,Langkawi,secondary,female,2018-01-01,3448
Kedah,Langkawi,secondary,female,2019-01-01,3348
Kedah,Langkawi,secondary,female,2020-01-01,3393
Kedah,Langkawi,secondary,female,2021-01-01,3426
Kedah,Langkawi,secondary,female,2022-01-01,3558
Kedah,Langkawi,secondary,female,2023-06-30,3569
Kedah,Langkawi,secondary,female,2024-06-30,3668
Kedah,Langkawi,secondary,female,2025-06-30,3689
Kedah,Langkawi,secondary,male,2017-01-01,3676
Kedah,Langkawi,secondary,male,2018-01-01,3205
Kedah,Langkawi,secondary,male,2019-01-01,3174
Kedah,Langkawi,secondary,male,2020-01-01,3175
Kedah,Langkawi,secondary,male,2021-01-01,3346
Kedah,Langkawi,secondary,male,2022-01-01,3421
Kedah,Langkawi,secondary,male,2023-06-30,3498
Kedah,Langkawi,secondary,male,2024-06-30,3638
Kedah,Langkawi,secondary,male,2025-06-30,3771
Kedah,Langkawi,post_secondary,both,2018-01-01,646
Kedah,Langkawi,post_secondary,both,2019-01-01,653
Kedah,Langkawi,post_secondary,both,2020-01-01,399
Kedah,Langkawi,post_secondary,both,2021-01-01,367
Kedah,Langkawi,post_secondary,both,2022-01-01,371
Kedah,Langkawi,post_secondary,both,2023-06-30,394
Kedah,Langkawi,post_secondary,both,2024-06-30,335
Kedah,Langkawi,post_secondary,both,2025-06-30,584
Kedah,Langkawi,post_secondary,female,2018-01-01,381
Kedah,Langkawi,post_secondary,female,2019-01-01,392
Kedah,Langkawi,post_secondary,female,2020-01-01,234
Kedah,Langkawi,post_secondary,female,2021-01-01,214
Kedah,Langkawi,post_secondary,female,2022-01-01,202
Kedah,Langkawi,post_secondary,female,2023-06-30,206
Kedah,Langkawi,post_secondary,female,2024-06-30,186
Kedah,Langkawi,post_secondary,female,2025-06-30,377
Kedah,Langkawi,post_secondary,male,2018-01-01,265
Kedah,Langkawi,post_secondary,male,2019-01-01,261
Kedah,Langkawi,post_secondary,male,2020-01-01,165
Kedah,Langkawi,post_secondary,male,2021-01-01,153
Kedah,Langkawi,post_secondary,male,2022-01-01,169
Kedah,Langkawi,post_secondary,male,2023-06-30,188
Kedah,Langkawi,post_secondary,male,2024-06-30,149
Kedah,Langkawi,post_secondary,male,2025-06-30,207
Kedah,Padang Terap,primary,both,2017-01-01,6932
Kedah,Padang Terap,primary,both,2018-01-01,6887
Kedah,Padang Terap,primary,both,2019-01-01,6810
Kedah,Padang Terap,primary,both,2020-01-01,6774
Kedah,Padang Terap,primary,both,2021-01-01,6772
Kedah,Padang Terap,primary,both,2022-01-01,6694
Kedah,Padang Terap,primary,both,2023-06-30,6506
Kedah,Padang Terap,primary,both,2024-06-30,6454
Kedah,Padang Terap,primary,both,2025-06-30,6427
Kedah,Padang Terap,primary,female,2017-01-01,3362
Kedah,Padang Terap,primary,female,2018-01-01,3312
Kedah,Padang Terap,primary,female,2019-01-01,3299
Kedah,Padang Terap,primary,female,2020-01-01,3333
Kedah,Padang Terap,primary,female,2021-01-01,3335
Kedah,Padang Terap,primary,female,2022-01-01,3286
Kedah,Padang Terap,primary,female,2023-06-30,3198
Kedah,Padang Terap,primary,female,2024-06-30,3179
Kedah,Padang Terap,primary,female,2025-06-30,3140
Kedah,Padang Terap,primary,male,2017-01-01,3570
Kedah,Padang Terap,primary,male,2018-01-01,3575
Kedah,Padang Terap,primary,male,2019-01-01,3511
Kedah,Padang Terap,primary,male,2020-01-01,3441
Kedah,Padang Terap,primary,male,2021-01-01,3437
Kedah,Padang Terap,primary,male,2022-01-01,3408
Kedah,Padang Terap,primary,male,2023-06-30,3308
Kedah,Padang Terap,primary,male,2024-06-30,3275
Kedah,Padang Terap,primary,male,2025-06-30,3287
Kedah,Padang Terap,secondary,both,2017-01-01,5935
Kedah,Padang Terap,secondary,both,2018-01-01,5426
Kedah,Padang Terap,secondary,both,2019-01-01,5250
Kedah,Padang Terap,secondary,both,2020-01-01,5236
Kedah,Padang Terap,secondary,both,2021-01-01,5293
Kedah,Padang Terap,secondary,both,2022-01-01,5434
Kedah,Padang Terap,secondary,both,2023-06-30,5351
Kedah,Padang Terap,secondary,both,2024-06-30,5408
Kedah,Padang Terap,secondary,both,2025-06-30,5576
Kedah,Padang Terap,secondary,female,2017-01-01,3142
Kedah,Padang Terap,secondary,female,2018-01-01,2818
Kedah,Padang Terap,secondary,female,2019-01-01,2723
Kedah,Padang Terap,secondary,female,2020-01-01,2686
Kedah,Padang Terap,secondary,female,2021-01-01,2676
Kedah,Padang Terap,secondary,female,2022-01-01,2755
Kedah,Padang Terap,secondary,female,2023-06-30,2713
Kedah,Padang Terap,secondary,female,2024-06-30,2741
Kedah,Padang Terap,secondary,female,2025-06-30,2859
Kedah,Padang Terap,secondary,male,2017-01-01,2793
Kedah,Padang Terap,secondary,male,2018-01-01,2608
Kedah,Padang Terap,secondary,male,2019-01-01,2527
Kedah,Padang Terap,secondary,male,2020-01-01,2550
Kedah,Padang Terap,secondary,male,2021-01-01,2617
Kedah,Padang Terap,secondary,male,2022-01-01,2679
Kedah,Padang Terap,secondary,male,2023-06-30,2638
Kedah,Padang Terap,secondary,male,2024-06-30,2667
Kedah,Padang Terap,secondary,male,2025-06-30,2717
Kedah,Padang Terap,post_secondary,both,2018-01-01,292
Kedah,Padang Terap,post_secondary,both,2019-01-01,328
Kedah,Padang Terap,post_secondary,both,2020-01-01,161
Kedah,Padang Terap,post_secondary,both,2021-01-01,135
Kedah,Padang Terap,post_secondary,both,2022-01-01,147
Kedah,Padang Terap,post_secondary,both,2023-06-30,123
Kedah,Padang Terap,post_secondary,both,2024-06-30,160
Kedah,Padang Terap,post_secondary,both,2025-06-30,327
Kedah,Padang Terap,post_secondary,female,2018-01-01,223
Kedah,Padang Terap,post_secondary,female,2019-01-01,254
Kedah,Padang Terap,post_secondary,female,2020-01-01,128
Kedah,Padang Terap,post_secondary,female,2021-01-01,94
Kedah,Padang Terap,post_secondary,female,2022-01-01,99
Kedah,Padang Terap,post_secondary,female,2023-06-30,101
Kedah,Padang Terap,post_secondary,female,2024-06-30,119
Kedah,Padang Terap,post_secondary,female,2025-06-30,224
Kedah,Padang Terap,post_secondary,male,2018-01-01,69
Kedah,Padang Terap,post_secondary,male,2019-01-01,74
Kedah,Padang Terap,post_secondary,male,2020-01-01,33
Kedah,Padang Terap,post_secondary,male,2021-01-01,41
Kedah,Padang Terap,post_secondary,male,2022-01-01,48
Kedah,Padang Terap,post_secondary,male,2023-06-30,22
Kedah,Padang Terap,post_secondary,male,2024-06-30,41
Kedah,Padang Terap,post_secondary,male,2025-06-30,103
Kedah,Pendang,primary,both,2017-01-01,10095
Kedah,Pendang,primary,both,2018-01-01,10258
Kedah,Pendang,primary,both,2019-01-01,10307
Kedah,Pendang,primary,both,2020-01-01,10355
Kedah,Pendang,primary,both,2021-01-01,10546
Kedah,Pendang,primary,both,2022-01-01,10664
Kedah,Pendang,primary,both,2023-06-30,10546
Kedah,Pendang,primary,both,2024-06-30,10602
Kedah,Pendang,primary,both,2025-06-30,10640
Kedah,Pendang,primary,female,2017-01-01,4891
Kedah,Pendang,primary,female,2018-01-01,4913
Kedah,Pendang,primary,female,2019-01-01,4955
Kedah,Pendang,primary,female,2020-01-01,5017
Kedah,Pendang,primary,female,2021-01-01,5068
Kedah,Pendang,primary,female,2022-01-01,5116
Kedah,Pendang,primary,female,2023-06-30,5105
Kedah,Pendang,primary,female,2024-06-30,5158
Kedah,Pendang,primary,female,2025-06-30,5188
Kedah,Pendang,primary,male,2017-01-01,5204
Kedah,Pendang,primary,male,2018-01-01,5345
Kedah,Pendang,primary,male,2019-01-01,5352
Kedah,Pendang,primary,male,2020-01-01,5338
Kedah,Pendang,primary,male,2021-01-01,5478
Kedah,Pendang,primary,male,2022-01-01,5548
Kedah,Pendang,primary,male,2023-06-30,5441
Kedah,Pendang,primary,male,2024-06-30,5444
Kedah,Pendang,primary,male,2025-06-30,5452
Kedah,Pendang,secondary,both,2017-01-01,8754
Kedah,Pendang,secondary,both,2018-01-01,7879
Kedah,Pendang,secondary,both,2019-01-01,7694
Kedah,Pendang,secondary,both,2020-01-01,7659
Kedah,Pendang,secondary,both,2021-01-01,7698
Kedah,Pendang,secondary,both,2022-01-01,7983
Kedah,Pendang,secondary,both,2023-06-30,8102
Kedah,Pendang,secondary,both,2024-06-30,8203
Kedah,Pendang,secondary,both,2025-06-30,8306
Kedah,Pendang,secondary,female,2017-01-01,4546
Kedah,Pendang,secondary,female,2018-01-01,3971
Kedah,Pendang,secondary,female,2019-01-01,3901
Kedah,Pendang,secondary,female,2020-01-01,3836
Kedah,Pendang,secondary,female,2021-01-01,3837
Kedah,Pendang,secondary,female,2022-01-01,3968
Kedah,Pendang,secondary,female,2023-06-30,4000
Kedah,Pendang,secondary,female,2024-06-30,4033
Kedah,Pendang,secondary,female,2025-06-30,4080
Kedah,Pendang,secondary,male,2017-01-01,4208
Kedah,Pendang,secondary,male,2018-01-01,3908
Kedah,Pendang,secondary,male,2019-01-01,3793
Kedah,Pendang,secondary,male,2020-01-01,3823
Kedah,Pendang,secondary,male,2021-01-01,3861
Kedah,Pendang,secondary,male,2022-01-01,4015
Kedah,Pendang,secondary,male,2023-06-30,4102
Kedah,Pendang,secondary,male,2024-06-30,4170
Kedah,Pendang,secondary,male,2025-06-30,4226
Kedah,Pendang,post_secondary,both,2018-01-01,501
Kedah,Pendang,post_secondary,both,2019-01-01,442
Kedah,Pendang,post_secondary,both,2020-01-01,227
Kedah,Pendang,post_secondary,both,2021-01-01,219
Kedah,Pendang,post_secondary,both,2022-01-01,234
Kedah,Pendang,post_secondary,both,2023-06-30,212
Kedah,Pendang,post_secondary,both,2024-06-30,223
Kedah,Pendang,post_secondary,both,2025-06-30,435
Kedah,Pendang,post_secondary,female,2018-01-01,368
Kedah,Pendang,post_secondary,female,2019-01-01,326
Kedah,Pendang,post_secondary,female,2020-01-01,172
Kedah,Pendang,post_secondary,female,2021-01-01,160
Kedah,Pendang,post_secondary,female,2022-01-01,160
Kedah,Pendang,post_secondary,female,2023-06-30,159
Kedah,Pendang,post_secondary,female,2024-06-30,176
Kedah,Pendang,post_secondary,female,2025-06-30,317
Kedah,Pendang,post_secondary,male,2018-01-01,133
Kedah,Pendang,post_secondary,male,2019-01-01,116
Kedah,Pendang,post_secondary,male,2020-01-01,55
Kedah,Pendang,post_secondary,male,2021-01-01,59
Kedah,Pendang,post_secondary,male,2022-01-01,74
Kedah,Pendang,post_secondary,male,2023-06-30,53
Kedah,Pendang,post_secondary,male,2024-06-30,47
Kedah,Pendang,post_secondary,male,2025-06-30,118
Kedah,Pokok Sena,primary,both,2017-01-01,0
Kedah,Pokok Sena,primary,both,2018-01-01,3992
Kedah,Pokok Sena,primary,both,2019-01-01,3970
Kedah,Pokok Sena,primary,both,2020-01-01,3940
Kedah,Pokok Sena,primary,both,2021-01-01,3935
Kedah,Pokok Sena,primary,both,2022-01-01,3860
Kedah,Pokok Sena,primary,female,2017-01-01,0
Kedah,Pokok Sena,primary,female,2018-01-01,1982
Kedah,Pokok Sena,primary,female,2019-01-01,1956
Kedah,Pokok Sena,primary,female,2020-01-01,1953
Kedah,Pokok Sena,primary,female,2021-01-01,1922
Kedah,Pokok Sena,primary,female,2022-01-01,1880
Kedah,Pokok Sena,primary,male,2017-01-01,0
Kedah,Pokok Sena,primary,male,2018-01-01,2010
Kedah,Pokok Sena,primary,male,2019-01-01,2014
Kedah,Pokok Sena,primary,male,2020-01-01,1987
Kedah,Pokok Sena,primary,male,2021-01-01,2013
Kedah,Pokok Sena,primary,male,2022-01-01,1980
Kedah,Pokok Sena,secondary,both,2017-01-01,0
Kedah,Pokok Sena,secondary,both,2018-01-01,2827
Kedah,Pokok Sena,secondary,both,2019-01-01,2719
Kedah,Pokok Sena,secondary,both,2020-01-01,2707
Kedah,Pokok Sena,secondary,both,2021-01-01,2818
Kedah,Pokok Sena,secondary,both,2022-01-01,3035
Kedah,Pokok Sena,secondary,female,2017-01-01,0
Kedah,Pokok Sena,secondary,female,2018-01-01,1394
Kedah,Pokok Sena,secondary,female,2019-01-01,1344
Kedah,Pokok Sena,secondary,female,2020-01-01,1313
Kedah,Pokok Sena,secondary,female,2021-01-01,1354
Kedah,Pokok Sena,secondary,female,2022-01-01,1468
Kedah,Pokok Sena,secondary,male,2017-01-01,0
Kedah,Pokok Sena,secondary,male,2018-01-01,1433
Kedah,Pokok Sena,secondary,male,2019-01-01,1375
Kedah,Pokok Sena,secondary,male,2020-01-01,1394
Kedah,Pokok Sena,secondary,male,2021-01-01,1464
Kedah,Pokok Sena,secondary,male,2022-01-01,1567
Kedah,Pokok Sena,post_secondary,both,2018-01-01,96
Kedah,Pokok Sena,post_secondary,both,2019-01-01,94
Kedah,Pokok Sena,post_secondary,both,2020-01-01,54
Kedah,Pokok Sena,post_secondary,both,2021-01-01,31
Kedah,Pokok Sena,post_secondary,both,2022-01-01,53
Kedah,Pokok Sena,post_secondary,female,2018-01-01,78
Kedah,Pokok Sena,post_secondary,female,2019-01-01,76
Kedah,Pokok Sena,post_secondary,female,2020-01-01,42
Kedah,Pokok Sena,post_secondary,female,2021-01-01,20
Kedah,Pokok Sena,post_secondary,female,2022-01-01,37
Kedah,Pokok Sena,post_secondary,male,2018-01-01,18
Kedah,Pokok Sena,post_secondary,male,2019-01-01,18
Kedah,Pokok Sena,post_secondary,male,2020-01-01,12
Kedah,Pokok Sena,post_secondary,male,2021-01-01,11
Kedah,Pokok Sena,post_secondary,male,2022-01-01,16
Kedah,Sik,primary,both,2017-01-01,0
Kedah,Sik,primary,both,2018-01-01,6824
Kedah,Sik,primary,both,2019-01-01,6702
Kedah,Sik,primary,both,2020-01-01,6584
Kedah,Sik,primary,both,2021-01-01,6538
Kedah,Sik,primary,both,2022-01-01,6410
Kedah,Sik,primary,both,2023-06-30,6286
Kedah,Sik,primary,both,2024-06-30,6214
Kedah,Sik,primary,both,2025-06-30,6092
Kedah,Sik,primary,female,2017-01-01,0
Kedah,Sik,primary,female,2018-01-01,3295
Kedah,Sik,primary,female,2019-01-01,3275
Kedah,Sik,primary,female,2020-01-01,3253
Kedah,Sik,primary,female,2021-01-01,3215
Kedah,Sik,primary,female,2022-01-01,3167
Kedah,Sik,primary,female,2023-06-30,3091
Kedah,Sik,primary,female,2024-06-30,3054
Kedah,Sik,primary,female,2025-06-30,2976
Kedah,Sik,primary,male,2017-01-01,0
Kedah,Sik,primary,male,2018-01-01,3529
Kedah,Sik,primary,male,2019-01-01,3427
Kedah,Sik,primary,male,2020-01-01,3331
Kedah,Sik,primary,male,2021-01-01,3323
Kedah,Sik,primary,male,2022-01-01,3243
Kedah,Sik,primary,male,2023-06-30,3195
Kedah,Sik,primary,male,2024-06-30,3160
Kedah,Sik,primary,male,2025-06-30,3116
Kedah,Sik,secondary,both,2017-01-01,0
Kedah,Sik,secondary,both,2018-01-01,4900
Kedah,Sik,secondary,both,2019-01-01,4744
Kedah,Sik,secondary,both,2020-01-01,4625
Kedah,Sik,secondary,both,2021-01-01,4670
Kedah,Sik,secondary,both,2022-01-01,4871
Kedah,Sik,secondary,both,2023-06-30,4818
Kedah,Sik,secondary,both,2024-06-30,4829
Kedah,Sik,secondary,both,2025-06-30,4871
Kedah,Sik,secondary,female,2017-01-01,0
Kedah,Sik,secondary,female,2018-01-01,2576
Kedah,Sik,secondary,female,2019-01-01,2506
Kedah,Sik,secondary,female,2020-01-01,2408
Kedah,Sik,secondary,female,2021-01-01,2408
Kedah,Sik,secondary,female,2022-01-01,2473
Kedah,Sik,secondary,female,2023-06-30,2462
Kedah,Sik,secondary,female,2024-06-30,2442
Kedah,Sik,secondary,female,2025-06-30,2481
Kedah,Sik,secondary,male,2017-01-01,0
Kedah,Sik,secondary,male,2018-01-01,2324
Kedah,Sik,secondary,male,2019-01-01,2238
Kedah,Sik,secondary,male,2020-01-01,2217
Kedah,Sik,secondary,male,2021-01-01,2262
Kedah,Sik,secondary,male,2022-01-01,2398
Kedah,Sik,secondary,male,2023-06-30,2356
Kedah,Sik,secondary,male,2024-06-30,2387
Kedah,Sik,secondary,male,2025-06-30,2390
Kedah,Sik,post_secondary,both,2018-01-01,343
Kedah,Sik,post_secondary,both,2019-01-01,327
Kedah,Sik,post_secondary,both,2020-01-01,156
Kedah,Sik,post_secondary,both,2021-01-01,143
Kedah,Sik,post_secondary,both,2022-01-01,180
Kedah,Sik,post_secondary,both,2023-06-30,166
Kedah,Sik,post_secondary,both,2024-06-30,150
Kedah,Sik,post_secondary,both,2025-06-30,267
Kedah,Sik,post_secondary,female,2018-01-01,253
Kedah,Sik,post_secondary,female,2019-01-01,245
Kedah,Sik,post_secondary,female,2020-01-01,114
Kedah,Sik,post_secondary,female,2021-01-01,117
Kedah,Sik,post_secondary,female,2022-01-01,126
Kedah,Sik,post_secondary,female,2023-06-30,121
Kedah,Sik,post_secondary,female,2024-06-30,108
Kedah,Sik,post_secondary,female,2025-06-30,191
Kedah,Sik,post_secondary,male,2018-01-01,90
Kedah,Sik,post_secondary,male,2019-01-01,82
Kedah,Sik,post_secondary,male,2020-01-01,42
Kedah,Sik,post_secondary,male,2021-01-01,26
Kedah,Sik,post_secondary,male,2022-01-01,54
Kedah,Sik,post_secondary,male,2023-06-30,45
Kedah,Sik,post_secondary,male,2024-06-30,42
Kedah,Sik,post_secondary,male,2025-06-30,76
Kedah,Yan,primary,both,2017-01-01,0
Kedah,Yan,primary,both,2018-01-01,6477
Kedah,Yan,primary,both,2019-01-01,6542
Kedah,Yan,primary,both,2020-01-01,6423
Kedah,Yan,primary,both,2021-01-01,6335
Kedah,Yan,primary,both,2022-01-01,6302
Kedah,Yan,primary,both,2025-06-30,11445
Kedah,Yan,primary,female,2017-01-01,0
Kedah,Yan,primary,female,2018-01-01,3149
Kedah,Yan,primary,female,2019-01-01,3205
Kedah,Yan,primary,female,2020-01-01,3134
Kedah,Yan,primary,female,2021-01-01,3075
Kedah,Yan,primary,female,2022-01-01,3054
Kedah,Yan,primary,female,2025-06-30,5603
Kedah,Yan,primary,male,2017-01-01,0
Kedah,Yan,primary,male,2018-01-01,3328
Kedah,Yan,primary,male,2019-01-01,3337
Kedah,Yan,primary,male,2020-01-01,3289
Kedah,Yan,primary,male,2021-01-01,3260
Kedah,Yan,primary,male,2022-01-01,3248
Kedah,Yan,primary,male,2025-06-30,5842
Kedah,Yan,secondary,both,2017-01-01,0
Kedah,Yan,secondary,both,2018-01-01,6288
Kedah,Yan,secondary,both,2019-01-01,6120
Kedah,Yan,secondary,both,2020-01-01,5963
Kedah,Yan,secondary,both,2021-01-01,6013
Kedah,Yan,secondary,both,2022-01-01,6590
Kedah,Yan,secondary,both,2025-06-30,11490
Kedah,Yan,secondary,female,2017-01-01,0
Kedah,Yan,secondary,female,2018-01-01,3278
Kedah,Yan,secondary,female,2019-01-01,3173
Kedah,Yan,secondary,female,2020-01-01,3061
Kedah,Yan,secondary,female,2021-01-01,3069
Kedah,Yan,secondary,female,2022-01-01,3348
Kedah,Yan,secondary,female,2025-06-30,5859
Kedah,Yan,secondary,male,2017-01-01,0
Kedah,Yan,secondary,male,2018-01-01,3010
Kedah,Yan,secondary,male,2019-01-01,2947
Kedah,Yan,secondary,male,2020-01-01,2902
Kedah,Yan,secondary,male,2021-01-01,2944
Kedah,Yan,secondary,male,2022-01-01,3242
Kedah,Yan,secondary,male,2025-06-30,5631
Kedah,Yan,post_secondary,both,2018-01-01,352
Kedah,Yan,post_secondary,both,2019-01-01,372
Kedah,Yan,post_secondary,both,2020-01-01,204
Kedah,Yan,post_secondary,both,2021-01-01,167
Kedah,Yan,post_secondary,both,2022-01-01,190
Kedah,Yan,post_secondary,both,2025-06-30,562
Kedah,Yan,post_secondary,female,2018-01-01,259
Kedah,Yan,post_secondary,female,2019-01-01,266
Kedah,Yan,post_secondary,female,2020-01-01,152
Kedah,Yan,post_secondary,female,2021-01-01,112
Kedah,Yan,post_secondary,female,2022-01-01,132
Kedah,Yan,post_secondary,female,2025-06-30,375
Kedah,Yan,post_secondary,male,2018-01-01,93
Kedah,Yan,post_secondary,male,2019-01-01,106
Kedah,Yan,post_secondary,male,2020-01-01,52
Kedah,Yan,post_secondary,male,2021-01-01,55
Kedah,Yan,post_secondary,male,2022-01-01,58
Kedah,Yan,post_secondary,male,2025-06-30,187
Kedah,Kuala Muda/Yan,primary,both,2023-06-30,52025
Kedah,Kuala Muda/Yan,primary,both,2024-06-30,51595
Kedah,Kuala Muda/Yan,primary,female,2023-06-30,25521
Kedah,Kuala Muda/Yan,primary,female,2024-06-30,25252
Kedah,Kuala Muda/Yan,primary,male,2023-06-30,26504
Kedah,Kuala Muda/Yan,primary,male,2024-06-30,26343
Kedah,Kuala Muda/Yan,secondary,both,2023-06-30,39106
Kedah,Kuala Muda/Yan,secondary,both,2024-06-30,39492
Kedah,Kuala Muda/Yan,secondary,female,2023-06-30,19848
Kedah,Kuala Muda/Yan,secondary,female,2024-06-30,20129
Kedah,Kuala Muda/Yan,secondary,male,2023-06-30,19258
Kedah,Kuala Muda/Yan,secondary,male,2024-06-30,19363
Kedah,Kuala Muda/Yan,post_secondary,both,2023-06-30,1591
Kedah,Kuala Muda/Yan,post_secondary,both,2024-06-30,1534
Kedah,Kuala Muda/Yan,post_secondary,female,2023-06-30,1070
Kedah,Kuala Muda/Yan,post_secondary,female,2024-06-30,1033
Kedah,Kuala Muda/Yan,post_secondary,male,2023-06-30,521
Kedah,Kuala Muda/Yan,post_secondary,male,2024-06-30,501
Kedah,Kulim/Bandar Baharu,primary,both,2023-06-30,31878
Kedah,Kulim/Bandar Baharu,primary,both,2024-06-30,31753
Kedah,Kulim/Bandar Baharu,primary,both,2025-06-30,31357
Kedah,Kulim/Bandar Baharu,primary,female,2023-06-30,15818
Kedah,Kulim/Bandar Baharu,primary,female,2024-06-30,15687
Kedah,Kulim/Bandar Baharu,primary,female,2025-06-30,15416
Kedah,Kulim/Bandar Baharu,primary,male,2023-06-30,16060
Kedah,Kulim/Bandar Baharu,primary,male,2024-06-30,16066
Kedah,Kulim/Bandar Baharu,primary,male,2025-06-30,15941
Kedah,Kulim/Bandar Baharu,secondary,both,2023-06-30,23272
Kedah,Kulim/Bandar Baharu,secondary,both,2024-06-30,23336
Kedah,Kulim/Bandar Baharu,secondary,both,2025-06-30,23508
Kedah,Kulim/Bandar Baharu,secondary,female,2023-06-30,11682
Kedah,Kulim/Bandar Baharu,secondary,female,2024-06-30,11730
Kedah,Kulim/Bandar Baharu,secondary,female,2025-06-30,11823
Kedah,Kulim/Bandar Baharu,secondary,male,2023-06-30,11590
Kedah,Kulim/Bandar Baharu,secondary,male,2024-06-30,11606
Kedah,Kulim/Bandar Baharu,secondary,male,2025-06-30,11685
Kedah,Kulim/Bandar Baharu,post_secondary,both,2023-06-30,781
Kedah,Kulim/Bandar Baharu,post_secondary,both,2024-06-30,746
Kedah,Kulim/Bandar Baharu,post_secondary,both,2025-06-30,1239
Kedah,Kulim/Bandar Baharu,post_secondary,female,2023-06-30,367
Kedah,Kulim/Bandar Baharu,post_secondary,female,2024-06-30,387
Kedah,Kulim/Bandar Baharu,post_secondary,female,2025-06-30,716
Kedah,Kulim/Bandar Baharu,post_secondary,male,2023-06-30,414
Kedah,Kulim/Bandar Baharu,post_secondary,male,2024-06-30,359
Kedah,Kulim/Bandar Baharu,post_secondary,male,2025-06-30,523
Kelantan,All Districts,primary,both,2017-01-01,171839
Kelantan,All Districts,primary,both,2018-01-01,171406
Kelantan,All Districts,primary,both,2019-01-01,172033
Kelantan,All Districts,primary,both,2020-01-01,170674
Kelantan,All Districts,primary,both,2021-01-01,171563
Kelantan,All Districts,primary,both,2022-01-01,172145
Kelantan,All Districts,primary,both,2023-06-30,171867
Kelantan,All Districts,primary,both,2024-06-30,170780
Kelantan,All Districts,primary,both,2025-06-30,169888
Kelantan,All Districts,primary,female,2017-01-01,83983
Kelantan,All Districts,primary,female,2018-01-01,83962
Kelantan,All Districts,primary,female,2019-01-01,84381
Kelantan,All Districts,primary,female,2020-01-01,83601
Kelantan,All Districts,primary,female,2021-01-01,83996
Kelantan,All Districts,primary,female,2022-01-01,84365
Kelantan,All Districts,primary,female,2023-06-30,84332
Kelantan,All Districts,primary,female,2024-06-30,83774
Kelantan,All Districts,primary,female,2025-06-30,83320
Kelantan,All Districts,primary,male,2017-01-01,87856
Kelantan,All Districts,primary,male,2018-01-01,87444
Kelantan,All Districts,primary,male,2019-01-01,87652
Kelantan,All Districts,primary,male,2020-01-01,87073
Kelantan,All Districts,primary,male,2021-01-01,87567
Kelantan,All Districts,primary,male,2022-01-01,87780
Kelantan,All Districts,primary,male,2023-06-30,87535
Kelantan,All Districts,primary,male,2024-06-30,87006
Kelantan,All Districts,primary,male,2025-06-30,86568
Kelantan,All Districts,secondary,both,2017-01-01,130372
Kelantan,All Districts,secondary,both,2018-01-01,115720
Kelantan,All Districts,secondary,both,2019-01-01,121602
Kelantan,All Districts,secondary,both,2020-01-01,109486
Kelantan,All Districts,secondary,both,2021-01-01,111073
Kelantan,All Districts,secondary,both,2022-01-01,113329
Kelantan,All Districts,secondary,both,2023-06-30,114764
Kelantan,All Districts,secondary,both,2024-06-30,119004
Kelantan,All Districts,secondary,both,2025-06-30,121434
Kelantan,All Districts,secondary,female,2017-01-01,67273
Kelantan,All Districts,secondary,female,2018-01-01,58877
Kelantan,All Districts,secondary,female,2019-01-01,63154
Kelantan,All Districts,secondary,female,2020-01-01,55518
Kelantan,All Districts,secondary,female,2021-01-01,55989
Kelantan,All Districts,secondary,female,2022-01-01,56799
Kelantan,All Districts,secondary,female,2023-06-30,57664
Kelantan,All Districts,secondary,female,2024-06-30,59860
Kelantan,All Districts,secondary,female,2025-06-30,60964
Kelantan,All Districts,secondary,male,2017-01-01,63099
Kelantan,All Districts,secondary,male,2018-01-01,56843
Kelantan,All Districts,secondary,male,2019-01-01,58448
Kelantan,All Districts,secondary,male,2020-01-01,53968
Kelantan,All Districts,secondary,male,2021-01-01,55084
Kelantan,All Districts,secondary,male,2022-01-01,56530
Kelantan,All Districts,secondary,male,2023-06-30,57100
Kelantan,All Districts,secondary,male,2024-06-30,59144
Kelantan,All Districts,secondary,male,2025-06-30,60470
Kelantan,All Districts,post_secondary,both,2018-01-01,9766
Kelantan,All Districts,post_secondary,both,2020-01-01,5101
Kelantan,All Districts,post_secondary,both,2021-01-01,4837
Kelantan,All Districts,post_secondary,both,2022-01-01,4776
Kelantan,All Districts,post_secondary,both,2023-06-30,5608
Kelantan,All Districts,post_secondary,both,2024-06-30,5235
Kelantan,All Districts,post_secondary,both,2025-06-30,9901
Kelantan,All Districts,post_secondary,female,2018-01-01,6236
Kelantan,All Districts,post_secondary,female,2020-01-01,3165
Kelantan,All Districts,post_secondary,female,2021-01-01,3203
Kelantan,All Districts,post_secondary,female,2022-01-01,2969
Kelantan,All Districts,post_secondary,female,2023-06-30,3367
Kelantan,All Districts,post_secondary,female,2024-06-30,3177
Kelantan,All Districts,post_secondary,female,2025-06-30,6173
Kelantan,All Districts,post_secondary,male,2018-01-01,3530
Kelantan,All Districts,post_secondary,male,2020-01-01,1936
Kelantan,All Districts,post_secondary,male,2021-01-01,1634
Kelantan,All Districts,post_secondary,male,2022-01-01,1807
Kelantan,All Districts,post_secondary,male,2023-06-30,2241
Kelantan,All Districts,post_secondary,male,2024-06-30,2058
Kelantan,All Districts,post_secondary,male,2025-06-30,3728
Kelantan,Bachok,primary,both,2017-01-01,15210
Kelantan,Bachok,primary,both,2018-01-01,15166
Kelantan,Bachok,primary,both,2019-01-01,15311
Kelantan,Bachok,primary,both,2020-01-01,15155
Kelantan,Bachok,primary,both,2021-01-01,15440
Kelantan,Bachok,primary,both,2022-01-01,15621
Kelantan,Bachok,primary,both,2023-06-30,15699
Kelantan,Bachok,primary,both,2024-06-30,15865
Kelantan,Bachok,primary,both,2025-06-30,15963
Kelantan,Bachok,primary,female,2017-01-01,7489
Kelantan,Bachok,primary,female,2018-01-01,7453
Kelantan,Bachok,primary,female,2019-01-01,7498
Kelantan,Bachok,primary,female,2020-01-01,7366
Kelantan,Bachok,primary,female,2021-01-01,7534
Kelantan,Bachok,primary,female,2022-01-01,7637
Kelantan,Bachok,primary,female,2023-06-30,7671
Kelantan,Bachok,primary,female,2024-06-30,7741
Kelantan,Bachok,primary,female,2025-06-30,7771
Kelantan,Bachok,primary,male,2017-01-01,7721
Kelantan,Bachok,primary,male,2018-01-01,7713
Kelantan,Bachok,primary,male,2019-01-01,7813
Kelantan,Bachok,primary,male,2020-01-01,7789
Kelantan,Bachok,primary,male,2021-01-01,7906
Kelantan,Bachok,primary,male,2022-01-01,7984
Kelantan,Bachok,primary,male,2023-06-30,8028
Kelantan,Bachok,primary,male,2024-06-30,8124
Kelantan,Bachok,primary,male,2025-06-30,8192
Kelantan,Bachok,secondary,both,2017-01-01,13474
Kelantan,Bachok,secondary,both,2018-01-01,11999
Kelantan,Bachok,secondary,both,2019-01-01,12790
Kelantan,Bachok,secondary,both,2020-01-01,11568
Kelantan,Bachok,secondary,both,2021-01-01,11651
Kelantan,Bachok,secondary,both,2022-01-01,11769
Kelantan,Bachok,secondary,both,2023-06-30,11856
Kelantan,Bachok,secondary,both,2024-06-30,12240
Kelantan,Bachok,secondary,both,2025-06-30,12671
Kelantan,Bachok,secondary,female,2017-01-01,7003
Kelantan,Bachok,secondary,female,2018-01-01,6087
Kelantan,Bachok,secondary,female,2019-01-01,6770
Kelantan,Bachok,secondary,female,2020-01-01,5916
Kelantan,Bachok,secondary,female,2021-01-01,5938
Kelantan,Bachok,secondary,female,2022-01-01,6029
Kelantan,Bachok,secondary,female,2023-06-30,6041
Kelantan,Bachok,secondary,female,2024-06-30,6225
Kelantan,Bachok,secondary,female,2025-06-30,6420
Kelantan,Bachok,secondary,male,2017-01-01,6471
Kelantan,Bachok,secondary,male,2018-01-01,5912
Kelantan,Bachok,secondary,male,2019-01-01,6020
Kelantan,Bachok,secondary,male,2020-01-01,5652
Kelantan,Bachok,secondary,male,2021-01-01,5713
Kelantan,Bachok,secondary,male,2022-01-01,5740
Kelantan,Bachok,secondary,male,2023-06-30,5815
Kelantan,Bachok,secondary,male,2024-06-30,6015
Kelantan,Bachok,secondary,male,2025-06-30,6251
Kelantan,Bachok,post_secondary,both,2018-01-01,1067
Kelantan,Bachok,post_secondary,both,2020-01-01,530
Kelantan,Bachok,post_secondary,both,2021-01-01,544
Kelantan,Bachok,post_secondary,both,2022-01-01,548
Kelantan,Bachok,post_secondary,both,2023-06-30,643
Kelantan,Bachok,post_secondary,both,2024-06-30,564
Kelantan,Bachok,post_secondary,both,2025-06-30,1130
Kelantan,Bachok,post_secondary,female,2018-01-01,724
Kelantan,Bachok,post_secondary,female,2020-01-01,384
Kelantan,Bachok,post_secondary,female,2021-01-01,395
Kelantan,Bachok,post_secondary,female,2022-01-01,380
Kelantan,Bachok,post_secondary,female,2023-06-30,438
Kelantan,Bachok,post_secondary,female,2024-06-30,379
Kelantan,Bachok,post_secondary,female,2025-06-30,772
Kelantan,Bachok,post_secondary,male,2018-01-01,343
Kelantan,Bachok,post_secondary,male,2020-01-01,146
Kelantan,Bachok,post_secondary,male,2021-01-01,149
Kelantan,Bachok,post_secondary,male,2022-01-01,168
Kelantan,Bachok,post_secondary,male,2023-06-30,205
Kelantan,Bachok,post_secondary,male,2024-06-30,185
Kelantan,Bachok,post_secondary,male,2025-06-30,358
Kelantan,Gua Musang,primary,both,2017-01-01,11997
Kelantan,Gua Musang,primary,both,2018-01-01,10516
Kelantan,Gua Musang,primary,both,2019-01-01,10835
Kelantan,Gua Musang,primary,both,2020-01-01,11016
Kelantan,Gua Musang,primary,both,2021-01-01,11112
Kelantan,Gua Musang,primary,both,2022-01-01,11265
Kelantan,Gua Musang,primary,both,2023-06-30,12945
Kelantan,Gua Musang,primary,both,2024-06-30,12712
Kelantan,Gua Musang,primary,both,2025-06-30,12631
Kelantan,Gua Musang,primary,female,2017-01-01,5815
Kelantan,Gua Musang,primary,female,2018-01-01,5115
Kelantan,Gua Musang,primary,female,2019-01-01,5301
Kelantan,Gua Musang,primary,female,2020-01-01,5385
Kelantan,Gua Musang,primary,female,2021-01-01,5433
Kelantan,Gua Musang,primary,female,2022-01-01,5529
Kelantan,Gua Musang,primary,female,2023-06-30,6365
Kelantan,Gua Musang,primary,female,2024-06-30,6287
Kelantan,Gua Musang,primary,female,2025-06-30,6252
Kelantan,Gua Musang,primary,male,2017-01-01,6182
Kelantan,Gua Musang,primary,male,2018-01-01,5401
Kelantan,Gua Musang,primary,male,2019-01-01,5534
Kelantan,Gua Musang,primary,male,2020-01-01,5631
Kelantan,Gua Musang,primary,male,2021-01-01,5679
Kelantan,Gua Musang,primary,male,2022-01-01,5736
Kelantan,Gua Musang,primary,male,2023-06-30,6580
Kelantan,Gua Musang,primary,male,2024-06-30,6425
Kelantan,Gua Musang,primary,male,2025-06-30,6379
Kelantan,Gua Musang,secondary,both,2017-01-01,7063
Kelantan,Gua Musang,secondary,both,2018-01-01,6556
Kelantan,Gua Musang,secondary,both,2019-01-01,6813
Kelantan,Gua Musang,secondary,both,2020-01-01,6493
Kelantan,Gua Musang,secondary,both,2021-01-01,7062
Kelantan,Gua Musang,secondary,both,2022-01-01,7536
Kelantan,Gua Musang,secondary,both,2023-06-30,7849
Kelantan,Gua Musang,secondary,both,2024-06-30,8158
Kelantan,Gua Musang,secondary,both,2025-06-30,8461
Kelantan,Gua Musang,secondary,female,2017-01-01,3743
Kelantan,Gua Musang,secondary,female,2018-01-01,3409
Kelantan,Gua Musang,secondary,female,2019-01-01,3537
Kelantan,Gua Musang,secondary,female,2020-01-01,3360
Kelantan,Gua Musang,secondary,female,2021-01-01,3626
Kelantan,Gua Musang,secondary,female,2022-01-01,3822
Kelantan,Gua Musang,secondary,female,2023-06-30,4017
Kelantan,Gua Musang,secondary,female,2024-06-30,4208
Kelantan,Gua Musang,secondary,female,2025-06-30,4341
Kelantan,Gua Musang,secondary,male,2017-01-01,3320
Kelantan,Gua Musang,secondary,male,2018-01-01,3147
Kelantan,Gua Musang,secondary,male,2019-01-01,3276
Kelantan,Gua Musang,secondary,male,2020-01-01,3133
Kelantan,Gua Musang,secondary,male,2021-01-01,3436
Kelantan,Gua Musang,secondary,male,2022-01-01,3714
Kelantan,Gua Musang,secondary,male,2023-06-30,3832
Kelantan,Gua Musang,secondary,male,2024-06-30,3950
Kelantan,Gua Musang,secondary,male,2025-06-30,4120
Kelantan,Gua Musang,post_secondary,both,2018-01-01,249
Kelantan,Gua Musang,post_secondary,both,2020-01-01,139
Kelantan,Gua Musang,post_secondary,both,2021-01-01,134
Kelantan,Gua Musang,post_secondary,both,2022-01-01,131
Kelantan,Gua Musang,post_secondary,both,2023-06-30,187
Kelantan,Gua Musang,post_secondary,both,2024-06-30,154
Kelantan,Gua Musang,post_secondary,both,2025-06-30,338
Kelantan,Gua Musang,post_secondary,female,2018-01-01,179
Kelantan,Gua Musang,post_secondary,female,2020-01-01,88
Kelantan,Gua Musang,post_secondary,female,2021-01-01,96
Kelantan,Gua Musang,post_secondary,female,2022-01-01,96
Kelantan,Gua Musang,post_secondary,female,2023-06-30,121
Kelantan,Gua Musang,post_secondary,female,2024-06-30,111
Kelantan,Gua Musang,post_secondary,female,2025-06-30,233
Kelantan,Gua Musang,post_secondary,male,2018-01-01,70
Kelantan,Gua Musang,post_secondary,male,2020-01-01,51
Kelantan,Gua Musang,post_secondary,male,2021-01-01,38
Kelantan,Gua Musang,post_secondary,male,2022-01-01,35
Kelantan,Gua Musang,post_secondary,male,2023-06-30,66
Kelantan,Gua Musang,post_secondary,male,2024-06-30,43
Kelantan,Gua Musang,post_secondary,male,2025-06-30,105
Kelantan,Jeli,primary,both,2017-01-01,5088
Kelantan,Jeli,primary,both,2018-01-01,5213
Kelantan,Jeli,primary,both,2019-01-01,5296
Kelantan,Jeli,primary,both,2020-01-01,5243
Kelantan,Jeli,primary,both,2021-01-01,5163
Kelantan,Jeli,primary,both,2022-01-01,5186
Kelantan,Jeli,primary,both,2023-06-30,5056
Kelantan,Jeli,primary,both,2024-06-30,4983
Kelantan,Jeli,primary,both,2025-06-30,4905
Kelantan,Jeli,primary,female,2017-01-01,2463
Kelantan,Jeli,primary,female,2018-01-01,2534
Kelantan,Jeli,primary,female,2019-01-01,2598
Kelantan,Jeli,primary,female,2020-01-01,2587
Kelantan,Jeli,primary,female,2021-01-01,2571
Kelantan,Jeli,primary,female,2022-01-01,2573
Kelantan,Jeli,primary,female,2023-06-30,2550
Kelantan,Jeli,primary,female,2024-06-30,2493
Kelantan,Jeli,primary,female,2025-06-30,2436
Kelantan,Jeli,primary,male,2017-01-01,2625
Kelantan,Jeli,primary,male,2018-01-01,2679
Kelantan,Jeli,primary,male,2019-01-01,2698
Kelantan,Jeli,primary,male,2020-01-01,2656
Kelantan,Jeli,primary,male,2021-01-01,2592
Kelantan,Jeli,primary,male,2022-01-01,2613
Kelantan,Jeli,primary,male,2023-06-30,2506
Kelantan,Jeli,primary,male,2024-06-30,2490
Kelantan,Jeli,primary,male,2025-06-30,2469
Kelantan,Jeli,secondary,both,2017-01-01,3585
Kelantan,Jeli,secondary,both,2018-01-01,3305
Kelantan,Jeli,secondary,both,2019-01-01,3385
Kelantan,Jeli,secondary,both,2020-01-01,3107
Kelantan,Jeli,secondary,both,2021-01-01,3136
Kelantan,Jeli,secondary,both,2022-01-01,3359
Kelantan,Jeli,secondary,both,2023-06-30,3593
Kelantan,Jeli,secondary,both,2024-06-30,3747
Kelantan,Jeli,secondary,both,2025-06-30,3816
Kelantan,Jeli,secondary,female,2017-01-01,1857
Kelantan,Jeli,secondary,female,2018-01-01,1660
Kelantan,Jeli,secondary,female,2019-01-01,1708
Kelantan,Jeli,secondary,female,2020-01-01,1498
Kelantan,Jeli,secondary,female,2021-01-01,1490
Kelantan,Jeli,secondary,female,2022-01-01,1625
Kelantan,Jeli,secondary,female,2023-06-30,1769
Kelantan,Jeli,secondary,female,2024-06-30,1875
Kelantan,Jeli,secondary,female,2025-06-30,1932
Kelantan,Jeli,secondary,male,2017-01-01,1728
Kelantan,Jeli,secondary,male,2018-01-01,1645
Kelantan,Jeli,secondary,male,2019-01-01,1677
Kelantan,Jeli,secondary,male,2020-01-01,1609
Kelantan,Jeli,secondary,male,2021-01-01,1646
Kelantan,Jeli,secondary,male,2022-01-01,1734
Kelantan,Jeli,secondary,male,2023-06-30,1824
Kelantan,Jeli,secondary,male,2024-06-30,1872
Kelantan,Jeli,secondary,male,2025-06-30,1884
Kelantan,Jeli,post_secondary,both,2018-01-01,250
Kelantan,Jeli,post_secondary,both,2020-01-01,107
Kelantan,Jeli,post_secondary,both,2021-01-01,108
Kelantan,Jeli,post_secondary,both,2022-01-01,71
Kelantan,Jeli,post_secondary,both,2023-06-30,106
Kelantan,Jeli,post_secondary,both,2024-06-30,97
Kelantan,Jeli,post_secondary,both,2025-06-30,227
Kelantan,Jeli,post_secondary,female,2018-01-01,170
Kelantan,Jeli,post_secondary,female,2020-01-01,78
Kelantan,Jeli,post_secondary,female,2021-01-01,85
Kelantan,Jeli,post_secondary,female,2022-01-01,53
Kelantan,Jeli,post_secondary,female,2023-06-30,75
Kelantan,Jeli,post_secondary,female,2024-06-30,69
Kelantan,Jeli,post_secondary,female,2025-06-30,159
Kelantan,Jeli,post_secondary,male,2018-01-01,80
Kelantan,Jeli,post_secondary,male,2020-01-01,29
Kelantan,Jeli,post_secondary,male,2021-01-01,23
Kelantan,Jeli,post_secondary,male,2022-01-01,18
Kelantan,Jeli,post_secondary,male,2023-06-30,31
Kelantan,Jeli,post_secondary,male,2024-06-30,28
Kelantan,Jeli,post_secondary,male,2025-06-30,68
Kelantan,Kecil Lojing,primary,both,2018-01-01,1672
Kelantan,Kecil Lojing,primary,both,2019-01-01,1713
Kelantan,Kecil Lojing,primary,both,2020-01-01,1769
Kelantan,Kecil Lojing,primary,both,2021-01-01,1775
Kelantan,Kecil Lojing,primary,both,2022-01-01,1780
Kelantan,Kecil Lojing,primary,female,2018-01-01,828
Kelantan,Kecil Lojing,primary,female,2019-01-01,851
Kelantan,Kecil Lojing,primary,female,2020-01-01,871
Kelantan,Kecil Lojing,primary,female,2021-01-01,881
Kelantan,Kecil Lojing,primary,female,2022-01-01,891
Kelantan,Kecil Lojing,primary,male,2018-01-01,844
Kelantan,Kecil Lojing,primary,male,2019-01-01,862
Kelantan,Kecil Lojing,primary,male,2020-01-01,898
Kelantan,Kecil Lojing,primary,male,2021-01-01,894
Kelantan,Kecil Lojing,primary,male,2022-01-01,889
Kelantan,Kecil Lojing,secondary,both,2018-01-01,0
Kelantan,Kecil Lojing,secondary,both,2019-01-01,0
Kelantan,Kecil Lojing,secondary,both,2020-01-01,0
Kelantan,Kecil Lojing,secondary,both,2021-01-01,0
Kelantan,Kecil Lojing,secondary,both,2022-01-01,0
Kelantan,Kecil Lojing,secondary,female,2018-01-01,0
Kelantan,Kecil Lojing,secondary,female,2019-01-01,0
Kelantan,Kecil Lojing,secondary,female,2020-01-01,0
Kelantan,Kecil Lojing,secondary,female,2021-01-01,0
Kelantan,Kecil Lojing,secondary,female,2022-01-01,0
Kelantan,Kecil Lojing,secondary,male,2018-01-01,0
Kelantan,Kecil Lojing,secondary,male,2019-01-01,0
Kelantan,Kecil Lojing,secondary,male,2020-01-01,0
Kelantan,Kecil Lojing,secondary,male,2021-01-01,0
Kelantan,Kecil Lojing,secondary,male,2022-01-01,0
Kelantan,Kecil Lojing,post_secondary,both,2018-01-01,0
Kelantan,Kecil Lojing,post_secondary,both,2020-01-01,0
Kelantan,Kecil Lojing,post_secondary,both,2021-01-01,0
Kelantan,Kecil Lojing,post_secondary,both,2022-01-01,0
Kelantan,Kecil Lojing,post_secondary,female,2018-01-01,0
Kelantan,Kecil Lojing,post_secondary,female,2020-01-01,0
Kelantan,Kecil Lojing,post_secondary,female,2021-01-01,0
Kelantan,Kecil Lojing,post_secondary,female,2022-01-01,0
Kelantan,Kecil Lojing,post_secondary,male,2018-01-01,0
Kelantan,Kecil Lojing,post_secondary,male,2020-01-01,0
Kelantan,Kecil Lojing,post_secondary,male,2021-01-01,0
Kelantan,Kecil Lojing,post_secondary,male,2022-01-01,0
Kelantan,Kota Bharu,primary,both,2017-01-01,52190
Kelantan,Kota Bharu,primary,both,2018-01-01,51957
Kelantan,Kota Bharu,primary,both,2019-01-01,52205
Kelantan,Kota Bharu,primary,both,2020-01-01,52219
Kelantan,Kota Bharu,primary,both,2021-01-01,52908
Kelantan,Kota Bharu,primary,both,2022-01-01,53301
Kelantan,Kota Bharu,primary,both,2023-06-30,53597
Kelantan,Kota Bharu,primary,both,2024-06-30,53563
Kelantan,Kota Bharu,primary,both,2025-06-30,53152
Kelantan,Kota Bharu,primary,female,2017-01-01,25733
Kelantan,Kota Bharu,primary,female,2018-01-01,25686
Kelantan,Kota Bharu,primary,female,2019-01-01,25870
Kelantan,Kota Bharu,primary,female,2020-01-01,25871
Kelantan,Kota Bharu,primary,female,2021-01-01,26091
Kelantan,Kota Bharu,primary,female,2022-01-01,26275
Kelantan,Kota Bharu,primary,female,2023-06-30,26518
Kelantan,Kota Bharu,primary,female,2024-06-30,26405
Kelantan,Kota Bharu,primary,female,2025-06-30,26167
Kelantan,Kota Bharu,primary,male,2017-01-01,26457
Kelantan,Kota Bharu,primary,male,2018-01-01,26271
Kelantan,Kota Bharu,primary,male,2019-01-01,26335
Kelantan,Kota Bharu,primary,male,2020-01-01,26348
Kelantan,Kota Bharu,primary,male,2021-01-01,26817
Kelantan,Kota Bharu,primary,male,2022-01-01,27026
Kelantan,Kota Bharu,primary,male,2023-06-30,27079
Kelantan,Kota Bharu,primary,male,2024-06-30,27158
Kelantan,Kota Bharu,primary,male,2025-06-30,26985
Kelantan,Kota Bharu,secondary,both,2017-01-01,38004
Kelantan,Kota Bharu,secondary,both,2018-01-01,34302
Kelantan,Kota Bharu,secondary,both,2019-01-01,35326
Kelantan,Kota Bharu,secondary,both,2020-01-01,32552
Kelantan,Kota Bharu,secondary,both,2021-01-01,32816
Kelantan,Kota Bharu,secondary,both,2022-01-01,33281
Kelantan,Kota Bharu,secondary,both,2023-06-30,33594
Kelantan,Kota Bharu,secondary,both,2024-06-30,34653
Kelantan,Kota Bharu,secondary,both,2025-06-30,35346
Kelantan,Kota Bharu,secondary,female,2017-01-01,19501
Kelantan,Kota Bharu,secondary,female,2018-01-01,17457
Kelantan,Kota Bharu,secondary,female,2019-01-01,18238
Kelantan,Kota Bharu,secondary,female,2020-01-01,16435
Kelantan,Kota Bharu,secondary,female,2021-01-01,16596
Kelantan,Kota Bharu,secondary,female,2022-01-01,16763
Kelantan,Kota Bharu,secondary,female,2023-06-30,16912
Kelantan,Kota Bharu,secondary,female,2024-06-30,17526
Kelantan,Kota Bharu,secondary,female,2025-06-30,17839
Kelantan,Kota Bharu,secondary,male,2017-01-01,18503
Kelantan,Kota Bharu,secondary,male,2018-01-01,16845
Kelantan,Kota Bharu,secondary,male,2019-01-01,17088
Kelantan,Kota Bharu,secondary,male,2020-01-01,16117
Kelantan,Kota Bharu,secondary,male,2021-01-01,16220
Kelantan,Kota Bharu,secondary,male,2022-01-01,16518
Kelantan,Kota Bharu,secondary,male,2023-06-30,16682
Kelantan,Kota Bharu,secondary,male,2024-06-30,17127
Kelantan,Kota Bharu,secondary,male,2025-06-30,17507
Kelantan,Kota Bharu,post_secondary,both,2018-01-01,2228
Kelantan,Kota Bharu,post_secondary,both,2020-01-01,1133
Kelantan,Kota Bharu,post_secondary,both,2021-01-01,998
Kelantan,Kota Bharu,post_secondary,both,2022-01-01,1125
Kelantan,Kota Bharu,post_secondary,both,2023-06-30,1275
Kelantan,Kota Bharu,post_secondary,both,2024-06-30,1169
Kelantan,Kota Bharu,post_secondary,both,2025-06-30,2214
Kelantan,Kota Bharu,post_secondary,female,2018-01-01,1410
Kelantan,Kota Bharu,post_secondary,female,2020-01-01,676
Kelantan,Kota Bharu,post_secondary,female,2021-01-01,681
Kelantan,Kota Bharu,post_secondary,female,2022-01-01,693
Kelantan,Kota Bharu,post_secondary,female,2023-06-30,696
Kelantan,Kota Bharu,post_secondary,female,2024-06-30,682
Kelantan,Kota Bharu,post_secondary,female,2025-06-30,1381
Kelantan,Kota Bharu,post_secondary,male,2018-01-01,818
Kelantan,Kota Bharu,post_secondary,male,2020-01-01,457
Kelantan,Kota Bharu,post_secondary,male,2021-01-01,317
Kelantan,Kota Bharu,post_secondary,male,2022-01-01,432
Kelantan,Kota Bharu,post_secondary,male,2023-06-30,579
Kelantan,Kota Bharu,post_secondary,male,2024-06-30,487
Kelantan,Kota Bharu,post_secondary,male,2025-06-30,833
Kelantan,Kuala Krai,primary,both,2017-01-01,12190
Kelantan,Kuala Krai,primary,both,2018-01-01,12292
Kelantan,Kuala Krai,primary,both,2019-01-01,12363
Kelantan,Kuala Krai,primary,both,2020-01-01,12286
Kelantan,Kuala Krai,primary,both,2021-01-01,12164
Kelantan,Kuala Krai,primary,both,2022-01-01,12080
Kelantan,Kuala Krai,primary,both,2023-06-30,12033
Kelantan,Kuala Krai,primary,both,2024-06-30,11708
Kelantan,Kuala Krai,primary,both,2025-06-30,11533
Kelantan,Kuala Krai,primary,female,2017-01-01,6005
Kelantan,Kuala Krai,primary,female,2018-01-01,6090
Kelantan,Kuala Krai,primary,female,2019-01-01,6057
Kelantan,Kuala Krai,primary,female,2020-01-01,5999
Kelantan,Kuala Krai,primary,female,2021-01-01,5951
Kelantan,Kuala Krai,primary,female,2022-01-01,5958
Kelantan,Kuala Krai,primary,female,2023-06-30,5940
Kelantan,Kuala Krai,primary,female,2024-06-30,5749
Kelantan,Kuala Krai,primary,female,2025-06-30,5747
Kelantan,Kuala Krai,primary,male,2017-01-01,6185
Kelantan,Kuala Krai,primary,male,2018-01-01,6202
Kelantan,Kuala Krai,primary,male,2019-01-01,6306
Kelantan,Kuala Krai,primary,male,2020-01-01,6287
Kelantan,Kuala Krai,primary,male,2021-01-01,6213
Kelantan,Kuala Krai,primary,male,2022-01-01,6122
Kelantan,Kuala Krai,primary,male,2023-06-30,6093
Kelantan,Kuala Krai,primary,male,2024-06-30,5959
Kelantan,Kuala Krai,primary,male,2025-06-30,5786
Kelantan,Kuala Krai,secondary,both,2017-01-01,9419
Kelantan,Kuala Krai,secondary,both,2018-01-01,8187
Kelantan,Kuala Krai,secondary,both,2019-01-01,8515
Kelantan,Kuala Krai,secondary,both,2020-01-01,7586
Kelantan,Kuala Krai,secondary,both,2021-01-01,7742
Kelantan,Kuala Krai,secondary,both,2022-01-01,7844
Kelantan,Kuala Krai,secondary,both,2023-06-30,7776
Kelantan,Kuala Krai,secondary,both,2024-06-30,8314
Kelantan,Kuala Krai,secondary,both,2025-06-30,8380
Kelantan,Kuala Krai,secondary,female,2017-01-01,4538
Kelantan,Kuala Krai,secondary,female,2018-01-01,3991
Kelantan,Kuala Krai,secondary,female,2019-01-01,4169
Kelantan,Kuala Krai,secondary,female,2020-01-01,3752
Kelantan,Kuala Krai,secondary,female,2021-01-01,3826
Kelantan,Kuala Krai,secondary,female,2022-01-01,3861
Kelantan,Kuala Krai,secondary,female,2023-06-30,3837
Kelantan,Kuala Krai,secondary,female,2024-06-30,4074
Kelantan,Kuala Krai,secondary,female,2025-06-30,4068
Kelantan,Kuala Krai,secondary,male,2017-01-01,4881
Kelantan,Kuala Krai,secondary,male,2018-01-01,4196
Kelantan,Kuala Krai,secondary,male,2019-01-01,4346
Kelantan,Kuala Krai,secondary,male,2020-01-01,3834
Kelantan,Kuala Krai,secondary,male,2021-01-01,3916
Kelantan,Kuala Krai,secondary,male,2022-01-01,3983
Kelantan,Kuala Krai,secondary,male,2023-06-30,3939
Kelantan,Kuala Krai,secondary,male,2024-06-30,4240
Kelantan,Kuala Krai,secondary,male,2025-06-30,4312
Kelantan,Kuala Krai,post_secondary,both,2018-01-01,798
Kelantan,Kuala Krai,post_secondary,both,2020-01-01,499
Kelantan,Kuala Krai,post_secondary,both,2021-01-01,401
Kelantan,Kuala Krai,post_secondary,both,2022-01-01,419
Kelantan,Kuala Krai,post_secondary,both,2023-06-30,516
Kelantan,Kuala Krai,post_secondary,both,2024-06-30,455
Kelantan,Kuala Krai,post_secondary,both,2025-06-30,859
Kelantan,Kuala Krai,post_secondary,female,2018-01-01,390
Kelantan,Kuala Krai,post_secondary,female,2020-01-01,204
Kelantan,Kuala Krai,post_secondary,female,2021-01-01,202
Kelantan,Kuala Krai,post_secondary,female,2022-01-01,187
Kelantan,Kuala Krai,post_secondary,female,2023-06-30,198
Kelantan,Kuala Krai,post_secondary,female,2024-06-30,204
Kelantan,Kuala Krai,post_secondary,female,2025-06-30,419
Kelantan,Kuala Krai,post_secondary,male,2018-01-01,408
Kelantan,Kuala Krai,post_secondary,male,2020-01-01,295
Kelantan,Kuala Krai,post_secondary,male,2021-01-01,199
Kelantan,Kuala Krai,post_secondary,male,2022-01-01,232
Kelantan,Kuala Krai,post_secondary,male,2023-06-30,318
Kelantan,Kuala Krai,post_secondary,male,2024-06-30,251
Kelantan,Kuala Krai,post_secondary,male,2025-06-30,440
Kelantan,Machang,primary,both,2017-01-01,9868
Kelantan,Machang,primary,both,2018-01-01,9761
Kelantan,Machang,primary,both,2019-01-01,9602
Kelantan,Machang,primary,both,2020-01-01,9431
Kelantan,Machang,primary,both,2021-01-01,9401
Kelantan,Machang,primary,both,2022-01-01,9394
Kelantan,Machang,primary,both,2023-06-30,9401
Kelantan,Machang,primary,both,2024-06-30,9304
Kelantan,Machang,primary,both,2025-06-30,9278
Kelantan,Machang,primary,female,2017-01-01,4791
Kelantan,Machang,primary,female,2018-01-01,4740
Kelantan,Machang,primary,female,2019-01-01,4674
Kelantan,Machang,primary,female,2020-01-01,4587
Kelantan,Machang,primary,female,2021-01-01,4548
Kelantan,Machang,primary,female,2022-01-01,4596
Kelantan,Machang,primary,female,2023-06-30,4577
Kelantan,Machang,primary,female,2024-06-30,4504
Kelantan,Machang,primary,female,2025-06-30,4474
Kelantan,Machang,primary,male,2017-01-01,5077
Kelantan,Machang,primary,male,2018-01-01,5021
Kelantan,Machang,primary,male,2019-01-01,4928
Kelantan,Machang,primary,male,2020-01-01,4844
Kelantan,Machang,primary,male,2021-01-01,4853
Kelantan,Machang,primary,male,2022-01-01,4798
Kelantan,Machang,primary,male,2023-06-30,4824
Kelantan,Machang,primary,male,2024-06-30,4800
Kelantan,Machang,primary,male,2025-06-30,4804
Kelantan,Machang,secondary,both,2017-01-01,8301
Kelantan,Machang,secondary,both,2018-01-01,7336
Kelantan,Machang,secondary,both,2019-01-01,7498
Kelantan,Machang,secondary,both,2020-01-01,6753
Kelantan,Machang,secondary,both,2021-01-01,6818
Kelantan,Machang,secondary,both,2022-01-01,6862
Kelantan,Machang,secondary,both,2023-06-30,6910
Kelantan,Machang,secondary,both,2024-06-30,7142
Kelantan,Machang,secondary,both,2025-06-30,7161
Kelantan,Machang,secondary,female,2017-01-01,4284
Kelantan,Machang,secondary,female,2018-01-01,3726
Kelantan,Machang,secondary,female,2019-01-01,3896
Kelantan,Machang,secondary,female,2020-01-01,3412
Kelantan,Machang,secondary,female,2021-01-01,3420
Kelantan,Machang,secondary,female,2022-01-01,3403
Kelantan,Machang,secondary,female,2023-06-30,3427
Kelantan,Machang,secondary,female,2024-06-30,3518
Kelantan,Machang,secondary,female,2025-06-30,3528
Kelantan,Machang,secondary,male,2017-01-01,4017
Kelantan,Machang,secondary,male,2018-01-01,3610
Kelantan,Machang,secondary,male,2019-01-01,3602
Kelantan,Machang,secondary,male,2020-01-01,3341
Kelantan,Machang,secondary,male,2021-01-01,3398
Kelantan,Machang,secondary,male,2022-01-01,3459
Kelantan,Machang,secondary,male,2023-06-30,3483
Kelantan,Machang,secondary,male,2024-06-30,3624
Kelantan,Machang,secondary,male,2025-06-30,3633
Kelantan,Machang,post_secondary,both,2018-01-01,501
Kelantan,Machang,post_secondary,both,2020-01-01,236
Kelantan,Machang,post_secondary,both,2021-01-01,228
Kelantan,Machang,post_secondary,both,2022-01-01,218
Kelantan,Machang,post_secondary,both,2023-06-30,271
Kelantan,Machang,post_secondary,both,2024-06-30,273
Kelantan,Machang,post_secondary,both,2025-06-30,583
Kelantan,Machang,post_secondary,female,2018-01-01,333
Kelantan,Machang,post_secondary,female,2020-01-01,166
Kelantan,Machang,post_secondary,female,2021-01-01,169
Kelantan,Machang,post_secondary,female,2022-01-01,150
Kelantan,Machang,post_secondary,female,2023-06-30,182
Kelantan,Machang,post_secondary,female,2024-06-30,183
Kelantan,Machang,post_secondary,female,2025-06-30,382
Kelantan,Machang,post_secondary,male,2018-01-01,168
Kelantan,Machang,post_secondary,male,2020-01-01,70
Kelantan,Machang,post_secondary,male,2021-01-01,59
Kelantan,Machang,post_secondary,male,2022-01-01,68
Kelantan,Machang,post_secondary,male,2023-06-30,89
Kelantan,Machang,post_secondary,male,2024-06-30,90
Kelantan,Machang,post_secondary,male,2025-06-30,201
Kelantan,Pasir Mas,primary,both,2017-01-01,20748
Kelantan,Pasir Mas,primary,both,2018-01-01,20494
Kelantan,Pasir Mas,primary,both,2019-01-01,20392
Kelantan,Pasir Mas,primary,both,2020-01-01,19788
Kelantan,Pasir Mas,primary,both,2021-01-01,19863
Kelantan,Pasir Mas,primary,both,2022-01-01,19702
Kelantan,Pasir Mas,primary,both,2023-06-30,19547
Kelantan,Pasir Mas,primary,both,2024-06-30,19237
Kelantan,Pasir Mas,primary,both,2025-06-30,19241
Kelantan,Pasir Mas,primary,female,2017-01-01,10080
Kelantan,Pasir Mas,primary,female,2018-01-01,10009
Kelantan,Pasir Mas,primary,female,2019-01-01,10009
Kelantan,Pasir Mas,primary,female,2020-01-01,9709
Kelantan,Pasir Mas,primary,female,2021-01-01,9731
Kelantan,Pasir Mas,primary,female,2022-01-01,9584
Kelantan,Pasir Mas,primary,female,2023-06-30,9554
Kelantan,Pasir Mas,primary,female,2024-06-30,9389
Kelantan,Pasir Mas,primary,female,2025-06-30,9369
Kelantan,Pasir Mas,primary,male,2017-01-01,10668
Kelantan,Pasir Mas,primary,male,2018-01-01,10485
Kelantan,Pasir Mas,primary,male,2019-01-01,10383
Kelantan,Pasir Mas,primary,male,2020-01-01,10079
Kelantan,Pasir Mas,primary,male,2021-01-01,10132
Kelantan,Pasir Mas,primary,male,2022-01-01,10118
Kelantan,Pasir Mas,primary,male,2023-06-30,9993
Kelantan,Pasir Mas,primary,male,2024-06-30,9848
Kelantan,Pasir Mas,primary,male,2025-06-30,9872
Kelantan,Pasir Mas,secondary,both,2017-01-01,16666
Kelantan,Pasir Mas,secondary,both,2018-01-01,14288
Kelantan,Pasir Mas,secondary,both,2019-01-01,15443
Kelantan,Pasir Mas,secondary,both,2020-01-01,13520
Kelantan,Pasir Mas,secondary,both,2021-01-01,13521
Kelantan,Pasir Mas,secondary,both,2022-01-01,13707
Kelantan,Pasir Mas,secondary,both,2023-06-30,13662
Kelantan,Pasir Mas,secondary,both,2024-06-30,14035
Kelantan,Pasir Mas,secondary,both,2025-06-30,14256
Kelantan,Pasir Mas,secondary,female,2017-01-01,8786
Kelantan,Pasir Mas,secondary,female,2018-01-01,7339
Kelantan,Pasir Mas,secondary,female,2019-01-01,8176
Kelantan,Pasir Mas,secondary,female,2020-01-01,6896
Kelantan,Pasir Mas,secondary,female,2021-01-01,6893
Kelantan,Pasir Mas,secondary,female,2022-01-01,6886
Kelantan,Pasir Mas,secondary,female,2023-06-30,6906
Kelantan,Pasir Mas,secondary,female,2024-06-30,7088
Kelantan,Pasir Mas,secondary,female,2025-06-30,7217
Kelantan,Pasir Mas,secondary,male,2017-01-01,7880
Kelantan,Pasir Mas,secondary,male,2018-01-01,6949
Kelantan,Pasir Mas,secondary,male,2019-01-01,7267
Kelantan,Pasir Mas,secondary,male,2020-01-01,6624
Kelantan,Pasir Mas,secondary,male,2021-01-01,6628
Kelantan,Pasir Mas,secondary,male,2022-01-01,6821
Kelantan,Pasir Mas,secondary,male,2023-06-30,6756
Kelantan,Pasir Mas,secondary,male,2024-06-30,6947
Kelantan,Pasir Mas,secondary,male,2025-06-30,7039
Kelantan,Pasir Mas,post_secondary,both,2018-01-01,1628
Kelantan,Pasir Mas,post_secondary,both,2020-01-01,770
Kelantan,Pasir Mas,post_secondary,both,2021-01-01,784
Kelantan,Pasir Mas,post_secondary,both,2022-01-01,700
Kelantan,Pasir Mas,post_secondary,both,2023-06-30,773
Kelantan,Pasir Mas,post_secondary,both,2024-06-30,770
Kelantan,Pasir Mas,post_secondary,both,2025-06-30,1496
Kelantan,Pasir Mas,post_secondary,female,2018-01-01,1115
Kelantan,Pasir Mas,post_secondary,female,2020-01-01,522
Kelantan,Pasir Mas,post_secondary,female,2021-01-01,496
Kelantan,Pasir Mas,post_secondary,female,2022-01-01,440
Kelantan,Pasir Mas,post_secondary,female,2023-06-30,526
Kelantan,Pasir Mas,post_secondary,female,2024-06-30,500
Kelantan,Pasir Mas,post_secondary,female,2025-06-30,960
Kelantan,Pasir Mas,post_secondary,male,2018-01-01,513
Kelantan,Pasir Mas,post_secondary,male,2020-01-01,248
Kelantan,Pasir Mas,post_secondary,male,2021-01-01,288
Kelantan,Pasir Mas,post_secondary,male,2022-01-01,260
Kelantan,Pasir Mas,post_secondary,male,2023-06-30,247
Kelantan,Pasir Mas,post_secondary,male,2024-06-30,270
Kelantan,Pasir Mas,post_secondary,male,2025-06-30,536
Kelantan,Pasir Puteh,primary,both,2017-01-01,13874
Kelantan,Pasir Puteh,primary,both,2018-01-01,13738
Kelantan,Pasir Puteh,primary,both,2019-01-01,13717
Kelantan,Pasir Puteh,primary,both,2020-01-01,13636
Kelantan,Pasir Puteh,primary,both,2021-01-01,13616
Kelantan,Pasir Puteh,primary,both,2022-01-01,13651
Kelantan,Pasir Puteh,primary,female,2017-01-01,6652
Kelantan,Pasir Puteh,primary,female,2018-01-01,6616
Kelantan,Pasir Puteh,primary,female,2019-01-01,6647
Kelantan,Pasir Puteh,primary,female,2020-01-01,6608
Kelantan,Pasir Puteh,primary,female,2021-01-01,6613
Kelantan,Pasir Puteh,primary,female,2022-01-01,6669
Kelantan,Pasir Puteh,primary,male,2017-01-01,7222
Kelantan,Pasir Puteh,primary,male,2018-01-01,7122
Kelantan,Pasir Puteh,primary,male,2019-01-01,7070
Kelantan,Pasir Puteh,primary,male,2020-01-01,7028
Kelantan,Pasir Puteh,primary,male,2021-01-01,7003
Kelantan,Pasir Puteh,primary,male,2022-01-01,6982
Kelantan,Pasir Puteh,secondary,both,2017-01-01,10724
Kelantan,Pasir Puteh,secondary,both,2018-01-01,9605
Kelantan,Pasir Puteh,secondary,both,2019-01-01,10284
Kelantan,Pasir Puteh,secondary,both,2020-01-01,8996
Kelantan,Pasir Puteh,secondary,both,2021-01-01,9119
Kelantan,Pasir Puteh,secondary,both,2022-01-01,9284
Kelantan,Pasir Puteh,secondary,female,2017-01-01,5853
Kelantan,Pasir Puteh,secondary,female,2018-01-01,5167
Kelantan,Pasir Puteh,secondary,female,2019-01-01,5587
Kelantan,Pasir Puteh,secondary,female,2020-01-01,4731
Kelantan,Pasir Puteh,secondary,female,2021-01-01,4719
Kelantan,Pasir Puteh,secondary,female,2022-01-01,4731
Kelantan,Pasir Puteh,secondary,male,2017-01-01,4871
Kelantan,Pasir Puteh,secondary,male,2018-01-01,4438
Kelantan,Pasir Puteh,secondary,male,2019-01-01,4697
Kelantan,Pasir Puteh,secondary,male,2020-01-01,4265
Kelantan,Pasir Puteh,secondary,male,2021-01-01,4400
Kelantan,Pasir Puteh,secondary,male,2022-01-01,4553
Kelantan,Pasir Puteh,post_secondary,both,2018-01-01,909
Kelantan,Pasir Puteh,post_secondary,both,2020-01-01,490
Kelantan,Pasir Puteh,post_secondary,both,2021-01-01,520
Kelantan,Pasir Puteh,post_secondary,both,2022-01-01,464
Kelantan,Pasir Puteh,post_secondary,female,2018-01-01,606
Kelantan,Pasir Puteh,post_secondary,female,2020-01-01,326
Kelantan,Pasir Puteh,post_secondary,female,2021-01-01,351
Kelantan,Pasir Puteh,post_secondary,female,2022-01-01,280
Kelantan,Pasir Puteh,post_secondary,male,2018-01-01,303
Kelantan,Pasir Puteh,post_secondary,male,2020-01-01,164
Kelantan,Pasir Puteh,post_secondary,male,2021-01-01,169
Kelantan,Pasir Puteh,post_secondary,male,2022-01-01,184
Kelantan,Tanah Merah,primary,both,2017-01-01,13466
Kelantan,Tanah Merah,primary,both,2018-01-01,13413
Kelantan,Tanah Merah,primary,both,2019-01-01,13358
Kelantan,Tanah Merah,primary,both,2020-01-01,13004
Kelantan,Tanah Merah,primary,both,2021-01-01,13025
Kelantan,Tanah Merah,primary,both,2022-01-01,13004
Kelantan,Tanah Merah,primary,both,2023-06-30,12723
Kelantan,Tanah Merah,primary,both,2024-06-30,12643
Kelantan,Tanah Merah,primary,both,2025-06-30,12716
Kelantan,Tanah Merah,primary,female,2017-01-01,6526
Kelantan,Tanah Merah,primary,female,2018-01-01,6503
Kelantan,Tanah Merah,primary,female,2019-01-01,6479
Kelantan,Tanah Merah,primary,female,2020-01-01,6287
Kelantan,Tanah Merah,primary,female,2021-01-01,6341
Kelantan,Tanah Merah,primary,female,2022-01-01,6347
Kelantan,Tanah Merah,primary,female,2023-06-30,6172
Kelantan,Tanah Merah,primary,female,2024-06-30,6157
Kelantan,Tanah Merah,primary,female,2025-06-30,6258
Kelantan,Tanah Merah,primary,male,2017-01-01,6940
Kelantan,Tanah Merah,primary,male,2018-01-01,6910
Kelantan,Tanah Merah,primary,male,2019-01-01,6879
Kelantan,Tanah Merah,primary,male,2020-01-01,6717
Kelantan,Tanah Merah,primary,male,2021-01-01,6684
Kelantan,Tanah Merah,primary,male,2022-01-01,6657
Kelantan,Tanah Merah,primary,male,2023-06-30,6551
Kelantan,Tanah Merah,primary,male,2024-06-30,6486
Kelantan,Tanah Merah,primary,male,2025-06-30,6458
Kelantan,Tanah Merah,secondary,both,2017-01-01,11276
Kelantan,Tanah Merah,secondary,both,2018-01-01,9642
Kelantan,Tanah Merah,secondary,both,2019-01-01,10380
Kelantan,Tanah Merah,secondary,both,2020-01-01,8982
Kelantan,Tanah Merah,secondary,both,2021-01-01,9192
Kelantan,Tanah Merah,secondary,both,2022-01-01,9431
Kelantan,Tanah Merah,secondary,both,2023-06-30,9640
Kelantan,Tanah Merah,secondary,both,2024-06-30,10215
Kelantan,Tanah Merah,secondary,both,2025-06-30,10338
Kelantan,Tanah Merah,secondary,female,2017-01-01,5691
Kelantan,Tanah Merah,secondary,female,2018-01-01,4827
Kelantan,Tanah Merah,secondary,female,2019-01-01,5350
Kelantan,Tanah Merah,secondary,female,2020-01-01,4560
Kelantan,Tanah Merah,secondary,female,2021-01-01,4518
Kelantan,Tanah Merah,secondary,female,2022-01-01,4639
Kelantan,Tanah Merah,secondary,female,2023-06-30,4776
Kelantan,Tanah Merah,secondary,female,2024-06-30,5083
Kelantan,Tanah Merah,secondary,female,2025-06-30,5049
Kelantan,Tanah Merah,secondary,male,2017-01-01,5585
Kelantan,Tanah Merah,secondary,male,2018-01-01,4815
Kelantan,Tanah Merah,secondary,male,2019-01-01,5030
Kelantan,Tanah Merah,secondary,male,2020-01-01,4422
Kelantan,Tanah Merah,secondary,male,2021-01-01,4674
Kelantan,Tanah Merah,secondary,male,2022-01-01,4792
Kelantan,Tanah Merah,secondary,male,2023-06-30,4864
Kelantan,Tanah Merah,secondary,male,2024-06-30,5132
Kelantan,Tanah Merah,secondary,male,2025-06-30,5289
Kelantan,Tanah Merah,post_secondary,both,2018-01-01,1136
Kelantan,Tanah Merah,post_secondary,both,2020-01-01,764
Kelantan,Tanah Merah,post_secondary,both,2021-01-01,673
Kelantan,Tanah Merah,post_secondary,both,2022-01-01,711
Kelantan,Tanah Merah,post_secondary,both,2023-06-30,816
Kelantan,Tanah Merah,post_secondary,both,2024-06-30,757
Kelantan,Tanah Merah,post_secondary,both,2025-06-30,1049
Kelantan,Tanah Merah,post_secondary,female,2018-01-01,643
Kelantan,Tanah Merah,post_secondary,female,2020-01-01,416
Kelantan,Tanah Merah,post_secondary,female,2021-01-01,446
Kelantan,Tanah Merah,post_secondary,female,2022-01-01,432
Kelantan,Tanah Merah,post_secondary,female,2023-06-30,455
Kelantan,Tanah Merah,post_secondary,female,2024-06-30,427
Kelantan,Tanah Merah,post_secondary,female,2025-06-30,634
Kelantan,Tanah Merah,post_secondary,male,2018-01-01,493
Kelantan,Tanah Merah,post_secondary,male,2020-01-01,348
Kelantan,Tanah Merah,post_secondary,male,2021-01-01,227
Kelantan,Tanah Merah,post_secondary,male,2022-01-01,279
Kelantan,Tanah Merah,post_secondary,male,2023-06-30,361
Kelantan,Tanah Merah,post_secondary,male,2024-06-30,330
Kelantan,Tanah Merah,post_secondary,male,2025-06-30,415
Kelantan,Tumpat,primary,both,2017-01-01,17208
Kelantan,Tumpat,primary,both,2018-01-01,17184
Kelantan,Tumpat,primary,both,2019-01-01,17241
Kelantan,Tumpat,primary,both,2020-01-01,17127
Kelantan,Tumpat,primary,both,2021-01-01,17096
Kelantan,Tumpat,primary,both,2022-01-01,17161
Kelantan,Tumpat,primary,both,2023-06-30,17143
Kelantan,Tumpat,primary,both,2024-06-30,17213
Kelantan,Tumpat,primary,both,2025-06-30,17028
Kelantan,Tumpat,primary,female,2017-01-01,8429
Kelantan,Tumpat,primary,female,2018-01-01,8388
Kelantan,Tumpat,primary,female,2019-01-01,8397
Kelantan,Tumpat,primary,female,2020-01-01,8331
Kelantan,Tumpat,primary,female,2021-01-01,8302
Kelantan,Tumpat,primary,female,2022-01-01,8306
Kelantan,Tumpat,primary,female,2023-06-30,8289
Kelantan,Tumpat,primary,female,2024-06-30,8387
Kelantan,Tumpat,primary,female,2025-06-30,8246
Kelantan,Tumpat,primary,male,2017-01-01,8779
Kelantan,Tumpat,primary,male,2018-01-01,8796
Kelantan,Tumpat,primary,male,2019-01-01,8844
Kelantan,Tumpat,primary,male,2020-01-01,8796
Kelantan,Tumpat,primary,male,2021-01-01,8794
Kelantan,Tumpat,primary,male,2022-01-01,8855
Kelantan,Tumpat,primary,male,2023-06-30,8854
Kelantan,Tumpat,primary,male,2024-06-30,8826
Kelantan,Tumpat,primary,male,2025-06-30,8782
Kelantan,Tumpat,secondary,both,2017-01-01,11860
Kelantan,Tumpat,secondary,both,2018-01-01,10500
Kelantan,Tumpat,secondary,both,2019-01-01,11168
Kelantan,Tumpat,secondary,both,2020-01-01,9929
Kelantan,Tumpat,secondary,both,2021-01-01,10016
Kelantan,Tumpat,secondary,both,2022-01-01,10256
Kelantan,Tumpat,secondary,both,2023-06-30,10424
Kelantan,Tumpat,secondary,both,2024-06-30,10642
Kelantan,Tumpat,secondary,both,2025-06-30,10923
Kelantan,Tumpat,secondary,female,2017-01-01,6017
Kelantan,Tumpat,secondary,female,2018-01-01,5214
Kelantan,Tumpat,secondary,female,2019-01-01,5723
Kelantan,Tumpat,secondary,female,2020-01-01,4958
Kelantan,Tumpat,secondary,female,2021-01-01,4963
Kelantan,Tumpat,secondary,female,2022-01-01,5040
Kelantan,Tumpat,secondary,female,2023-06-30,5120
Kelantan,Tumpat,secondary,female,2024-06-30,5214
Kelantan,Tumpat,secondary,female,2025-06-30,5372
Kelantan,Tumpat,secondary,male,2017-01-01,5843
Kelantan,Tumpat,secondary,male,2018-01-01,5286
Kelantan,Tumpat,secondary,male,2019-01-01,5445
Kelantan,Tumpat,secondary,male,2020-01-01,4971
Kelantan,Tumpat,secondary,male,2021-01-01,5053
Kelantan,Tumpat,secondary,male,2022-01-01,5216
Kelantan,Tumpat,secondary,male,2023-06-30,5304
Kelantan,Tumpat,secondary,male,2024-06-30,5428
Kelantan,Tumpat,secondary,male,2025-06-30,5551
Kelantan,Tumpat,post_secondary,both,2018-01-01,1000
Kelantan,Tumpat,post_secondary,both,2020-01-01,433
Kelantan,Tumpat,post_secondary,both,2021-01-01,447
Kelantan,Tumpat,post_secondary,both,2022-01-01,389
Kelantan,Tumpat,post_secondary,both,2023-06-30,447
Kelantan,Tumpat,post_secondary,both,2024-06-30,435
Kelantan,Tumpat,post_secondary,both,2025-06-30,911
Kelantan,Tumpat,post_secondary,female,2018-01-01,666
Kelantan,Tumpat,post_secondary,female,2020-01-01,305
Kelantan,Tumpat,post_secondary,female,2021-01-01,282
Kelantan,Tumpat,post_secondary,female,2022-01-01,258
Kelantan,Tumpat,post_secondary,female,2023-06-30,315
Kelantan,Tumpat,post_secondary,female,2024-06-30,295
Kelantan,Tumpat,post_secondary,female,2025-06-30,561
Kelantan,Tumpat,post_secondary,male,2018-01-01,334
Kelantan,Tumpat,post_secondary,male,2020-01-01,128
Kelantan,Tumpat,post_secondary,male,2021-01-01,165
Kelantan,Tumpat,post_secondary,male,2022-01-01,131
Kelantan,Tumpat,post_secondary,male,2023-06-30,132
Kelantan,Tumpat,post_secondary,male,2024-06-30,140
Kelantan,Tumpat,post_secondary,male,2025-06-30,350
Kelantan,Pasir Putih,primary,both,2023-06-30,13723
Kelantan,Pasir Putih,primary,both,2024-06-30,13552
Kelantan,Pasir Putih,primary,both,2025-06-30,13441
Kelantan,Pasir Putih,primary,female,2023-06-30,6696
Kelantan,Pasir Putih,primary,female,2024-06-30,6662
Kelantan,Pasir Putih,primary,female,2025-06-30,6600
Kelantan,Pasir Putih,primary,male,2023-06-30,7027
Kelantan,Pasir Putih,primary,male,2024-06-30,6890
Kelantan,Pasir Putih,primary,male,2025-06-30,6841
Kelantan,Pasir Putih,secondary,both,2023-06-30,9460
Kelantan,Pasir Putih,secondary,both,2024-06-30,9858
Kelantan,Pasir Putih,secondary,both,2025-06-30,10082
Kelantan,Pasir Putih,secondary,female,2023-06-30,4859
Kelantan,Pasir Putih,secondary,female,2024-06-30,5049
Kelantan,Pasir Putih,secondary,female,2025-06-30,5198
Kelantan,Pasir Putih,secondary,male,2023-06-30,4601
Kelantan,Pasir Putih,secondary,male,2024-06-30,4809
Kelantan,Pasir Putih,secondary,male,2025-06-30,4884
Kelantan,Pasir Putih,post_secondary,both,2023-06-30,574
Kelantan,Pasir Putih,post_secondary,both,2024-06-30,561
Kelantan,Pasir Putih,post_secondary,both,2025-06-30,1094
Kelantan,Pasir Putih,post_secondary,female,2023-06-30,361
Kelantan,Pasir Putih,post_secondary,female,2024-06-30,327
Kelantan,Pasir Putih,post_secondary,female,2025-06-30,672
Kelantan,Pasir Putih,post_secondary,male,2023-06-30,213
Kelantan,Pasir Putih,post_secondary,male,2024-06-30,234
Kelantan,Pasir Putih,post_secondary,male,2025-06-30,422
Melaka,All Districts,primary,both,2017-01-01,81086
Melaka,All Districts,primary,both,2018-01-01,82114
Melaka,All Districts,primary,both,2019-01-01,83634
Melaka,All Districts,primary,both,2020-01-01,84174
Melaka,All Districts,primary,both,2021-01-01,85433
Melaka,All Districts,primary,both,2022-01-01,86269
Melaka,All Districts,primary,both,2023-06-30,87251
Melaka,All Districts,primary,both,2024-06-30,87840
Melaka,All Districts,primary,both,2025-06-30,88046
Melaka,All Districts,primary,female,2017-01-01,39515
Melaka,All Districts,primary,female,2018-01-01,39955
Melaka,All Districts,primary,female,2019-01-01,40810
Melaka,All Districts,primary,female,2020-01-01,41094
Melaka,All Districts,primary,female,2021-01-01,41478
Melaka,All Districts,primary,female,2022-01-01,41858
Melaka,All Districts,primary,female,2023-06-30,42319
Melaka,All Districts,primary,female,2024-06-30,42616
Melaka,All Districts,primary,female,2025-06-30,42632
Melaka,All Districts,primary,male,2017-01-01,41571
Melaka,All Districts,primary,male,2018-01-01,42159
Melaka,All Districts,primary,male,2019-01-01,42824
Melaka,All Districts,primary,male,2020-01-01,43080
Melaka,All Districts,primary,male,2021-01-01,43955
Melaka,All Districts,primary,male,2022-01-01,44411
Melaka,All Districts,primary,male,2023-06-30,44932
Melaka,All Districts,primary,male,2024-06-30,45224
Melaka,All Districts,primary,male,2025-06-30,45414
Melaka,All Districts,secondary,both,2017-01-01,68243
Melaka,All Districts,secondary,both,2018-01-01,62183
Melaka,All Districts,secondary,both,2019-01-01,61257
Melaka,All Districts,secondary,both,2020-01-01,61379
Melaka,All Districts,secondary,both,2021-01-01,62331
Melaka,All Districts,secondary,both,2022-01-01,62385
Melaka,All Districts,secondary,both,2023-06-30,62882
Melaka,All Districts,secondary,both,2024-06-30,64602
Melaka,All Districts,secondary,both,2025-06-30,65864
Melaka,All Districts,secondary,female,2017-01-01,34483
Melaka,All Districts,secondary,female,2018-01-01,31069
Melaka,All Districts,secondary,female,2019-01-01,30612
Melaka,All Districts,secondary,female,2020-01-01,30528
Melaka,All Districts,secondary,female,2021-01-01,30982
Melaka,All Districts,secondary,female,2022-01-01,30906
Melaka,All Districts,secondary,female,2023-06-30,31083
Melaka,All Districts,secondary,female,2024-06-30,31729
Melaka,All Districts,secondary,female,2025-06-30,32418
Melaka,All Districts,secondary,male,2017-01-01,33760
Melaka,All Districts,secondary,male,2018-01-01,31114
Melaka,All Districts,secondary,male,2019-01-01,30645
Melaka,All Districts,secondary,male,2020-01-01,30851
Melaka,All Districts,secondary,male,2021-01-01,31349
Melaka,All Districts,secondary,male,2022-01-01,31479
Melaka,All Districts,secondary,male,2023-06-30,31799
Melaka,All Districts,secondary,male,2024-06-30,32873
Melaka,All Districts,secondary,male,2025-06-30,33446
Melaka,All Districts,post_secondary,both,2018-01-01,4018
Melaka,All Districts,post_secondary,both,2019-01-01,4009
Melaka,All Districts,post_secondary,both,2020-01-01,2157
Melaka,All Districts,post_secondary,both,2021-01-01,1917
Melaka,All Districts,post_secondary,both,2022-01-01,2233
Melaka,All Districts,post_secondary,both,2023-06-30,2279
Melaka,All Districts,post_secondary,both,2024-06-30,2143
Melaka,All Districts,post_secondary,both,2025-06-30,3387
Melaka,All Districts,post_secondary,female,2018-01-01,2342
Melaka,All Districts,post_secondary,female,2019-01-01,2263
Melaka,All Districts,post_secondary,female,2020-01-01,1173
Melaka,All Districts,post_secondary,female,2021-01-01,1094
Melaka,All Districts,post_secondary,female,2022-01-01,1187
Melaka,All Districts,post_secondary,female,2023-06-30,1143
Melaka,All Districts,post_secondary,female,2024-06-30,1118
Melaka,All Districts,post_secondary,female,2025-06-30,1955
Melaka,All Districts,post_secondary,male,2018-01-01,1676
Melaka,All Districts,post_secondary,male,2019-01-01,1746
Melaka,All Districts,post_secondary,male,2020-01-01,984
Melaka,All Districts,post_secondary,male,2021-01-01,823
Melaka,All Districts,post_secondary,male,2022-01-01,1046
Melaka,All Districts,post_secondary,male,2023-06-30,1136
Melaka,All Districts,post_secondary,male,2024-06-30,1025
Melaka,All Districts,post_secondary,male,2025-06-30,1432
Melaka,Alor Gajah,primary,both,2017-01-01,19343
Melaka,Alor Gajah,primary,both,2018-01-01,19829
Melaka,Alor Gajah,primary,both,2019-01-01,20209
Melaka,Alor Gajah,primary,both,2020-01-01,20460
Melaka,Alor Gajah,primary,both,2021-01-01,20778
Melaka,Alor Gajah,primary,both,2022-01-01,20950
Melaka,Alor Gajah,primary,both,2023-06-30,21209
Melaka,Alor Gajah,primary,both,2024-06-30,21342
Melaka,Alor Gajah,primary,both,2025-06-30,21340
Melaka,Alor Gajah,primary,female,2017-01-01,9406
Melaka,Alor Gajah,primary,female,2018-01-01,9686
Melaka,Alor Gajah,primary,female,2019-01-01,9877
Melaka,Alor Gajah,primary,female,2020-01-01,10031
Melaka,Alor Gajah,primary,female,2021-01-01,10067
Melaka,Alor Gajah,primary,female,2022-01-01,10160
Melaka,Alor Gajah,primary,female,2023-06-30,10276
Melaka,Alor Gajah,primary,female,2024-06-30,10353
Melaka,Alor Gajah,primary,female,2025-06-30,10342
Melaka,Alor Gajah,primary,male,2017-01-01,9937
Melaka,Alor Gajah,primary,male,2018-01-01,10143
Melaka,Alor Gajah,primary,male,2019-01-01,10332
Melaka,Alor Gajah,primary,male,2020-01-01,10429
Melaka,Alor Gajah,primary,male,2021-01-01,10711
Melaka,Alor Gajah,primary,male,2022-01-01,10790
Melaka,Alor Gajah,primary,male,2023-06-30,10933
Melaka,Alor Gajah,primary,male,2024-06-30,10989
Melaka,Alor Gajah,primary,male,2025-06-30,10998
Melaka,Alor Gajah,secondary,both,2017-01-01,16184
Melaka,Alor Gajah,secondary,both,2018-01-01,14679
Melaka,Alor Gajah,secondary,both,2019-01-01,14366
Melaka,Alor Gajah,secondary,both,2020-01-01,14360
Melaka,Alor Gajah,secondary,both,2021-01-01,14673
Melaka,Alor Gajah,secondary,both,2022-01-01,14749
Melaka,Alor Gajah,secondary,both,2023-06-30,14939
Melaka,Alor Gajah,secondary,both,2024-06-30,15758
Melaka,Alor Gajah,secondary,both,2025-06-30,16296
Melaka,Alor Gajah,secondary,female,2017-01-01,8052
Melaka,Alor Gajah,secondary,female,2018-01-01,7354
Melaka,Alor Gajah,secondary,female,2019-01-01,7212
Melaka,Alor Gajah,secondary,female,2020-01-01,7128
Melaka,Alor Gajah,secondary,female,2021-01-01,7228
Melaka,Alor Gajah,secondary,female,2022-01-01,7275
Melaka,Alor Gajah,secondary,female,2023-06-30,7366
Melaka,Alor Gajah,secondary,female,2024-06-30,7707
Melaka,Alor Gajah,secondary,female,2025-06-30,8000
Melaka,Alor Gajah,secondary,male,2017-01-01,8132
Melaka,Alor Gajah,secondary,male,2018-01-01,7325
Melaka,Alor Gajah,secondary,male,2019-01-01,7154
Melaka,Alor Gajah,secondary,male,2020-01-01,7232
Melaka,Alor Gajah,secondary,male,2021-01-01,7445
Melaka,Alor Gajah,secondary,male,2022-01-01,7474
Melaka,Alor Gajah,secondary,male,2023-06-30,7573
Melaka,Alor Gajah,secondary,male,2024-06-30,8051
Melaka,Alor Gajah,secondary,male,2025-06-30,8296
Melaka,Alor Gajah,post_secondary,both,2018-01-01,879
Melaka,Alor Gajah,post_secondary,both,2019-01-01,916
Melaka,Alor Gajah,post_secondary,both,2020-01-01,553
Melaka,Alor Gajah,post_secondary,both,2021-01-01,450
Melaka,Alor Gajah,post_secondary,both,2022-01-01,511
Melaka,Alor Gajah,post_secondary,both,2023-06-30,546
Melaka,Alor Gajah,post_secondary,both,2024-06-30,499
Melaka,Alor Gajah,post_secondary,both,2025-06-30,765
Melaka,Alor Gajah,post_secondary,female,2018-01-01,420
Melaka,Alor Gajah,post_secondary,female,2019-01-01,431
Melaka,Alor Gajah,post_secondary,female,2020-01-01,251
Melaka,Alor Gajah,post_secondary,female,2021-01-01,224
Melaka,Alor Gajah,post_secondary,female,2022-01-01,221
Melaka,Alor Gajah,post_secondary,female,2023-06-30,211
Melaka,Alor Gajah,post_secondary,female,2024-06-30,211
Melaka,Alor Gajah,post_secondary,female,2025-06-30,421
Melaka,Alor Gajah,post_secondary,male,2018-01-01,459
Melaka,Alor Gajah,post_secondary,male,2019-01-01,485
Melaka,Alor Gajah,post_secondary,male,2020-01-01,302
Melaka,Alor Gajah,post_secondary,male,2021-01-01,226
Melaka,Alor Gajah,post_secondary,male,2022-01-01,290
Melaka,Alor Gajah,post_secondary,male,2023-06-30,335
Melaka,Alor Gajah,post_secondary,male,2024-06-30,288
Melaka,Alor Gajah,post_secondary,male,2025-06-30,344
Melaka,Jasin,primary,both,2017-01-01,12729
Melaka,Jasin,primary,both,2018-01-01,12748
Melaka,Jasin,primary,both,2019-01-01,12932
Melaka,Jasin,primary,both,2020-01-01,12906
Melaka,Jasin,primary,both,2021-01-01,13164
Melaka,Jasin,primary,both,2022-01-01,13546
Melaka,Jasin,primary,both,2023-06-30,13820
Melaka,Jasin,primary,both,2024-06-30,14203
Melaka,Jasin,primary,both,2025-06-30,14537
Melaka,Jasin,primary,female,2017-01-01,6229
Melaka,Jasin,primary,female,2018-01-01,6214
Melaka,Jasin,primary,female,2019-01-01,6277
Melaka,Jasin,primary,female,2020-01-01,6263
Melaka,Jasin,primary,female,2021-01-01,6347
Melaka,Jasin,primary,female,2022-01-01,6547
Melaka,Jasin,primary,female,2023-06-30,6654
Melaka,Jasin,primary,female,2024-06-30,6857
Melaka,Jasin,primary,female,2025-06-30,6938
Melaka,Jasin,primary,male,2017-01-01,6500
Melaka,Jasin,primary,male,2018-01-01,6534
Melaka,Jasin,primary,male,2019-01-01,6655
Melaka,Jasin,primary,male,2020-01-01,6643
Melaka,Jasin,primary,male,2021-01-01,6817
Melaka,Jasin,primary,male,2022-01-01,6999
Melaka,Jasin,primary,male,2023-06-30,7166
Melaka,Jasin,primary,male,2024-06-30,7346
Melaka,Jasin,primary,male,2025-06-30,7599
Melaka,Jasin,secondary,both,2017-01-01,12636
Melaka,Jasin,secondary,both,2018-01-01,11311
Melaka,Jasin,secondary,both,2019-01-01,11040
Melaka,Jasin,secondary,both,2020-01-01,11050
Melaka,Jasin,secondary,both,2021-01-01,11086
Melaka,Jasin,secondary,both,2022-01-01,10965
Melaka,Jasin,secondary,both,2023-06-30,10894
Melaka,Jasin,secondary,both,2024-06-30,11071
Melaka,Jasin,secondary,both,2025-06-30,11242
Melaka,Jasin,secondary,female,2017-01-01,6720
Melaka,Jasin,secondary,female,2018-01-01,5939
Melaka,Jasin,secondary,female,2019-01-01,5770
Melaka,Jasin,secondary,female,2020-01-01,5766
Melaka,Jasin,secondary,female,2021-01-01,5799
Melaka,Jasin,secondary,female,2022-01-01,5671
Melaka,Jasin,secondary,female,2023-06-30,5572
Melaka,Jasin,secondary,female,2024-06-30,5610
Melaka,Jasin,secondary,female,2025-06-30,5722
Melaka,Jasin,secondary,male,2017-01-01,5916
Melaka,Jasin,secondary,male,2018-01-01,5372
Melaka,Jasin,secondary,male,2019-01-01,5270
Melaka,Jasin,secondary,male,2020-01-01,5284
Melaka,Jasin,secondary,male,2021-01-01,5287
Melaka,Jasin,secondary,male,2022-01-01,5294
Melaka,Jasin,secondary,male,2023-06-30,5322
Melaka,Jasin,secondary,male,2024-06-30,5461
Melaka,Jasin,secondary,male,2025-06-30,5520
Melaka,Jasin,post_secondary,both,2018-01-01,806
Melaka,Jasin,post_secondary,both,2019-01-01,759
Melaka,Jasin,post_secondary,both,2020-01-01,430
Melaka,Jasin,post_secondary,both,2021-01-01,372
Melaka,Jasin,post_secondary,both,2022-01-01,508
Melaka,Jasin,post_secondary,both,2023-06-30,538
Melaka,Jasin,post_secondary,both,2024-06-30,451
Melaka,Jasin,post_secondary,both,2025-06-30,585
Melaka,Jasin,post_secondary,female,2018-01-01,544
Melaka,Jasin,post_secondary,female,2019-01-01,511
Melaka,Jasin,post_secondary,female,2020-01-01,289
Melaka,Jasin,post_secondary,female,2021-01-01,247
Melaka,Jasin,post_secondary,female,2022-01-01,348
Melaka,Jasin,post_secondary,female,2023-06-30,345
Melaka,Jasin,post_secondary,female,2024-06-30,294
Melaka,Jasin,post_secondary,female,2025-06-30,394
Melaka,Jasin,post_secondary,male,2018-01-01,262
Melaka,Jasin,post_secondary,male,2019-01-01,248
Melaka,Jasin,post_secondary,male,2020-01-01,141
Melaka,Jasin,post_secondary,male,2021-01-01,125
Melaka,Jasin,post_secondary,male,2022-01-01,160
Melaka,Jasin,post_secondary,male,2023-06-30,193
Melaka,Jasin,post_secondary,male,2024-06-30,157
Melaka,Jasin,post_secondary,male,2025-06-30,191
Melaka,Melaka Tengah,primary,both,2017-01-01,49014
Melaka,Melaka Tengah,primary,both,2018-01-01,49537
Melaka,Melaka Tengah,primary,both,2019-01-01,50493
Melaka,Melaka Tengah,primary,both,2020-01-01,50808
Melaka,Melaka Tengah,primary,both,2021-01-01,51491
Melaka,Melaka Tengah,primary,both,2022-01-01,51773
Melaka,Melaka Tengah,primary,both,2023-06-30,52222
Melaka,Melaka Tengah,primary,both,2024-06-30,52295
Melaka,Melaka Tengah,primary,both,2025-06-30,52169
Melaka,Melaka Tengah,primary,female,2017-01-01,23880
Melaka,Melaka Tengah,primary,female,2018-01-01,24055
Melaka,Melaka Tengah,primary,female,2019-01-01,24656
Melaka,Melaka Tengah,primary,female,2020-01-01,24800
Melaka,Melaka Tengah,primary,female,2021-01-01,25064
Melaka,Melaka Tengah,primary,female,2022-01-01,25151
Melaka,Melaka Tengah,primary,female,2023-06-30,25389
Melaka,Melaka Tengah,primary,female,2024-06-30,25406
Melaka,Melaka Tengah,primary,female,2025-06-30,25352
Melaka,Melaka Tengah,primary,male,2017-01-01,25134
Melaka,Melaka Tengah,primary,male,2018-01-01,25482
Melaka,Melaka Tengah,primary,male,2019-01-01,25837
Melaka,Melaka Tengah,primary,male,2020-01-01,26008
Melaka,Melaka Tengah,primary,male,2021-01-01,26427
Melaka,Melaka Tengah,primary,male,2022-01-01,26622
Melaka,Melaka Tengah,primary,male,2023-06-30,26833
Melaka,Melaka Tengah,primary,male,2024-06-30,26889
Melaka,Melaka Tengah,primary,male,2025-06-30,26817
Melaka,Melaka Tengah,secondary,both,2017-01-01,39423
Melaka,Melaka Tengah,secondary,both,2018-01-01,36193
Melaka,Melaka Tengah,secondary,both,2019-01-01,35851
Melaka,Melaka Tengah,secondary,both,2020-01-01,35969
Melaka,Melaka Tengah,secondary,both,2021-01-01,36572
Melaka,Melaka Tengah,secondary,both,2022-01-01,36671
Melaka,Melaka Tengah,secondary,both,2023-06-30,37049
Melaka,Melaka Tengah,secondary,both,2024-06-30,37773
Melaka,Melaka Tengah,secondary,both,2025-06-30,38326
Melaka,Melaka Tengah,secondary,female,2017-01-01,19711
Melaka,Melaka Tengah,secondary,female,2018-01-01,17776
Melaka,Melaka Tengah,secondary,female,2019-01-01,17630
Melaka,Melaka Tengah,secondary,female,2020-01-01,17634
Melaka,Melaka Tengah,secondary,female,2021-01-01,17955
Melaka,Melaka Tengah,secondary,female,2022-01-01,17960
Melaka,Melaka Tengah,secondary,female,2023-06-30,18145
Melaka,Melaka Tengah,secondary,female,2024-06-30,18412
Melaka,Melaka Tengah,secondary,female,2025-06-30,18696
Melaka,Melaka Tengah,secondary,male,2017-01-01,19712
Melaka,Melaka Tengah,secondary,male,2018-01-01,18417
Melaka,Melaka Tengah,secondary,male,2019-01-01,18221
Melaka,Melaka Tengah,secondary,male,2020-01-01,18335
Melaka,Melaka Tengah,secondary,male,2021-01-01,18617
Melaka,Melaka Tengah,secondary,male,2022-01-01,18711
Melaka,Melaka Tengah,secondary,male,2023-06-30,18904
Melaka,Melaka Tengah,secondary,male,2024-06-30,19361
Melaka,Melaka Tengah,secondary,male,2025-06-30,19630
Melaka,Melaka Tengah,post_secondary,both,2018-01-01,2333
Melaka,Melaka Tengah,post_secondary,both,2019-01-01,2334
Melaka,Melaka Tengah,post_secondary,both,2020-01-01,1174
Melaka,Melaka Tengah,post_secondary,both,2021-01-01,1095
Melaka,Melaka Tengah,post_secondary,both,2022-01-01,1214
Melaka,Melaka Tengah,post_secondary,both,2023-06-30,1195
Melaka,Melaka Tengah,post_secondary,both,2024-06-30,1193
Melaka,Melaka Tengah,post_secondary,both,2025-06-30,2037
Melaka,Melaka Tengah,post_secondary,female,2018-01-01,1378
Melaka,Melaka Tengah,post_secondary,female,2019-01-01,1321
Melaka,Melaka Tengah,post_secondary,female,2020-01-01,633
Melaka,Melaka Tengah,post_secondary,female,2021-01-01,623
Melaka,Melaka Tengah,post_secondary,female,2022-01-01,618
Melaka,Melaka Tengah,post_secondary,female,2023-06-30,587
Melaka,Melaka Tengah,post_secondary,female,2024-06-30,613
Melaka,Melaka Tengah,post_secondary,female,2025-06-30,1140
Melaka,Melaka Tengah,post_secondary,male,2018-01-01,955
Melaka,Melaka Tengah,post_secondary,male,2019-01-01,1013
Melaka,Melaka Tengah,post_secondary,male,2020-01-01,541
Melaka,Melaka Tengah,post_secondary,male,2021-01-01,472
Melaka,Melaka Tengah,post_secondary,male,2022-01-01,596
Melaka,Melaka Tengah,post_secondary,male,2023-06-30,608
Melaka,Melaka Tengah,post_secondary,male,2024-06-30,580
Melaka,Melaka Tengah,post_secondary,male,2025-06-30,897
Negeri Sembilan,All Districts,primary,both,2017-01-01,101791
Negeri Sembilan,All Districts,primary,both,2018-01-01,102539
Negeri Sembilan,All Districts,primary,both,2019-01-01,104329
Negeri Sembilan,All Districts,primary,both,2020-01-01,105196
Negeri Sembilan,All Districts,primary,both,2021-01-01,107601
Negeri Sembilan,All Districts,primary,both,2022-01-01,108856
Negeri Sembilan,All Districts,primary,both,2023-06-30,109880
Negeri Sembilan,All Districts,primary,both,2024-06-30,110441
Negeri Sembilan,All Districts,primary,both,2025-06-30,110860
Negeri Sembilan,All Districts,primary,female,2017-01-01,49674
Negeri Sembilan,All Districts,primary,female,2018-01-01,50054
Negeri Sembilan,All Districts,primary,female,2019-01-01,50954
Negeri Sembilan,All Districts,primary,female,2020-01-01,51250
Negeri Sembilan,All Districts,primary,female,2021-01-01,52223
Negeri Sembilan,All Districts,primary,female,2022-01-01,52736
Negeri Sembilan,All Districts,primary,female,2023-06-30,53066
Negeri Sembilan,All Districts,primary,female,2024-06-30,53314
Negeri Sembilan,All Districts,primary,female,2025-06-30,53496
Negeri Sembilan,All Districts,primary,male,2017-01-01,52117
Negeri Sembilan,All Districts,primary,male,2018-01-01,52485
Negeri Sembilan,All Districts,primary,male,2019-01-01,53375
Negeri Sembilan,All Districts,primary,male,2020-01-01,53946
Negeri Sembilan,All Districts,primary,male,2021-01-01,55378
Negeri Sembilan,All Districts,primary,male,2022-01-01,56120
Negeri Sembilan,All Districts,primary,male,2023-06-30,56814
Negeri Sembilan,All Districts,primary,male,2024-06-30,57127
Negeri Sembilan,All Districts,primary,male,2025-06-30,57364
Negeri Sembilan,All Districts,secondary,both,2017-01-01,88728
Negeri Sembilan,All Districts,secondary,both,2018-01-01,81395
Negeri Sembilan,All Districts,secondary,both,2019-01-01,80278
Negeri Sembilan,All Districts,secondary,both,2020-01-01,81063
Negeri Sembilan,All Districts,secondary,both,2021-01-01,82626
Negeri Sembilan,All Districts,secondary,both,2022-01-01,83571
Negeri Sembilan,All Districts,secondary,both,2023-06-30,83386
Negeri Sembilan,All Districts,secondary,both,2024-06-30,86228
Negeri Sembilan,All Districts,secondary,both,2025-06-30,87968
Negeri Sembilan,All Districts,secondary,female,2017-01-01,44678
Negeri Sembilan,All Districts,secondary,female,2018-01-01,40683
Negeri Sembilan,All Districts,secondary,female,2019-01-01,40098
Negeri Sembilan,All Districts,secondary,female,2020-01-01,40237
Negeri Sembilan,All Districts,secondary,female,2021-01-01,40726
Negeri Sembilan,All Districts,secondary,female,2022-01-01,41088
Negeri Sembilan,All Districts,secondary,female,2023-06-30,41117
Negeri Sembilan,All Districts,secondary,female,2024-06-30,42385
Negeri Sembilan,All Districts,secondary,female,2025-06-30,43242
Negeri Sembilan,All Districts,secondary,male,2017-01-01,44050
Negeri Sembilan,All Districts,secondary,male,2018-01-01,40712
Negeri Sembilan,All Districts,secondary,male,2019-01-01,40180
Negeri Sembilan,All Districts,secondary,male,2020-01-01,40826
Negeri Sembilan,All Districts,secondary,male,2021-01-01,41900
Negeri Sembilan,All Districts,secondary,male,2022-01-01,42483
Negeri Sembilan,All Districts,secondary,male,2023-06-30,42269
Negeri Sembilan,All Districts,secondary,male,2024-06-30,43843
Negeri Sembilan,All Districts,secondary,male,2025-06-30,44726
Negeri Sembilan,All Districts,post_secondary,both,2018-01-01,5206
Negeri Sembilan,All Districts,post_secondary,both,2019-01-01,4993
Negeri Sembilan,All Districts,post_secondary,both,2020-01-01,3079
Negeri Sembilan,All Districts,post_secondary,both,2021-01-01,2840
Negeri Sembilan,All Districts,post_secondary,both,2022-01-01,3179
Negeri Sembilan,All Districts,post_secondary,both,2023-06-30,3287
Negeri Sembilan,All Districts,post_secondary,both,2024-06-30,2982
Negeri Sembilan,All Districts,post_secondary,both,2025-06-30,4479
Negeri Sembilan,All Districts,post_secondary,female,2018-01-01,2879
Negeri Sembilan,All Districts,post_secondary,female,2019-01-01,2817
Negeri Sembilan,All Districts,post_secondary,female,2020-01-01,1602
Negeri Sembilan,All Districts,post_secondary,female,2021-01-01,1515
Negeri Sembilan,All Districts,post_secondary,female,2022-01-01,1630
Negeri Sembilan,All Districts,post_secondary,female,2023-06-30,1588
Negeri Sembilan,All Districts,post_secondary,female,2024-06-30,1485
Negeri Sembilan,All Districts,post_secondary,female,2025-06-30,2439
Negeri Sembilan,All Districts,post_secondary,male,2018-01-01,2327
Negeri Sembilan,All Districts,post_secondary,male,2019-01-01,2176
Negeri Sembilan,All Districts,post_secondary,male,2020-01-01,1477
Negeri Sembilan,All Districts,post_secondary,male,2021-01-01,1325
Negeri Sembilan,All Districts,post_secondary,male,2022-01-01,1549
Negeri Sembilan,All Districts,post_secondary,male,2023-06-30,1699
Negeri Sembilan,All Districts,post_secondary,male,2024-06-30,1497
Negeri Sembilan,All Districts,post_secondary,male,2025-06-30,2040
Negeri Sembilan,Jelebu,primary,both,2017-01-01,15146
Negeri Sembilan,Jelebu,primary,both,2018-01-01,3776
Negeri Sembilan,Jelebu,primary,both,2019-01-01,3792
Negeri Sembilan,Jelebu,primary,both,2020-01-01,3797
Negeri Sembilan,Jelebu,primary,both,2021-01-01,3835
Negeri Sembilan,Jelebu,primary,both,2022-01-01,3749
Negeri Sembilan,Jelebu,primary,female,2017-01-01,7324
Negeri Sembilan,Jelebu,primary,female,2018-01-01,1831
Negeri Sembilan,Jelebu,primary,female,2019-01-01,1810
Negeri Sembilan,Jelebu,primary,female,2020-01-01,1825
Negeri Sembilan,Jelebu,primary,female,2021-01-01,1830
Negeri Sembilan,Jelebu,primary,female,2022-01-01,1806
Negeri Sembilan,Jelebu,primary,male,2017-01-01,7822
Negeri Sembilan,Jelebu,primary,male,2018-01-01,1945
Negeri Sembilan,Jelebu,primary,male,2019-01-01,1982
Negeri Sembilan,Jelebu,primary,male,2020-01-01,1972
Negeri Sembilan,Jelebu,primary,male,2021-01-01,2005
Negeri Sembilan,Jelebu,primary,male,2022-01-01,1943
Negeri Sembilan,Jelebu,secondary,both,2017-01-01,12871
Negeri Sembilan,Jelebu,secondary,both,2018-01-01,3049
Negeri Sembilan,Jelebu,secondary,both,2019-01-01,2980
Negeri Sembilan,Jelebu,secondary,both,2020-01-01,2972
Negeri Sembilan,Jelebu,secondary,both,2021-01-01,2927
Negeri Sembilan,Jelebu,secondary,both,2022-01-01,2978
Negeri Sembilan,Jelebu,secondary,female,2017-01-01,6549
Negeri Sembilan,Jelebu,secondary,female,2018-01-01,1453
Negeri Sembilan,Jelebu,secondary,female,2019-01-01,1410
Negeri Sembilan,Jelebu,secondary,female,2020-01-01,1384
Negeri Sembilan,Jelebu,secondary,female,2021-01-01,1385
Negeri Sembilan,Jelebu,secondary,female,2022-01-01,1402
Negeri Sembilan,Jelebu,secondary,male,2017-01-01,6322
Negeri Sembilan,Jelebu,secondary,male,2018-01-01,1596
Negeri Sembilan,Jelebu,secondary,male,2019-01-01,1570
Negeri Sembilan,Jelebu,secondary,male,2020-01-01,1588
Negeri Sembilan,Jelebu,secondary,male,2021-01-01,1542
Negeri Sembilan,Jelebu,secondary,male,2022-01-01,1576
Negeri Sembilan,Jelebu,post_secondary,both,2018-01-01,315
Negeri Sembilan,Jelebu,post_secondary,both,2019-01-01,342
Negeri Sembilan,Jelebu,post_secondary,both,2020-01-01,302
Negeri Sembilan,Jelebu,post_secondary,both,2021-01-01,338
Negeri Sembilan,Jelebu,post_secondary,both,2022-01-01,293
Negeri Sembilan,Jelebu,post_secondary,female,2018-01-01,171
Negeri Sembilan,Jelebu,post_secondary,female,2019-01-01,168
Negeri Sembilan,Jelebu,post_secondary,female,2020-01-01,130
Negeri Sembilan,Jelebu,post_secondary,female,2021-01-01,135
Negeri Sembilan,Jelebu,post_secondary,female,2022-01-01,122
Negeri Sembilan,Jelebu,post_secondary,male,2018-01-01,144
Negeri Sembilan,Jelebu,post_secondary,male,2019-01-01,174
Negeri Sembilan,Jelebu,post_secondary,male,2020-01-01,172
Negeri Sembilan,Jelebu,post_secondary,male,2021-01-01,203
Negeri Sembilan,Jelebu,post_secondary,male,2022-01-01,171
Negeri Sembilan,Jempol,primary,both,2018-01-01,11415
Negeri Sembilan,Jempol,primary,both,2019-01-01,11573
Negeri Sembilan,Jempol,primary,both,2020-01-01,11636
Negeri Sembilan,Jempol,primary,both,2021-01-01,11762
Negeri Sembilan,Jempol,primary,both,2022-01-01,11905
Negeri Sembilan,Jempol,primary,female,2018-01-01,5485
Negeri Sembilan,Jempol,primary,female,2019-01-01,5617
Negeri Sembilan,Jempol,primary,female,2020-01-01,5632
Negeri Sembilan,Jempol,primary,female,2021-01-01,5666
Negeri Sembilan,Jempol,primary,female,2022-01-01,5740
Negeri Sembilan,Jempol,primary,male,2018-01-01,5930
Negeri Sembilan,Jempol,primary,male,2019-01-01,5956
Negeri Sembilan,Jempol,primary,male,2020-01-01,6004
Negeri Sembilan,Jempol,primary,male,2021-01-01,6096
Negeri Sembilan,Jempol,primary,male,2022-01-01,6165
Negeri Sembilan,Jempol,secondary,both,2018-01-01,8565
Negeri Sembilan,Jempol,secondary,both,2019-01-01,8321
Negeri Sembilan,Jempol,secondary,both,2020-01-01,8355
Negeri Sembilan,Jempol,secondary,both,2021-01-01,8575
Negeri Sembilan,Jempol,secondary,both,2022-01-01,8857
Negeri Sembilan,Jempol,secondary,female,2018-01-01,4444
Negeri Sembilan,Jempol,secondary,female,2019-01-01,4282
Negeri Sembilan,Jempol,secondary,female,2020-01-01,4278
Negeri Sembilan,Jempol,secondary,female,2021-01-01,4322
Negeri Sembilan,Jempol,secondary,female,2022-01-01,4426
Negeri Sembilan,Jempol,secondary,male,2018-01-01,4121
Negeri Sembilan,Jempol,secondary,male,2019-01-01,4039
Negeri Sembilan,Jempol,secondary,male,2020-01-01,4077
Negeri Sembilan,Jempol,secondary,male,2021-01-01,4253
Negeri Sembilan,Jempol,secondary,male,2022-01-01,4431
Negeri Sembilan,Jempol,post_secondary,both,2018-01-01,331
Negeri Sembilan,Jempol,post_secondary,both,2019-01-01,401
Negeri Sembilan,Jempol,post_secondary,both,2020-01-01,242
Negeri Sembilan,Jempol,post_secondary,both,2021-01-01,215
Negeri Sembilan,Jempol,post_secondary,both,2022-01-01,229
Negeri Sembilan,Jempol,post_secondary,female,2018-01-01,219
Negeri Sembilan,Jempol,post_secondary,female,2019-01-01,288
Negeri Sembilan,Jempol,post_secondary,female,2020-01-01,180
Negeri Sembilan,Jempol,post_secondary,female,2021-01-01,137
Negeri Sembilan,Jempol,post_secondary,female,2022-01-01,154
Negeri Sembilan,Jempol,post_secondary,male,2018-01-01,112
Negeri Sembilan,Jempol,post_secondary,male,2019-01-01,113
Negeri Sembilan,Jempol,post_secondary,male,2020-01-01,62
Negeri Sembilan,Jempol,post_secondary,male,2021-01-01,78
Negeri Sembilan,Jempol,post_secondary,male,2022-01-01,75
Negeri Sembilan,Kuala Pilah,primary,both,2017-01-01,5881
Negeri Sembilan,Kuala Pilah,primary,both,2018-01-01,5795
Negeri Sembilan,Kuala Pilah,primary,both,2019-01-01,5865
Negeri Sembilan,Kuala Pilah,primary,both,2020-01-01,5913
Negeri Sembilan,Kuala Pilah,primary,both,2021-01-01,6043
Negeri Sembilan,Kuala Pilah,primary,both,2022-01-01,5987
Negeri Sembilan,Kuala Pilah,primary,both,2023-06-30,6018
Negeri Sembilan,Kuala Pilah,primary,both,2024-06-30,6042
Negeri Sembilan,Kuala Pilah,primary,both,2025-06-30,6066
Negeri Sembilan,Kuala Pilah,primary,female,2017-01-01,2876
Negeri Sembilan,Kuala Pilah,primary,female,2018-01-01,2861
Negeri Sembilan,Kuala Pilah,primary,female,2019-01-01,2883
Negeri Sembilan,Kuala Pilah,primary,female,2020-01-01,2852
Negeri Sembilan,Kuala Pilah,primary,female,2021-01-01,2907
Negeri Sembilan,Kuala Pilah,primary,female,2022-01-01,2881
Negeri Sembilan,Kuala Pilah,primary,female,2023-06-30,2895
Negeri Sembilan,Kuala Pilah,primary,female,2024-06-30,2885
Negeri Sembilan,Kuala Pilah,primary,female,2025-06-30,2928
Negeri Sembilan,Kuala Pilah,primary,male,2017-01-01,3005
Negeri Sembilan,Kuala Pilah,primary,male,2018-01-01,2934
Negeri Sembilan,Kuala Pilah,primary,male,2019-01-01,2982
Negeri Sembilan,Kuala Pilah,primary,male,2020-01-01,3061
Negeri Sembilan,Kuala Pilah,primary,male,2021-01-01,3136
Negeri Sembilan,Kuala Pilah,primary,male,2022-01-01,3106
Negeri Sembilan,Kuala Pilah,primary,male,2023-06-30,3123
Negeri Sembilan,Kuala Pilah,primary,male,2024-06-30,3157
Negeri Sembilan,Kuala Pilah,primary,male,2025-06-30,3138
Negeri Sembilan,Kuala Pilah,secondary,both,2017-01-01,6742
Negeri Sembilan,Kuala Pilah,secondary,both,2018-01-01,5923
Negeri Sembilan,Kuala Pilah,secondary,both,2019-01-01,5668
Negeri Sembilan,Kuala Pilah,secondary,both,2020-01-01,5760
Negeri Sembilan,Kuala Pilah,secondary,both,2021-01-01,5843
Negeri Sembilan,Kuala Pilah,secondary,both,2022-01-01,5910
Negeri Sembilan,Kuala Pilah,secondary,both,2023-06-30,5844
Negeri Sembilan,Kuala Pilah,secondary,both,2024-06-30,6130
Negeri Sembilan,Kuala Pilah,secondary,both,2025-06-30,6094
Negeri Sembilan,Kuala Pilah,secondary,female,2017-01-01,3106
Negeri Sembilan,Kuala Pilah,secondary,female,2018-01-01,2764
Negeri Sembilan,Kuala Pilah,secondary,female,2019-01-01,2649
Negeri Sembilan,Kuala Pilah,secondary,female,2020-01-01,2704
Negeri Sembilan,Kuala Pilah,secondary,female,2021-01-01,2729
Negeri Sembilan,Kuala Pilah,secondary,female,2022-01-01,2755
Negeri Sembilan,Kuala Pilah,secondary,female,2023-06-30,2733
Negeri Sembilan,Kuala Pilah,secondary,female,2024-06-30,2831
Negeri Sembilan,Kuala Pilah,secondary,female,2025-06-30,2808
Negeri Sembilan,Kuala Pilah,secondary,male,2017-01-01,3636
Negeri Sembilan,Kuala Pilah,secondary,male,2018-01-01,3159
Negeri Sembilan,Kuala Pilah,secondary,male,2019-01-01,3019
Negeri Sembilan,Kuala Pilah,secondary,male,2020-01-01,3056
Negeri Sembilan,Kuala Pilah,secondary,male,2021-01-01,3114
Negeri Sembilan,Kuala Pilah,secondary,male,2022-01-01,3155
Negeri Sembilan,Kuala Pilah,secondary,male,2023-06-30,3111
Negeri Sembilan,Kuala Pilah,secondary,male,2024-06-30,3299
Negeri Sembilan,Kuala Pilah,secondary,male,2025-06-30,3286
Negeri Sembilan,Kuala Pilah,post_secondary,both,2018-01-01,589
Negeri Sembilan,Kuala Pilah,post_secondary,both,2019-01-01,532
Negeri Sembilan,Kuala Pilah,post_secondary,both,2020-01-01,322
Negeri Sembilan,Kuala Pilah,post_secondary,both,2021-01-01,239
Negeri Sembilan,Kuala Pilah,post_secondary,both,2022-01-01,372
Negeri Sembilan,Kuala Pilah,post_secondary,both,2023-06-30,460
Negeri Sembilan,Kuala Pilah,post_secondary,both,2024-06-30,369
Negeri Sembilan,Kuala Pilah,post_secondary,both,2025-06-30,462
Negeri Sembilan,Kuala Pilah,post_secondary,female,2018-01-01,219
Negeri Sembilan,Kuala Pilah,post_secondary,female,2019-01-01,215
Negeri Sembilan,Kuala Pilah,post_secondary,female,2020-01-01,136
Negeri Sembilan,Kuala Pilah,post_secondary,female,2021-01-01,127
Negeri Sembilan,Kuala Pilah,post_secondary,female,2022-01-01,127
Negeri Sembilan,Kuala Pilah,post_secondary,female,2023-06-30,163
Negeri Sembilan,Kuala Pilah,post_secondary,female,2024-06-30,151
Negeri Sembilan,Kuala Pilah,post_secondary,female,2025-06-30,199
Negeri Sembilan,Kuala Pilah,post_secondary,male,2018-01-01,370
Negeri Sembilan,Kuala Pilah,post_secondary,male,2019-01-01,317
Negeri Sembilan,Kuala Pilah,post_secondary,male,2020-01-01,186
Negeri Sembilan,Kuala Pilah,post_secondary,male,2021-01-01,112
Negeri Sembilan,Kuala Pilah,post_secondary,male,2022-01-01,245
Negeri Sembilan,Kuala Pilah,post_secondary,male,2023-06-30,297
Negeri Sembilan,Kuala Pilah,post_secondary,male,2024-06-30,218
Negeri Sembilan,Kuala Pilah,post_secondary,male,2025-06-30,263
Negeri Sembilan,Port Dickson,primary,both,2017-01-01,13151
Negeri Sembilan,Port Dickson,primary,both,2018-01-01,13287
Negeri Sembilan,Port Dickson,primary,both,2019-01-01,13512
Negeri Sembilan,Port Dickson,primary,both,2020-01-01,13619
Negeri Sembilan,Port Dickson,primary,both,2021-01-01,13753
Negeri Sembilan,Port Dickson,primary,both,2022-01-01,13761
Negeri Sembilan,Port Dickson,primary,both,2023-06-30,13632
Negeri Sembilan,Port Dickson,primary,both,2024-06-30,13721
Negeri Sembilan,Port Dickson,primary,both,2025-06-30,13573
Negeri Sembilan,Port Dickson,primary,female,2017-01-01,6473
Negeri Sembilan,Port Dickson,primary,female,2018-01-01,6551
Negeri Sembilan,Port Dickson,primary,female,2019-01-01,6640
Negeri Sembilan,Port Dickson,primary,female,2020-01-01,6629
Negeri Sembilan,Port Dickson,primary,female,2021-01-01,6700
Negeri Sembilan,Port Dickson,primary,female,2022-01-01,6650
Negeri Sembilan,Port Dickson,primary,female,2023-06-30,6514
Negeri Sembilan,Port Dickson,primary,female,2024-06-30,6546
Negeri Sembilan,Port Dickson,primary,female,2025-06-30,6517
Negeri Sembilan,Port Dickson,primary,male,2017-01-01,6678
Negeri Sembilan,Port Dickson,primary,male,2018-01-01,6736
Negeri Sembilan,Port Dickson,primary,male,2019-01-01,6872
Negeri Sembilan,Port Dickson,primary,male,2020-01-01,6990
Negeri Sembilan,Port Dickson,primary,male,2021-01-01,7053
Negeri Sembilan,Port Dickson,primary,male,2022-01-01,7111
Negeri Sembilan,Port Dickson,primary,male,2023-06-30,7118
Negeri Sembilan,Port Dickson,primary,male,2024-06-30,7175
Negeri Sembilan,Port Dickson,primary,male,2025-06-30,7056
Negeri Sembilan,Port Dickson,secondary,both,2017-01-01,9985
Negeri Sembilan,Port Dickson,secondary,both,2018-01-01,8918
Negeri Sembilan,Port Dickson,secondary,both,2019-01-01,8743
Negeri Sembilan,Port Dickson,secondary,both,2020-01-01,8900
Negeri Sembilan,Port Dickson,secondary,both,2021-01-01,9075
Negeri Sembilan,Port Dickson,secondary,both,2022-01-01,9031
Negeri Sembilan,Port Dickson,secondary,both,2023-06-30,8979
Negeri Sembilan,Port Dickson,secondary,both,2024-06-30,9315
Negeri Sembilan,Port Dickson,secondary,both,2025-06-30,9343
Negeri Sembilan,Port Dickson,secondary,female,2017-01-01,4891
Negeri Sembilan,Port Dickson,secondary,female,2018-01-01,4376
Negeri Sembilan,Port Dickson,secondary,female,2019-01-01,4285
Negeri Sembilan,Port Dickson,secondary,female,2020-01-01,4334
Negeri Sembilan,Port Dickson,secondary,female,2021-01-01,4374
Negeri Sembilan,Port Dickson,secondary,female,2022-01-01,4376
Negeri Sembilan,Port Dickson,secondary,female,2023-06-30,4371
Negeri Sembilan,Port Dickson,secondary,female,2024-06-30,4470
Negeri Sembilan,Port Dickson,secondary,female,2025-06-30,4454
Negeri Sembilan,Port Dickson,secondary,male,2017-01-01,5094
Negeri Sembilan,Port Dickson,secondary,male,2018-01-01,4542
Negeri Sembilan,Port Dickson,secondary,male,2019-01-01,4458
Negeri Sembilan,Port Dickson,secondary,male,2020-01-01,4566
Negeri Sembilan,Port Dickson,secondary,male,2021-01-01,4701
Negeri Sembilan,Port Dickson,secondary,male,2022-01-01,4655
Negeri Sembilan,Port Dickson,secondary,male,2023-06-30,4608
Negeri Sembilan,Port Dickson,secondary,male,2024-06-30,4845
Negeri Sembilan,Port Dickson,secondary,male,2025-06-30,4889
Negeri Sembilan,Port Dickson,post_secondary,both,2018-01-01,796
Negeri Sembilan,Port Dickson,post_secondary,both,2019-01-01,726
Negeri Sembilan,Port Dickson,post_secondary,both,2020-01-01,586
Negeri Sembilan,Port Dickson,post_secondary,both,2021-01-01,535
Negeri Sembilan,Port Dickson,post_secondary,both,2022-01-01,597
Negeri Sembilan,Port Dickson,post_secondary,both,2023-06-30,585
Negeri Sembilan,Port Dickson,post_secondary,both,2024-06-30,517
Negeri Sembilan,Port Dickson,post_secondary,both,2025-06-30,692
Negeri Sembilan,Port Dickson,post_secondary,female,2018-01-01,363
Negeri Sembilan,Port Dickson,post_secondary,female,2019-01-01,330
Negeri Sembilan,Port Dickson,post_secondary,female,2020-01-01,234
Negeri Sembilan,Port Dickson,post_secondary,female,2021-01-01,215
Negeri Sembilan,Port Dickson,post_secondary,female,2022-01-01,238
Negeri Sembilan,Port Dickson,post_secondary,female,2023-06-30,212
Negeri Sembilan,Port Dickson,post_secondary,female,2024-06-30,195
Negeri Sembilan,Port Dickson,post_secondary,female,2025-06-30,326
Negeri Sembilan,Port Dickson,post_secondary,male,2018-01-01,433
Negeri Sembilan,Port Dickson,post_secondary,male,2019-01-01,396
Negeri Sembilan,Port Dickson,post_secondary,male,2020-01-01,352
Negeri Sembilan,Port Dickson,post_secondary,male,2021-01-01,320
Negeri Sembilan,Port Dickson,post_secondary,male,2022-01-01,359
Negeri Sembilan,Port Dickson,post_secondary,male,2023-06-30,373
Negeri Sembilan,Port Dickson,post_secondary,male,2024-06-30,322
Negeri Sembilan,Port Dickson,post_secondary,male,2025-06-30,366
Negeri Sembilan,Rembau,primary,both,2017-01-01,4409
Negeri Sembilan,Rembau,primary,both,2018-01-01,4432
Negeri Sembilan,Rembau,primary,both,2019-01-01,4368
Negeri Sembilan,Rembau,primary,both,2020-01-01,4373
Negeri Sembilan,Rembau,primary,both,2021-01-01,4371
Negeri Sembilan,Rembau,primary,both,2022-01-01,4356
Negeri Sembilan,Rembau,primary,both,2023-06-30,4365
Negeri Sembilan,Rembau,primary,both,2024-06-30,4365
Negeri Sembilan,Rembau,primary,both,2025-06-30,4511
Negeri Sembilan,Rembau,primary,female,2017-01-01,2159
Negeri Sembilan,Rembau,primary,female,2018-01-01,2142
Negeri Sembilan,Rembau,primary,female,2019-01-01,2142
Negeri Sembilan,Rembau,primary,female,2020-01-01,2161
Negeri Sembilan,Rembau,primary,female,2021-01-01,2115
Negeri Sembilan,Rembau,primary,female,2022-01-01,2071
Negeri Sembilan,Rembau,primary,female,2023-06-30,2079
Negeri Sembilan,Rembau,primary,female,2024-06-30,2059
Negeri Sembilan,Rembau,primary,female,2025-06-30,2164
Negeri Sembilan,Rembau,primary,male,2017-01-01,2250
Negeri Sembilan,Rembau,primary,male,2018-01-01,2290
Negeri Sembilan,Rembau,primary,male,2019-01-01,2226
Negeri Sembilan,Rembau,primary,male,2020-01-01,2212
Negeri Sembilan,Rembau,primary,male,2021-01-01,2256
Negeri Sembilan,Rembau,primary,male,2022-01-01,2285
Negeri Sembilan,Rembau,primary,male,2023-06-30,2286
Negeri Sembilan,Rembau,primary,male,2024-06-30,2306
Negeri Sembilan,Rembau,primary,male,2025-06-30,2347
Negeri Sembilan,Rembau,secondary,both,2017-01-01,6299
Negeri Sembilan,Rembau,secondary,both,2018-01-01,5632
Negeri Sembilan,Rembau,secondary,both,2019-01-01,5706
Negeri Sembilan,Rembau,secondary,both,2020-01-01,5575
Negeri Sembilan,Rembau,secondary,both,2021-01-01,5529
Negeri Sembilan,Rembau,secondary,both,2022-01-01,5510
Negeri Sembilan,Rembau,secondary,both,2023-06-30,5510
Negeri Sembilan,Rembau,secondary,both,2024-06-30,5869
Negeri Sembilan,Rembau,secondary,both,2025-06-30,5984
Negeri Sembilan,Rembau,secondary,female,2017-01-01,3401
Negeri Sembilan,Rembau,secondary,female,2018-01-01,2969
Negeri Sembilan,Rembau,secondary,female,2019-01-01,3006
Negeri Sembilan,Rembau,secondary,female,2020-01-01,2927
Negeri Sembilan,Rembau,secondary,female,2021-01-01,2904
Negeri Sembilan,Rembau,secondary,female,2022-01-01,2887
Negeri Sembilan,Rembau,secondary,female,2023-06-30,2887
Negeri Sembilan,Rembau,secondary,female,2024-06-30,3066
Negeri Sembilan,Rembau,secondary,female,2025-06-30,3092
Negeri Sembilan,Rembau,secondary,male,2017-01-01,2898
Negeri Sembilan,Rembau,secondary,male,2018-01-01,2663
Negeri Sembilan,Rembau,secondary,male,2019-01-01,2700
Negeri Sembilan,Rembau,secondary,male,2020-01-01,2648
Negeri Sembilan,Rembau,secondary,male,2021-01-01,2625
Negeri Sembilan,Rembau,secondary,male,2022-01-01,2623
Negeri Sembilan,Rembau,secondary,male,2023-06-30,2623
Negeri Sembilan,Rembau,secondary,male,2024-06-30,2803
Negeri Sembilan,Rembau,secondary,male,2025-06-30,2892
Negeri Sembilan,Rembau,post_secondary,both,2018-01-01,644
Negeri Sembilan,Rembau,post_secondary,both,2019-01-01,469
Negeri Sembilan,Rembau,post_secondary,both,2020-01-01,355
Negeri Sembilan,Rembau,post_secondary,both,2021-01-01,416
Negeri Sembilan,Rembau,post_secondary,both,2022-01-01,452
Negeri Sembilan,Rembau,post_secondary,both,2023-06-30,476
Negeri Sembilan,Rembau,post_secondary,both,2024-06-30,413
Negeri Sembilan,Rembau,post_secondary,both,2025-06-30,557
Negeri Sembilan,Rembau,post_secondary,female,2018-01-01,409
Negeri Sembilan,Rembau,post_secondary,female,2019-01-01,315
Negeri Sembilan,Rembau,post_secondary,female,2020-01-01,236
Negeri Sembilan,Rembau,post_secondary,female,2021-01-01,277
Negeri Sembilan,Rembau,post_secondary,female,2022-01-01,293
Negeri Sembilan,Rembau,post_secondary,female,2023-06-30,310
Negeri Sembilan,Rembau,post_secondary,female,2024-06-30,276
Negeri Sembilan,Rembau,post_secondary,female,2025-06-30,363
Negeri Sembilan,Rembau,post_secondary,male,2018-01-01,235
Negeri Sembilan,Rembau,post_secondary,male,2019-01-01,154
Negeri Sembilan,Rembau,post_secondary,male,2020-01-01,119
Negeri Sembilan,Rembau,post_secondary,male,2021-01-01,139
Negeri Sembilan,Rembau,post_secondary,male,2022-01-01,159
Negeri Sembilan,Rembau,post_secondary,male,2023-06-30,166
Negeri Sembilan,Rembau,post_secondary,male,2024-06-30,137
Negeri Sembilan,Rembau,post_secondary,male,2025-06-30,194
Negeri Sembilan,Seremban,primary,both,2017-01-01,54569
Negeri Sembilan,Seremban,primary,both,2018-01-01,55179
Negeri Sembilan,Seremban,primary,both,2019-01-01,56530
Negeri Sembilan,Seremban,primary,both,2020-01-01,57203
Negeri Sembilan,Seremban,primary,both,2021-01-01,59148
Negeri Sembilan,Seremban,primary,both,2022-01-01,60450
Negeri Sembilan,Seremban,primary,both,2023-06-30,61684
Negeri Sembilan,Seremban,primary,both,2024-06-30,62448
Negeri Sembilan,Seremban,primary,both,2025-06-30,63214
Negeri Sembilan,Seremban,primary,female,2017-01-01,26648
Negeri Sembilan,Seremban,primary,female,2018-01-01,26936
Negeri Sembilan,Seremban,primary,female,2019-01-01,27649
Negeri Sembilan,Seremban,primary,female,2020-01-01,27889
Negeri Sembilan,Seremban,primary,female,2021-01-01,28677
Negeri Sembilan,Seremban,primary,female,2022-01-01,29301
Negeri Sembilan,Seremban,primary,female,2023-06-30,29835
Negeri Sembilan,Seremban,primary,female,2024-06-30,30224
Negeri Sembilan,Seremban,primary,female,2025-06-30,30428
Negeri Sembilan,Seremban,primary,male,2017-01-01,27921
Negeri Sembilan,Seremban,primary,male,2018-01-01,28243
Negeri Sembilan,Seremban,primary,male,2019-01-01,28881
Negeri Sembilan,Seremban,primary,male,2020-01-01,29314
Negeri Sembilan,Seremban,primary,male,2021-01-01,30471
Negeri Sembilan,Seremban,primary,male,2022-01-01,31149
Negeri Sembilan,Seremban,primary,male,2023-06-30,31849
Negeri Sembilan,Seremban,primary,male,2024-06-30,32224
Negeri Sembilan,Seremban,primary,male,2025-06-30,32786
Negeri Sembilan,Seremban,secondary,both,2017-01-01,46123
Negeri Sembilan,Seremban,secondary,both,2018-01-01,43173
Negeri Sembilan,Seremban,secondary,both,2019-01-01,42890
Negeri Sembilan,Seremban,secondary,both,2020-01-01,43522
Negeri Sembilan,Seremban,secondary,both,2021-01-01,44579
Negeri Sembilan,Seremban,secondary,both,2022-01-01,45182
Negeri Sembilan,Seremban,secondary,both,2023-06-30,45240
Negeri Sembilan,Seremban,secondary,both,2024-06-30,46751
Negeri Sembilan,Seremban,secondary,both,2025-06-30,48135
Negeri Sembilan,Seremban,secondary,female,2017-01-01,23279
Negeri Sembilan,Seremban,secondary,female,2018-01-01,21555
Negeri Sembilan,Seremban,secondary,female,2019-01-01,21438
Negeri Sembilan,Seremban,secondary,female,2020-01-01,21667
Negeri Sembilan,Seremban,secondary,female,2021-01-01,22077
Negeri Sembilan,Seremban,secondary,female,2022-01-01,22329
Negeri Sembilan,Seremban,secondary,female,2023-06-30,22398
Negeri Sembilan,Seremban,secondary,female,2024-06-30,23104
Negeri Sembilan,Seremban,secondary,female,2025-06-30,23827
Negeri Sembilan,Seremban,secondary,male,2017-01-01,22844
Negeri Sembilan,Seremban,secondary,male,2018-01-01,21618
Negeri Sembilan,Seremban,secondary,male,2019-01-01,21452
Negeri Sembilan,Seremban,secondary,male,2020-01-01,21855
Negeri Sembilan,Seremban,secondary,male,2021-01-01,22502
Negeri Sembilan,Seremban,secondary,male,2022-01-01,22853
Negeri Sembilan,Seremban,secondary,male,2023-06-30,22842
Negeri Sembilan,Seremban,secondary,male,2024-06-30,23647
Negeri Sembilan,Seremban,secondary,male,2025-06-30,24308
Negeri Sembilan,Seremban,post_secondary,both,2018-01-01,2171
Negeri Sembilan,Seremban,post_secondary,both,2019-01-01,2188
Negeri Sembilan,Seremban,post_secondary,both,2020-01-01,1131
Negeri Sembilan,Seremban,post_secondary,both,2021-01-01,980
Negeri Sembilan,Seremban,post_secondary,both,2022-01-01,1098
Negeri Sembilan,Seremban,post_secondary,both,2023-06-30,1143
Negeri Sembilan,Seremban,post_secondary,both,2024-06-30,1073
Negeri Sembilan,Seremban,post_secondary,both,2025-06-30,1789
Negeri Sembilan,Seremban,post_secondary,female,2018-01-01,1249
Negeri Sembilan,Seremban,post_secondary,female,2019-01-01,1269
Negeri Sembilan,Seremban,post_secondary,female,2020-01-01,584
Negeri Sembilan,Seremban,post_secondary,female,2021-01-01,544
Negeri Sembilan,Seremban,post_secondary,female,2022-01-01,595
Negeri Sembilan,Seremban,post_secondary,female,2023-06-30,548
Negeri Sembilan,Seremban,post_secondary,female,2024-06-30,509
Negeri Sembilan,Seremban,post_secondary,female,2025-06-30,984
Negeri Sembilan,Seremban,post_secondary,male,2018-01-01,922
Negeri Sembilan,Seremban,post_secondary,male,2019-01-01,919
Negeri Sembilan,Seremban,post_secondary,male,2020-01-01,547
Negeri Sembilan,Seremban,post_secondary,male,2021-01-01,436
Negeri Sembilan,Seremban,post_secondary,male,2022-01-01,503
Negeri Sembilan,Seremban,post_secondary,male,2023-06-30,595
Negeri Sembilan,Seremban,post_secondary,male,2024-06-30,564
Negeri Sembilan,Seremban,post_secondary,male,2025-06-30,805
Negeri Sembilan,Tampin,primary,both,2017-01-01,8635
Negeri Sembilan,Tampin,primary,both,2018-01-01,8655
Negeri Sembilan,Tampin,primary,both,2019-01-01,8689
Negeri Sembilan,Tampin,primary,both,2020-01-01,8655
Negeri Sembilan,Tampin,primary,both,2021-01-01,8689
Negeri Sembilan,Tampin,primary,both,2022-01-01,8648
Negeri Sembilan,Tampin,primary,both,2023-06-30,8617
Negeri Sembilan,Tampin,primary,both,2024-06-30,8514
Negeri Sembilan,Tampin,primary,both,2025-06-30,8422
Negeri Sembilan,Tampin,primary,female,2017-01-01,4194
Negeri Sembilan,Tampin,primary,female,2018-01-01,4248
Negeri Sembilan,Tampin,primary,female,2019-01-01,4213
Negeri Sembilan,Tampin,primary,female,2020-01-01,4262
Negeri Sembilan,Tampin,primary,female,2021-01-01,4328
Negeri Sembilan,Tampin,primary,female,2022-01-01,4287
Negeri Sembilan,Tampin,primary,female,2023-06-30,4253
Negeri Sembilan,Tampin,primary,female,2024-06-30,4191
Negeri Sembilan,Tampin,primary,female,2025-06-30,4156
Negeri Sembilan,Tampin,primary,male,2017-01-01,4441
Negeri Sembilan,Tampin,primary,male,2018-01-01,4407
Negeri Sembilan,Tampin,primary,male,2019-01-01,4476
Negeri Sembilan,Tampin,primary,male,2020-01-01,4393
Negeri Sembilan,Tampin,primary,male,2021-01-01,4361
Negeri Sembilan,Tampin,primary,male,2022-01-01,4361
Negeri Sembilan,Tampin,primary,male,2023-06-30,4364
Negeri Sembilan,Tampin,primary,male,2024-06-30,4323
Negeri Sembilan,Tampin,primary,male,2025-06-30,4266
Negeri Sembilan,Tampin,secondary,both,2017-01-01,6708
Negeri Sembilan,Tampin,secondary,both,2018-01-01,6135
Negeri Sembilan,Tampin,secondary,both,2019-01-01,5970
Negeri Sembilan,Tampin,secondary,both,2020-01-01,5979
Negeri Sembilan,Tampin,secondary,both,2021-01-01,6098
Negeri Sembilan,Tampin,secondary,both,2022-01-01,6103
Negeri Sembilan,Tampin,secondary,both,2023-06-30,6080
Negeri Sembilan,Tampin,secondary,both,2024-06-30,6123
Negeri Sembilan,Tampin,secondary,both,2025-06-30,6239
Negeri Sembilan,Tampin,secondary,female,2017-01-01,3452
Negeri Sembilan,Tampin,secondary,female,2018-01-01,3122
Negeri Sembilan,Tampin,secondary,female,2019-01-01,3028
Negeri Sembilan,Tampin,secondary,female,2020-01-01,2943
Negeri Sembilan,Tampin,secondary,female,2021-01-01,2935
Negeri Sembilan,Tampin,secondary,female,2022-01-01,2913
Negeri Sembilan,Tampin,secondary,female,2023-06-30,2976
Negeri Sembilan,Tampin,secondary,female,2024-06-30,3040
Negeri Sembilan,Tampin,secondary,female,2025-06-30,3122
Negeri Sembilan,Tampin,secondary,male,2017-01-01,3256
Negeri Sembilan,Tampin,secondary,male,2018-01-01,3013
Negeri Sembilan,Tampin,secondary,male,2019-01-01,2942
Negeri Sembilan,Tampin,secondary,male,2020-01-01,3036
Negeri Sembilan,Tampin,secondary,male,2021-01-01,3163
Negeri Sembilan,Tampin,secondary,male,2022-01-01,3190
Negeri Sembilan,Tampin,secondary,male,2023-06-30,3104
Negeri Sembilan,Tampin,secondary,male,2024-06-30,3083
Negeri Sembilan,Tampin,secondary,male,2025-06-30,3117
Negeri Sembilan,Tampin,post_secondary,both,2018-01-01,360
Negeri Sembilan,Tampin,post_secondary,both,2019-01-01,335
Negeri Sembilan,Tampin,post_secondary,both,2020-01-01,141
Negeri Sembilan,Tampin,post_secondary,both,2021-01-01,117
Negeri Sembilan,Tampin,post_secondary,both,2022-01-01,138
Negeri Sembilan,Tampin,post_secondary,both,2023-06-30,168
Negeri Sembilan,Tampin,post_secondary,both,2024-06-30,159
Negeri Sembilan,Tampin,post_secondary,both,2025-06-30,279
Negeri Sembilan,Tampin,post_secondary,female,2018-01-01,249
Negeri Sembilan,Tampin,post_secondary,female,2019-01-01,232
Negeri Sembilan,Tampin,post_secondary,female,2020-01-01,102
Negeri Sembilan,Tampin,post_secondary,female,2021-01-01,80
Negeri Sembilan,Tampin,post_secondary,female,2022-01-01,101
Negeri Sembilan,Tampin,post_secondary,female,2023-06-30,115
Negeri Sembilan,Tampin,post_secondary,female,2024-06-30,104
Negeri Sembilan,Tampin,post_secondary,female,2025-06-30,184
Negeri Sembilan,Tampin,post_secondary,male,2018-01-01,111
Negeri Sembilan,Tampin,post_secondary,male,2019-01-01,103
Negeri Sembilan,Tampin,post_secondary,male,2020-01-01,39
Negeri Sembilan,Tampin,post_secondary,male,2021-01-01,37
Negeri Sembilan,Tampin,post_secondary,male,2022-01-01,37
Negeri Sembilan,Tampin,post_secondary,male,2023-06-30,53
Negeri Sembilan,Tampin,post_secondary,male,2024-06-30,55
Negeri Sembilan,Tampin,post_secondary,male,2025-06-30,95
Negeri Sembilan,Jempol/Jelebu,primary,both,2023-06-30,15564
Negeri Sembilan,Jempol/Jelebu,primary,both,2024-06-30,15351
Negeri Sembilan,Jempol/Jelebu,primary,both,2025-06-30,15074
Negeri Sembilan,Jempol/Jelebu,primary,female,2023-06-30,7490
Negeri Sembilan,Jempol/Jelebu,primary,female,2024-06-30,7409
Negeri Sembilan,Jempol/Jelebu,primary,female,2025-06-30,7303
Negeri Sembilan,Jempol/Jelebu,primary,male,2023-06-30,8074
Negeri Sembilan,Jempol/Jelebu,primary,male,2024-06-30,7942
Negeri Sembilan,Jempol/Jelebu,primary,male,2025-06-30,7771
Negeri Sembilan,Jempol/Jelebu,secondary,both,2023-06-30,11733
Negeri Sembilan,Jempol/Jelebu,secondary,both,2024-06-30,12040
Negeri Sembilan,Jempol/Jelebu,secondary,both,2025-06-30,12173
Negeri Sembilan,Jempol/Jelebu,secondary,female,2023-06-30,5752
Negeri Sembilan,Jempol/Jelebu,secondary,female,2024-06-30,5874
Negeri Sembilan,Jempol/Jelebu,secondary,female,2025-06-30,5939
Negeri Sembilan,Jempol/Jelebu,secondary,male,2023-06-30,5981
Negeri Sembilan,Jempol/Jelebu,secondary,male,2024-06-30,6166
Negeri Sembilan,Jempol/Jelebu,secondary,male,2025-06-30,6234
Negeri Sembilan,Jempol/Jelebu,post_secondary,both,2023-06-30,455
Negeri Sembilan,Jempol/Jelebu,post_secondary,both,2024-06-30,451
Negeri Sembilan,Jempol/Jelebu,post_secondary,both,2025-06-30,700
Negeri Sembilan,Jempol/Jelebu,post_secondary,female,2023-06-30,240
Negeri Sembilan,Jempol/Jelebu,post_secondary,female,2024-06-30,250
Negeri Sembilan,Jempol/Jelebu,post_secondary,female,2025-06-30,383
Negeri Sembilan,Jempol/Jelebu,post_secondary,male,2023-06-30,215
Negeri Sembilan,Jempol/Jelebu,post_secondary,male,2024-06-30,201
Negeri Sembilan,Jempol/Jelebu,post_secondary,male,2025-06-30,317
Pahang,All Districts,primary,both,2017-01-01,145117
Pahang,All Districts,primary,both,2018-01-01,145698
Pahang,All Districts,primary,both,2019-01-01,146680
Pahang,All Districts,primary,both,2020-01-01,147764
Pahang,All Districts,primary,both,2021-01-01,150671
Pahang,All Districts,primary,both,2022-01-01,151624
Pahang,All Districts,primary,both,2023-06-30,152546
Pahang,All Districts,primary,both,2024-06-30,152824
Pahang,All Districts,primary,both,2025-06-30,152453
Pahang,All Districts,primary,female,2017-01-01,70786
Pahang,All Districts,primary,female,2018-01-01,70922
Pahang,All Districts,primary,female,2019-01-01,71636
Pahang,All Districts,primary,female,2020-01-01,72013
Pahang,All Districts,primary,female,2021-01-01,73551
Pahang,All Districts,primary,female,2022-01-01,74146
Pahang,All Districts,primary,female,2023-06-30,74340
Pahang,All Districts,primary,female,2024-06-30,74605
Pahang,All Districts,primary,female,2025-06-30,74306
Pahang,All Districts,primary,male,2017-01-01,74331
Pahang,All Districts,primary,male,2018-01-01,74776
Pahang,All Districts,primary,male,2019-01-01,75044
Pahang,All Districts,primary,male,2020-01-01,75751
Pahang,All Districts,primary,male,2021-01-01,77120
Pahang,All Districts,primary,male,2022-01-01,77478
Pahang,All Districts,primary,male,2023-06-30,78206
Pahang,All Districts,primary,male,2024-06-30,78219
Pahang,All Districts,primary,male,2025-06-30,78147
Pahang,All Districts,secondary,both,2017-01-01,108873
Pahang,All Districts,secondary,both,2018-01-01,98483
Pahang,All Districts,secondary,both,2019-01-01,96726
Pahang,All Districts,secondary,both,2020-01-01,97008
Pahang,All Districts,secondary,both,2021-01-01,99359
Pahang,All Districts,secondary,both,2022-01-01,101823
Pahang,All Districts,secondary,both,2023-06-30,102124
Pahang,All Districts,secondary,both,2024-06-30,105343
Pahang,All Districts,secondary,both,2025-06-30,108087
Pahang,All Districts,secondary,female,2017-01-01,54647
Pahang,All Districts,secondary,female,2018-01-01,48764
Pahang,All Districts,secondary,female,2019-01-01,48001
Pahang,All Districts,secondary,female,2020-01-01,48071
Pahang,All Districts,secondary,female,2021-01-01,48922
Pahang,All Districts,secondary,female,2022-01-01,49982
Pahang,All Districts,secondary,female,2023-06-30,50549
Pahang,All Districts,secondary,female,2024-06-30,52003
Pahang,All Districts,secondary,female,2025-06-30,53317
Pahang,All Districts,secondary,male,2017-01-01,54226
Pahang,All Districts,secondary,male,2018-01-01,49719
Pahang,All Districts,secondary,male,2019-01-01,48725
Pahang,All Districts,secondary,male,2020-01-01,48937
Pahang,All Districts,secondary,male,2021-01-01,50437
Pahang,All Districts,secondary,male,2022-01-01,51841
Pahang,All Districts,secondary,male,2023-06-30,51575
Pahang,All Districts,secondary,male,2024-06-30,53340
Pahang,All Districts,secondary,male,2025-06-30,54770
Pahang,All Districts,post_secondary,both,2018-01-01,7082
Pahang,All Districts,post_secondary,both,2019-01-01,6720
Pahang,All Districts,post_secondary,both,2020-01-01,3670
Pahang,All Districts,post_secondary,both,2021-01-01,3543
Pahang,All Districts,post_secondary,both,2022-01-01,3735
Pahang,All Districts,post_secondary,both,2023-06-30,4084
Pahang,All Districts,post_secondary,both,2024-06-30,3803
Pahang,All Districts,post_secondary,both,2025-06-30,6557
Pahang,All Districts,post_secondary,female,2018-01-01,4103
Pahang,All Districts,post_secondary,female,2019-01-01,3911
Pahang,All Districts,post_secondary,female,2020-01-01,2013
Pahang,All Districts,post_secondary,female,2021-01-01,1997
Pahang,All Districts,post_secondary,female,2022-01-01,1969
Pahang,All Districts,post_secondary,female,2023-06-30,2000
Pahang,All Districts,post_secondary,female,2024-06-30,1942
Pahang,All Districts,post_secondary,female,2025-06-30,3735
Pahang,All Districts,post_secondary,male,2018-01-01,2979
Pahang,All Districts,post_secondary,male,2019-01-01,2809
Pahang,All Districts,post_secondary,male,2020-01-01,1657
Pahang,All Districts,post_secondary,male,2021-01-01,1546
Pahang,All Districts,post_secondary,male,2022-01-01,1766
Pahang,All Districts,post_secondary,male,2023-06-30,2084
Pahang,All Districts,post_secondary,male,2024-06-30,1861
Pahang,All Districts,post_secondary,male,2025-06-30,2822
Pahang,Bentong,primary,both,2017-01-01,9319
Pahang,Bentong,primary,both,2018-01-01,9260
Pahang,Bentong,primary,both,2019-01-01,9404
Pahang,Bentong,primary,both,2020-01-01,9381
Pahang,Bentong,primary,both,2021-01-01,9366
Pahang,Bentong,primary,both,2022-01-01,9287
Pahang,Bentong,primary,both,2023-06-30,9244
Pahang,Bentong,primary,both,2024-06-30,9178
Pahang,Bentong,primary,both,2025-06-30,9119
Pahang,Bentong,primary,female,2017-01-01,4517
Pahang,Bentong,primary,female,2018-01-01,4529
Pahang,Bentong,primary,female,2019-01-01,4588
Pahang,Bentong,primary,female,2020-01-01,4560
Pahang,Bentong,primary,female,2021-01-01,4538
Pahang,Bentong,primary,female,2022-01-01,4552
Pahang,Bentong,primary,female,2023-06-30,4516
Pahang,Bentong,primary,female,2024-06-30,4481
Pahang,Bentong,primary,female,2025-06-30,4446
Pahang,Bentong,primary,male,2017-01-01,4802
Pahang,Bentong,primary,male,2018-01-01,4731
Pahang,Bentong,primary,male,2019-01-01,4816
Pahang,Bentong,primary,male,2020-01-01,4821
Pahang,Bentong,primary,male,2021-01-01,4828
Pahang,Bentong,primary,male,2022-01-01,4735
Pahang,Bentong,primary,male,2023-06-30,4728
Pahang,Bentong,primary,male,2024-06-30,4697
Pahang,Bentong,primary,male,2025-06-30,4673
Pahang,Bentong,secondary,both,2017-01-01,8300
Pahang,Bentong,secondary,both,2018-01-01,7460
Pahang,Bentong,secondary,both,2019-01-01,7236
Pahang,Bentong,secondary,both,2020-01-01,7181
Pahang,Bentong,secondary,both,2021-01-01,7300
Pahang,Bentong,secondary,both,2022-01-01,7348
Pahang,Bentong,secondary,both,2023-06-30,7245
Pahang,Bentong,secondary,both,2024-06-30,7520
Pahang,Bentong,secondary,both,2025-06-30,7703
Pahang,Bentong,secondary,female,2017-01-01,4087
Pahang,Bentong,secondary,female,2018-01-01,3614
Pahang,Bentong,secondary,female,2019-01-01,3492
Pahang,Bentong,secondary,female,2020-01-01,3474
Pahang,Bentong,secondary,female,2021-01-01,3510
Pahang,Bentong,secondary,female,2022-01-01,3503
Pahang,Bentong,secondary,female,2023-06-30,3507
Pahang,Bentong,secondary,female,2024-06-30,3557
Pahang,Bentong,secondary,female,2025-06-30,3646
Pahang,Bentong,secondary,male,2017-01-01,4213
Pahang,Bentong,secondary,male,2018-01-01,3846
Pahang,Bentong,secondary,male,2019-01-01,3744
Pahang,Bentong,secondary,male,2020-01-01,3707
Pahang,Bentong,secondary,male,2021-01-01,3790
Pahang,Bentong,secondary,male,2022-01-01,3845
Pahang,Bentong,secondary,male,2023-06-30,3738
Pahang,Bentong,secondary,male,2024-06-30,3963
Pahang,Bentong,secondary,male,2025-06-30,4057
Pahang,Bentong,post_secondary,both,2018-01-01,610
Pahang,Bentong,post_secondary,both,2019-01-01,598
Pahang,Bentong,post_secondary,both,2020-01-01,376
Pahang,Bentong,post_secondary,both,2021-01-01,405
Pahang,Bentong,post_secondary,both,2022-01-01,440
Pahang,Bentong,post_secondary,both,2023-06-30,476
Pahang,Bentong,post_secondary,both,2024-06-30,413
Pahang,Bentong,post_secondary,both,2025-06-30,587
Pahang,Bentong,post_secondary,female,2018-01-01,293
Pahang,Bentong,post_secondary,female,2019-01-01,296
Pahang,Bentong,post_secondary,female,2020-01-01,171
Pahang,Bentong,post_secondary,female,2021-01-01,150
Pahang,Bentong,post_secondary,female,2022-01-01,146
Pahang,Bentong,post_secondary,female,2023-06-30,161
Pahang,Bentong,post_secondary,female,2024-06-30,145
Pahang,Bentong,post_secondary,female,2025-06-30,265
Pahang,Bentong,post_secondary,male,2018-01-01,317
Pahang,Bentong,post_secondary,male,2019-01-01,302
Pahang,Bentong,post_secondary,male,2020-01-01,205
Pahang,Bentong,post_secondary,male,2021-01-01,255
Pahang,Bentong,post_secondary,male,2022-01-01,294
Pahang,Bentong,post_secondary,male,2023-06-30,315
Pahang,Bentong,post_secondary,male,2024-06-30,268
Pahang,Bentong,post_secondary,male,2025-06-30,322
Pahang,Bera,primary,both,2017-01-01,8155
Pahang,Bera,primary,both,2018-01-01,8537
Pahang,Bera,primary,both,2019-01-01,8525
Pahang,Bera,primary,both,2020-01-01,8507
Pahang,Bera,primary,both,2021-01-01,8630
Pahang,Bera,primary,both,2022-01-01,8569
Pahang,Bera,primary,both,2023-06-30,8597
Pahang,Bera,primary,both,2024-06-30,8565
Pahang,Bera,primary,both,2025-06-30,8336
Pahang,Bera,primary,female,2017-01-01,4011
Pahang,Bera,primary,female,2018-01-01,4205
Pahang,Bera,primary,female,2019-01-01,4204
Pahang,Bera,primary,female,2020-01-01,4166
Pahang,Bera,primary,female,2021-01-01,4256
Pahang,Bera,primary,female,2022-01-01,4217
Pahang,Bera,primary,female,2023-06-30,4207
Pahang,Bera,primary,female,2024-06-30,4208
Pahang,Bera,primary,female,2025-06-30,4068
Pahang,Bera,primary,male,2017-01-01,4144
Pahang,Bera,primary,male,2018-01-01,4332
Pahang,Bera,primary,male,2019-01-01,4321
Pahang,Bera,primary,male,2020-01-01,4341
Pahang,Bera,primary,male,2021-01-01,4374
Pahang,Bera,primary,male,2022-01-01,4352
Pahang,Bera,primary,male,2023-06-30,4390
Pahang,Bera,primary,male,2024-06-30,4357
Pahang,Bera,primary,male,2025-06-30,4268
Pahang,Bera,secondary,both,2017-01-01,5881
Pahang,Bera,secondary,both,2018-01-01,5476
Pahang,Bera,secondary,both,2019-01-01,5340
Pahang,Bera,secondary,both,2020-01-01,5349
Pahang,Bera,secondary,both,2021-01-01,5422
Pahang,Bera,secondary,both,2022-01-01,5578
Pahang,Bera,secondary,both,2023-06-30,5539
Pahang,Bera,secondary,both,2024-06-30,5672
Pahang,Bera,secondary,both,2025-06-30,5703
Pahang,Bera,secondary,female,2017-01-01,2995
Pahang,Bera,secondary,female,2018-01-01,2733
Pahang,Bera,secondary,female,2019-01-01,2681
Pahang,Bera,secondary,female,2020-01-01,2709
Pahang,Bera,secondary,female,2021-01-01,2679
Pahang,Bera,secondary,female,2022-01-01,2772
Pahang,Bera,secondary,female,2023-06-30,2813
Pahang,Bera,secondary,female,2024-06-30,2886
Pahang,Bera,secondary,female,2025-06-30,2877
Pahang,Bera,secondary,male,2017-01-01,2886
Pahang,Bera,secondary,male,2018-01-01,2743
Pahang,Bera,secondary,male,2019-01-01,2659
Pahang,Bera,secondary,male,2020-01-01,2640
Pahang,Bera,secondary,male,2021-01-01,2743
Pahang,Bera,secondary,male,2022-01-01,2806
Pahang,Bera,secondary,male,2023-06-30,2726
Pahang,Bera,secondary,male,2024-06-30,2786
Pahang,Bera,secondary,male,2025-06-30,2826
Pahang,Bera,post_secondary,both,2018-01-01,321
Pahang,Bera,post_secondary,both,2019-01-01,331
Pahang,Bera,post_secondary,both,2020-01-01,169
Pahang,Bera,post_secondary,both,2021-01-01,146
Pahang,Bera,post_secondary,both,2022-01-01,149
Pahang,Bera,post_secondary,both,2023-06-30,128
Pahang,Bera,post_secondary,both,2024-06-30,131
Pahang,Bera,post_secondary,both,2025-06-30,270
Pahang,Bera,post_secondary,female,2018-01-01,218
Pahang,Bera,post_secondary,female,2019-01-01,225
Pahang,Bera,post_secondary,female,2020-01-01,111
Pahang,Bera,post_secondary,female,2021-01-01,108
Pahang,Bera,post_secondary,female,2022-01-01,107
Pahang,Bera,post_secondary,female,2023-06-30,73
Pahang,Bera,post_secondary,female,2024-06-30,87
Pahang,Bera,post_secondary,female,2025-06-30,200
Pahang,Bera,post_secondary,male,2018-01-01,103
Pahang,Bera,post_secondary,male,2019-01-01,106
Pahang,Bera,post_secondary,male,2020-01-01,58
Pahang,Bera,post_secondary,male,2021-01-01,38
Pahang,Bera,post_secondary,male,2022-01-01,42
Pahang,Bera,post_secondary,male,2023-06-30,55
Pahang,Bera,post_secondary,male,2024-06-30,44
Pahang,Bera,post_secondary,male,2025-06-30,70
Pahang,Cameron Highlands,primary,both,2017-01-01,3028
Pahang,Cameron Highlands,primary,both,2018-01-01,3142
Pahang,Cameron Highlands,primary,both,2019-01-01,3234
Pahang,Cameron Highlands,primary,both,2020-01-01,3347
Pahang,Cameron Highlands,primary,both,2021-01-01,3436
Pahang,Cameron Highlands,primary,both,2022-01-01,3557
Pahang,Cameron Highlands,primary,both,2023-06-30,3622
Pahang,Cameron Highlands,primary,both,2024-06-30,3598
Pahang,Cameron Highlands,primary,both,2025-06-30,3511
Pahang,Cameron Highlands,primary,female,2017-01-01,1529
Pahang,Cameron Highlands,primary,female,2018-01-01,1573
Pahang,Cameron Highlands,primary,female,2019-01-01,1617
Pahang,Cameron Highlands,primary,female,2020-01-01,1701
Pahang,Cameron Highlands,primary,female,2021-01-01,1732
Pahang,Cameron Highlands,primary,female,2022-01-01,1801
Pahang,Cameron Highlands,primary,female,2023-06-30,1788
Pahang,Cameron Highlands,primary,female,2024-06-30,1785
Pahang,Cameron Highlands,primary,female,2025-06-30,1722
Pahang,Cameron Highlands,primary,male,2017-01-01,1499
Pahang,Cameron Highlands,primary,male,2018-01-01,1569
Pahang,Cameron Highlands,primary,male,2019-01-01,1617
Pahang,Cameron Highlands,primary,male,2020-01-01,1646
Pahang,Cameron Highlands,primary,male,2021-01-01,1704
Pahang,Cameron Highlands,primary,male,2022-01-01,1756
Pahang,Cameron Highlands,primary,male,2023-06-30,1834
Pahang,Cameron Highlands,primary,male,2024-06-30,1813
Pahang,Cameron Highlands,primary,male,2025-06-30,1789
Pahang,Cameron Highlands,secondary,both,2017-01-01,2133
Pahang,Cameron Highlands,secondary,both,2018-01-01,1995
Pahang,Cameron Highlands,secondary,both,2019-01-01,1996
Pahang,Cameron Highlands,secondary,both,2020-01-01,1919
Pahang,Cameron Highlands,secondary,both,2021-01-01,1968
Pahang,Cameron Highlands,secondary,both,2022-01-01,1977
Pahang,Cameron Highlands,secondary,both,2023-06-30,1891
Pahang,Cameron Highlands,secondary,both,2024-06-30,1959
Pahang,Cameron Highlands,secondary,both,2025-06-30,1980
Pahang,Cameron Highlands,secondary,female,2017-01-01,1146
Pahang,Cameron Highlands,secondary,female,2018-01-01,1038
Pahang,Cameron Highlands,secondary,female,2019-01-01,1018
Pahang,Cameron Highlands,secondary,female,2020-01-01,946
Pahang,Cameron Highlands,secondary,female,2021-01-01,978
Pahang,Cameron Highlands,secondary,female,2022-01-01,986
Pahang,Cameron Highlands,secondary,female,2023-06-30,987
Pahang,Cameron Highlands,secondary,female,2024-06-30,989
Pahang,Cameron Highlands,secondary,female,2025-06-30,1012
Pahang,Cameron Highlands,secondary,male,2017-01-01,987
Pahang,Cameron Highlands,secondary,male,2018-01-01,957
Pahang,Cameron Highlands,secondary,male,2019-01-01,978
Pahang,Cameron Highlands,secondary,male,2020-01-01,973
Pahang,Cameron Highlands,secondary,male,2021-01-01,990
Pahang,Cameron Highlands,secondary,male,2022-01-01,991
Pahang,Cameron Highlands,secondary,male,2023-06-30,904
Pahang,Cameron Highlands,secondary,male,2024-06-30,970
Pahang,Cameron Highlands,secondary,male,2025-06-30,968
Pahang,Cameron Highlands,post_secondary,both,2018-01-01,101
Pahang,Cameron Highlands,post_secondary,both,2019-01-01,84
Pahang,Cameron Highlands,post_secondary,both,2020-01-01,36
Pahang,Cameron Highlands,post_secondary,both,2021-01-01,48
Pahang,Cameron Highlands,post_secondary,both,2022-01-01,48
Pahang,Cameron Highlands,post_secondary,both,2023-06-30,29
Pahang,Cameron Highlands,post_secondary,both,2024-06-30,38
Pahang,Cameron Highlands,post_secondary,both,2025-06-30,81
Pahang,Cameron Highlands,post_secondary,female,2018-01-01,60
Pahang,Cameron Highlands,post_secondary,female,2019-01-01,58
Pahang,Cameron Highlands,post_secondary,female,2020-01-01,26
Pahang,Cameron Highlands,post_secondary,female,2021-01-01,31
Pahang,Cameron Highlands,post_secondary,female,2022-01-01,35
Pahang,Cameron Highlands,post_secondary,female,2023-06-30,18
Pahang,Cameron Highlands,post_secondary,female,2024-06-30,24
Pahang,Cameron Highlands,post_secondary,female,2025-06-30,52
Pahang,Cameron Highlands,post_secondary,male,2018-01-01,41
Pahang,Cameron Highlands,post_secondary,male,2019-01-01,26
Pahang,Cameron Highlands,post_secondary,male,2020-01-01,10
Pahang,Cameron Highlands,post_secondary,male,2021-01-01,17
Pahang,Cameron Highlands,post_secondary,male,2022-01-01,13
Pahang,Cameron Highlands,post_secondary,male,2023-06-30,11
Pahang,Cameron Highlands,post_secondary,male,2024-06-30,14
Pahang,Cameron Highlands,post_secondary,male,2025-06-30,29
Pahang,Jerantut,primary,both,2017-01-01,9650
Pahang,Jerantut,primary,both,2018-01-01,9207
Pahang,Jerantut,primary,both,2019-01-01,9206
Pahang,Jerantut,primary,both,2020-01-01,9236
Pahang,Jerantut,primary,both,2021-01-01,9334
Pahang,Jerantut,primary,both,2022-01-01,9440
Pahang,Jerantut,primary,both,2023-06-30,9797
Pahang,Jerantut,primary,both,2024-06-30,9840
Pahang,Jerantut,primary,both,2025-06-30,9631
Pahang,Jerantut,primary,female,2017-01-01,4650
Pahang,Jerantut,primary,female,2018-01-01,4439
Pahang,Jerantut,primary,female,2019-01-01,4392
Pahang,Jerantut,primary,female,2020-01-01,4393
Pahang,Jerantut,primary,female,2021-01-01,4432
Pahang,Jerantut,primary,female,2022-01-01,4497
Pahang,Jerantut,primary,female,2023-06-30,4656
Pahang,Jerantut,primary,female,2024-06-30,4743
Pahang,Jerantut,primary,female,2025-06-30,4642
Pahang,Jerantut,primary,male,2017-01-01,5000
Pahang,Jerantut,primary,male,2018-01-01,4768
Pahang,Jerantut,primary,male,2019-01-01,4814
Pahang,Jerantut,primary,male,2020-01-01,4843
Pahang,Jerantut,primary,male,2021-01-01,4902
Pahang,Jerantut,primary,male,2022-01-01,4943
Pahang,Jerantut,primary,male,2023-06-30,5141
Pahang,Jerantut,primary,male,2024-06-30,5097
Pahang,Jerantut,primary,male,2025-06-30,4989
Pahang,Jerantut,secondary,both,2017-01-01,7366
Pahang,Jerantut,secondary,both,2018-01-01,6211
Pahang,Jerantut,secondary,both,2019-01-01,6080
Pahang,Jerantut,secondary,both,2020-01-01,6053
Pahang,Jerantut,secondary,both,2021-01-01,6064
Pahang,Jerantut,secondary,both,2022-01-01,6218
Pahang,Jerantut,secondary,both,2023-06-30,6537
Pahang,Jerantut,secondary,both,2024-06-30,6556
Pahang,Jerantut,secondary,both,2025-06-30,6683
Pahang,Jerantut,secondary,female,2017-01-01,3773
Pahang,Jerantut,secondary,female,2018-01-01,3112
Pahang,Jerantut,secondary,female,2019-01-01,3088
Pahang,Jerantut,secondary,female,2020-01-01,3056
Pahang,Jerantut,secondary,female,2021-01-01,3008
Pahang,Jerantut,secondary,female,2022-01-01,3053
Pahang,Jerantut,secondary,female,2023-06-30,3271
Pahang,Jerantut,secondary,female,2024-06-30,3273
Pahang,Jerantut,secondary,female,2025-06-30,3323
Pahang,Jerantut,secondary,male,2017-01-01,3593
Pahang,Jerantut,secondary,male,2018-01-01,3099
Pahang,Jerantut,secondary,male,2019-01-01,2992
Pahang,Jerantut,secondary,male,2020-01-01,2997
Pahang,Jerantut,secondary,male,2021-01-01,3056
Pahang,Jerantut,secondary,male,2022-01-01,3165
Pahang,Jerantut,secondary,male,2023-06-30,3266
Pahang,Jerantut,secondary,male,2024-06-30,3283
Pahang,Jerantut,secondary,male,2025-06-30,3360
Pahang,Jerantut,post_secondary,both,2018-01-01,465
Pahang,Jerantut,post_secondary,both,2019-01-01,484
Pahang,Jerantut,post_secondary,both,2020-01-01,225
Pahang,Jerantut,post_secondary,both,2021-01-01,180
Pahang,Jerantut,post_secondary,both,2022-01-01,194
Pahang,Jerantut,post_secondary,both,2023-06-30,178
Pahang,Jerantut,post_secondary,both,2024-06-30,216
Pahang,Jerantut,post_secondary,both,2025-06-30,479
Pahang,Jerantut,post_secondary,female,2018-01-01,298
Pahang,Jerantut,post_secondary,female,2019-01-01,323
Pahang,Jerantut,post_secondary,female,2020-01-01,159
Pahang,Jerantut,post_secondary,female,2021-01-01,129
Pahang,Jerantut,post_secondary,female,2022-01-01,125
Pahang,Jerantut,post_secondary,female,2023-06-30,126
Pahang,Jerantut,post_secondary,female,2024-06-30,144
Pahang,Jerantut,post_secondary,female,2025-06-30,296
Pahang,Jerantut,post_secondary,male,2018-01-01,167
Pahang,Jerantut,post_secondary,male,2019-01-01,161
Pahang,Jerantut,post_secondary,male,2020-01-01,66
Pahang,Jerantut,post_secondary,male,2021-01-01,51
Pahang,Jerantut,post_secondary,male,2022-01-01,69
Pahang,Jerantut,post_secondary,male,2023-06-30,52
Pahang,Jerantut,post_secondary,male,2024-06-30,72
Pahang,Jerantut,post_secondary,male,2025-06-30,183
Pahang,Kuala Lipis,primary,both,2018-01-01,8862
Pahang,Kuala Lipis,primary,both,2019-01-01,8775
Pahang,Kuala Lipis,primary,both,2020-01-01,8704
Pahang,Kuala Lipis,primary,both,2021-01-01,8828
Pahang,Kuala Lipis,primary,both,2022-01-01,8792
Pahang,Kuala Lipis,primary,female,2018-01-01,4278
Pahang,Kuala Lipis,primary,female,2019-01-01,4302
Pahang,Kuala Lipis,primary,female,2020-01-01,4257
Pahang,Kuala Lipis,primary,female,2021-01-01,4339
Pahang,Kuala Lipis,primary,female,2022-01-01,4305
Pahang,Kuala Lipis,primary,male,2018-01-01,4584
Pahang,Kuala Lipis,primary,male,2019-01-01,4473
Pahang,Kuala Lipis,primary,male,2020-01-01,4447
Pahang,Kuala Lipis,primary,male,2021-01-01,4489
Pahang,Kuala Lipis,primary,male,2022-01-01,4487
Pahang,Kuala Lipis,secondary,both,2018-01-01,5596
Pahang,Kuala Lipis,secondary,both,2019-01-01,5330
Pahang,Kuala Lipis,secondary,both,2020-01-01,5249
Pahang,Kuala Lipis,secondary,both,2021-01-01,5565
Pahang,Kuala Lipis,secondary,both,2022-01-01,5654
Pahang,Kuala Lipis,secondary,female,2018-01-01,2733
Pahang,Kuala Lipis,secondary,female,2019-01-01,2646
Pahang,Kuala Lipis,secondary,female,2020-01-01,2584
Pahang,Kuala Lipis,secondary,female,2021-01-01,2696
Pahang,Kuala Lipis,secondary,female,2022-01-01,2741
Pahang,Kuala Lipis,secondary,male,2018-01-01,2863
Pahang,Kuala Lipis,secondary,male,2019-01-01,2684
Pahang,Kuala Lipis,secondary,male,2020-01-01,2665
Pahang,Kuala Lipis,secondary,male,2021-01-01,2869
Pahang,Kuala Lipis,secondary,male,2022-01-01,2913
Pahang,Kuala Lipis,post_secondary,both,2018-01-01,544
Pahang,Kuala Lipis,post_secondary,both,2019-01-01,546
Pahang,Kuala Lipis,post_secondary,both,2020-01-01,301
Pahang,Kuala Lipis,post_secondary,both,2021-01-01,274
Pahang,Kuala Lipis,post_secondary,both,2022-01-01,268
Pahang,Kuala Lipis,post_secondary,female,2018-01-01,250
Pahang,Kuala Lipis,post_secondary,female,2019-01-01,241
Pahang,Kuala Lipis,post_secondary,female,2020-01-01,108
Pahang,Kuala Lipis,post_secondary,female,2021-01-01,145
Pahang,Kuala Lipis,post_secondary,female,2022-01-01,101
Pahang,Kuala Lipis,post_secondary,male,2018-01-01,294
Pahang,Kuala Lipis,post_secondary,male,2019-01-01,305
Pahang,Kuala Lipis,post_secondary,male,2020-01-01,193
Pahang,Kuala Lipis,post_secondary,male,2021-01-01,129
Pahang,Kuala Lipis,post_secondary,male,2022-01-01,167
Pahang,Kuantan,primary,both,2017-01-01,46906
Pahang,Kuantan,primary,both,2018-01-01,48125
Pahang,Kuantan,primary,both,2019-01-01,48992
Pahang,Kuantan,primary,both,2020-01-01,49950
Pahang,Kuantan,primary,both,2021-01-01,51452
Pahang,Kuantan,primary,both,2022-01-01,52212
Pahang,Kuantan,primary,both,2023-06-30,52489
Pahang,Kuantan,primary,both,2024-06-30,53079
Pahang,Kuantan,primary,both,2025-06-30,53482
Pahang,Kuantan,primary,female,2017-01-01,22822
Pahang,Kuantan,primary,female,2018-01-01,23322
Pahang,Kuantan,primary,female,2019-01-01,23876
Pahang,Kuantan,primary,female,2020-01-01,24257
Pahang,Kuantan,primary,female,2021-01-01,25048
Pahang,Kuantan,primary,female,2022-01-01,25496
Pahang,Kuantan,primary,female,2023-06-30,25572
Pahang,Kuantan,primary,female,2024-06-30,25880
Pahang,Kuantan,primary,female,2025-06-30,25974
Pahang,Kuantan,primary,male,2017-01-01,24084
Pahang,Kuantan,primary,male,2018-01-01,24803
Pahang,Kuantan,primary,male,2019-01-01,25116
Pahang,Kuantan,primary,male,2020-01-01,25693
Pahang,Kuantan,primary,male,2021-01-01,26404
Pahang,Kuantan,primary,male,2022-01-01,26716
Pahang,Kuantan,primary,male,2023-06-30,26917
Pahang,Kuantan,primary,male,2024-06-30,27199
Pahang,Kuantan,primary,male,2025-06-30,27508
Pahang,Kuantan,secondary,both,2017-01-01,33503
Pahang,Kuantan,secondary,both,2018-01-01,31692
Pahang,Kuantan,secondary,both,2019-01-01,31578
Pahang,Kuantan,secondary,both,2020-01-01,32016
Pahang,Kuantan,secondary,both,2021-01-01,32911
Pahang,Kuantan,secondary,both,2022-01-01,33800
Pahang,Kuantan,secondary,both,2023-06-30,33983
Pahang,Kuantan,secondary,both,2024-06-30,35135
Pahang,Kuantan,secondary,both,2025-06-30,36554
Pahang,Kuantan,secondary,female,2017-01-01,16789
Pahang,Kuantan,secondary,female,2018-01-01,15641
Pahang,Kuantan,secondary,female,2019-01-01,15619
Pahang,Kuantan,secondary,female,2020-01-01,15855
Pahang,Kuantan,secondary,female,2021-01-01,16198
Pahang,Kuantan,secondary,female,2022-01-01,16560
Pahang,Kuantan,secondary,female,2023-06-30,16746
Pahang,Kuantan,secondary,female,2024-06-30,17369
Pahang,Kuantan,secondary,female,2025-06-30,18006
Pahang,Kuantan,secondary,male,2017-01-01,16714
Pahang,Kuantan,secondary,male,2018-01-01,16051
Pahang,Kuantan,secondary,male,2019-01-01,15959
Pahang,Kuantan,secondary,male,2020-01-01,16161
Pahang,Kuantan,secondary,male,2021-01-01,16713
Pahang,Kuantan,secondary,male,2022-01-01,17240
Pahang,Kuantan,secondary,male,2023-06-30,17237
Pahang,Kuantan,secondary,male,2024-06-30,17766
Pahang,Kuantan,secondary,male,2025-06-30,18548
Pahang,Kuantan,post_secondary,both,2018-01-01,1545
Pahang,Kuantan,post_secondary,both,2019-01-01,1386
Pahang,Kuantan,post_secondary,both,2020-01-01,771
Pahang,Kuantan,post_secondary,both,2021-01-01,808
Pahang,Kuantan,post_secondary,both,2022-01-01,833
Pahang,Kuantan,post_secondary,both,2023-06-30,854
Pahang,Kuantan,post_secondary,both,2024-06-30,832
Pahang,Kuantan,post_secondary,both,2025-06-30,1463
Pahang,Kuantan,post_secondary,female,2018-01-01,891
Pahang,Kuantan,post_secondary,female,2019-01-01,808
Pahang,Kuantan,post_secondary,female,2020-01-01,400
Pahang,Kuantan,post_secondary,female,2021-01-01,430
Pahang,Kuantan,post_secondary,female,2022-01-01,429
Pahang,Kuantan,post_secondary,female,2023-06-30,390
Pahang,Kuantan,post_secondary,female,2024-06-30,382
Pahang,Kuantan,post_secondary,female,2025-06-30,830
Pahang,Kuantan,post_secondary,male,2018-01-01,654
Pahang,Kuantan,post_secondary,male,2019-01-01,578
Pahang,Kuantan,post_secondary,male,2020-01-01,371
Pahang,Kuantan,post_secondary,male,2021-01-01,378
Pahang,Kuantan,post_secondary,male,2022-01-01,404
Pahang,Kuantan,post_secondary,male,2023-06-30,464
Pahang,Kuantan,post_secondary,male,2024-06-30,450
Pahang,Kuantan,post_secondary,male,2025-06-30,633
Pahang,Lipis,primary,both,2017-01-01,8995
Pahang,Lipis,primary,both,2023-06-30,8725
Pahang,Lipis,primary,both,2024-06-30,8632
Pahang,Lipis,primary,both,2025-06-30,8497
Pahang,Lipis,primary,female,2017-01-01,4382
Pahang,Lipis,primary,female,2023-06-30,4303
Pahang,Lipis,primary,female,2024-06-30,4345
Pahang,Lipis,primary,female,2025-06-30,4249
Pahang,Lipis,primary,male,2017-01-01,4613
Pahang,Lipis,primary,male,2023-06-30,4422
Pahang,Lipis,primary,male,2024-06-30,4287
Pahang,Lipis,primary,male,2025-06-30,4248
Pahang,Lipis,secondary,both,2017-01-01,6411
Pahang,Lipis,secondary,both,2023-06-30,5751
Pahang,Lipis,secondary,both,2024-06-30,5991
Pahang,Lipis,secondary,both,2025-06-30,6089
Pahang,Lipis,secondary,female,2017-01-01,3060
Pahang,Lipis,secondary,female,2023-06-30,2804
Pahang,Lipis,secondary,female,2024-06-30,2863
Pahang,Lipis,secondary,female,2025-06-30,2942
Pahang,Lipis,secondary,male,2017-01-01,3351
Pahang,Lipis,secondary,male,2023-06-30,2947
Pahang,Lipis,secondary,male,2024-06-30,3128
Pahang,Lipis,secondary,male,2025-06-30,3147
Pahang,Lipis,post_secondary,both,2023-06-30,346
Pahang,Lipis,post_secondary,both,2024-06-30,337
Pahang,Lipis,post_secondary,both,2025-06-30,550
Pahang,Lipis,post_secondary,female,2023-06-30,127
Pahang,Lipis,post_secondary,female,2024-06-30,124
Pahang,Lipis,post_secondary,female,2025-06-30,254
Pahang,Lipis,post_secondary,male,2023-06-30,219
Pahang,Lipis,post_secondary,male,2024-06-30,213
Pahang,Lipis,post_secondary,male,2025-06-30,296
Pahang,Maran,primary,both,2017-01-01,10836
Pahang,Maran,primary,both,2018-01-01,10852
Pahang,Maran,primary,both,2019-01-01,10946
Pahang,Maran,primary,both,2020-01-01,10831
Pahang,Maran,primary,both,2021-01-01,10912
Pahang,Maran,primary,both,2022-01-01,10816
Pahang,Maran,primary,both,2023-06-30,10896
Pahang,Maran,primary,both,2024-06-30,10662
Pahang,Maran,primary,both,2025-06-30,10520
Pahang,Maran,primary,female,2017-01-01,5210
Pahang,Maran,primary,female,2018-01-01,5254
Pahang,Maran,primary,female,2019-01-01,5304
Pahang,Maran,primary,female,2020-01-01,5282
Pahang,Maran,primary,female,2021-01-01,5355
Pahang,Maran,primary,female,2022-01-01,5317
Pahang,Maran,primary,female,2023-06-30,5311
Pahang,Maran,primary,female,2024-06-30,5176
Pahang,Maran,primary,female,2025-06-30,5147
Pahang,Maran,primary,male,2017-01-01,5626
Pahang,Maran,primary,male,2018-01-01,5598
Pahang,Maran,primary,male,2019-01-01,5642
Pahang,Maran,primary,male,2020-01-01,5549
Pahang,Maran,primary,male,2021-01-01,5557
Pahang,Maran,primary,male,2022-01-01,5499
Pahang,Maran,primary,male,2023-06-30,5585
Pahang,Maran,primary,male,2024-06-30,5486
Pahang,Maran,primary,male,2025-06-30,5373
Pahang,Maran,secondary,both,2017-01-01,8114
Pahang,Maran,secondary,both,2018-01-01,6961
Pahang,Maran,secondary,both,2019-01-01,6862
Pahang,Maran,secondary,both,2020-01-01,6940
Pahang,Maran,secondary,both,2021-01-01,7161
Pahang,Maran,secondary,both,2022-01-01,7380
Pahang,Maran,secondary,both,2023-06-30,7399
Pahang,Maran,secondary,both,2024-06-30,7735
Pahang,Maran,secondary,both,2025-06-30,7923
Pahang,Maran,secondary,female,2017-01-01,4103
Pahang,Maran,secondary,female,2018-01-01,3484
Pahang,Maran,secondary,female,2019-01-01,3416
Pahang,Maran,secondary,female,2020-01-01,3431
Pahang,Maran,secondary,female,2021-01-01,3529
Pahang,Maran,secondary,female,2022-01-01,3559
Pahang,Maran,secondary,female,2023-06-30,3601
Pahang,Maran,secondary,female,2024-06-30,3802
Pahang,Maran,secondary,female,2025-06-30,3930
Pahang,Maran,secondary,male,2017-01-01,4011
Pahang,Maran,secondary,male,2018-01-01,3477
Pahang,Maran,secondary,male,2019-01-01,3446
Pahang,Maran,secondary,male,2020-01-01,3509
Pahang,Maran,secondary,male,2021-01-01,3632
Pahang,Maran,secondary,male,2022-01-01,3821
Pahang,Maran,secondary,male,2023-06-30,3798
Pahang,Maran,secondary,male,2024-06-30,3933
Pahang,Maran,secondary,male,2025-06-30,3993
Pahang,Maran,post_secondary,both,2018-01-01,862
Pahang,Maran,post_secondary,both,2019-01-01,698
Pahang,Maran,post_secondary,both,2020-01-01,345
Pahang,Maran,post_secondary,both,2021-01-01,382
Pahang,Maran,post_secondary,both,2022-01-01,435
Pahang,Maran,post_secondary,both,2023-06-30,477
Pahang,Maran,post_secondary,both,2024-06-30,463
Pahang,Maran,post_secondary,both,2025-06-30,741
Pahang,Maran,post_secondary,female,2018-01-01,526
Pahang,Maran,post_secondary,female,2019-01-01,441
Pahang,Maran,post_secondary,female,2020-01-01,223
Pahang,Maran,post_secondary,female,2021-01-01,230
Pahang,Maran,post_secondary,female,2022-01-01,269
Pahang,Maran,post_secondary,female,2023-06-30,280
Pahang,Maran,post_secondary,female,2024-06-30,267
Pahang,Maran,post_secondary,female,2025-06-30,431
Pahang,Maran,post_secondary,male,2018-01-01,336
Pahang,Maran,post_secondary,male,2019-01-01,257
Pahang,Maran,post_secondary,male,2020-01-01,122
Pahang,Maran,post_secondary,male,2021-01-01,152
Pahang,Maran,post_secondary,male,2022-01-01,166
Pahang,Maran,post_secondary,male,2023-06-30,197
Pahang,Maran,post_secondary,male,2024-06-30,196
Pahang,Maran,post_secondary,male,2025-06-30,310
Pahang,Pekan,primary,both,2017-01-01,12759
Pahang,Pekan,primary,both,2018-01-01,12545
Pahang,Pekan,primary,both,2019-01-01,12339
Pahang,Pekan,primary,both,2020-01-01,12412
Pahang,Pekan,primary,both,2021-01-01,12671
Pahang,Pekan,primary,both,2022-01-01,12768
Pahang,Pekan,primary,both,2023-06-30,12932
Pahang,Pekan,primary,both,2024-06-30,13084
Pahang,Pekan,primary,both,2025-06-30,13127
Pahang,Pekan,primary,female,2017-01-01,6291
Pahang,Pekan,primary,female,2018-01-01,6151
Pahang,Pekan,primary,female,2019-01-01,6100
Pahang,Pekan,primary,female,2020-01-01,6113
Pahang,Pekan,primary,female,2021-01-01,6231
Pahang,Pekan,primary,female,2022-01-01,6301
Pahang,Pekan,primary,female,2023-06-30,6384
Pahang,Pekan,primary,female,2024-06-30,6478
Pahang,Pekan,primary,female,2025-06-30,6493
Pahang,Pekan,primary,male,2017-01-01,6468
Pahang,Pekan,primary,male,2018-01-01,6394
Pahang,Pekan,primary,male,2019-01-01,6239
Pahang,Pekan,primary,male,2020-01-01,6299
Pahang,Pekan,primary,male,2021-01-01,6440
Pahang,Pekan,primary,male,2022-01-01,6467
Pahang,Pekan,primary,male,2023-06-30,6548
Pahang,Pekan,primary,male,2024-06-30,6606
Pahang,Pekan,primary,male,2025-06-30,6634
Pahang,Pekan,secondary,both,2017-01-01,8979
Pahang,Pekan,secondary,both,2018-01-01,8309
Pahang,Pekan,secondary,both,2019-01-01,8119
Pahang,Pekan,secondary,both,2020-01-01,7959
Pahang,Pekan,secondary,both,2021-01-01,8045
Pahang,Pekan,secondary,both,2022-01-01,8331
Pahang,Pekan,secondary,both,2023-06-30,8406
Pahang,Pekan,secondary,both,2024-06-30,8650
Pahang,Pekan,secondary,both,2025-06-30,8787
Pahang,Pekan,secondary,female,2017-01-01,4551
Pahang,Pekan,secondary,female,2018-01-01,4165
Pahang,Pekan,secondary,female,2019-01-01,4082
Pahang,Pekan,secondary,female,2020-01-01,4035
Pahang,Pekan,secondary,female,2021-01-01,4122
Pahang,Pekan,secondary,female,2022-01-01,4254
Pahang,Pekan,secondary,female,2023-06-30,4271
Pahang,Pekan,secondary,female,2024-06-30,4379
Pahang,Pekan,secondary,female,2025-06-30,4467
Pahang,Pekan,secondary,male,2017-01-01,4428
Pahang,Pekan,secondary,male,2018-01-01,4144
Pahang,Pekan,secondary,male,2019-01-01,4037
Pahang,Pekan,secondary,male,2020-01-01,3924
Pahang,Pekan,secondary,male,2021-01-01,3923
Pahang,Pekan,secondary,male,2022-01-01,4077
Pahang,Pekan,secondary,male,2023-06-30,4135
Pahang,Pekan,secondary,male,2024-06-30,4271
Pahang,Pekan,secondary,male,2025-06-30,4320
Pahang,Pekan,post_secondary,both,2018-01-01,447
Pahang,Pekan,post_secondary,both,2019-01-01,474
Pahang,Pekan,post_secondary,both,2020-01-01,205
Pahang,Pekan,post_secondary,both,2021-01-01,213
Pahang,Pekan,post_secondary,both,2022-01-01,156
Pahang,Pekan,post_secondary,both,2023-06-30,207
Pahang,Pekan,post_secondary,both,2024-06-30,214
Pahang,Pekan,post_secondary,both,2025-06-30,431
Pahang,Pekan,post_secondary,female,2018-01-01,303
Pahang,Pekan,post_secondary,female,2019-01-01,328
Pahang,Pekan,post_secondary,female,2020-01-01,147
Pahang,Pekan,post_secondary,female,2021-01-01,147
Pahang,Pekan,post_secondary,female,2022-01-01,94
Pahang,Pekan,post_secondary,female,2023-06-30,148
Pahang,Pekan,post_secondary,female,2024-06-30,149
Pahang,Pekan,post_secondary,female,2025-06-30,301
Pahang,Pekan,post_secondary,male,2018-01-01,144
Pahang,Pekan,post_secondary,male,2019-01-01,146
Pahang,Pekan,post_secondary,male,2020-01-01,58
Pahang,Pekan,post_secondary,male,2021-01-01,66
Pahang,Pekan,post_secondary,male,2022-01-01,62
Pahang,Pekan,post_secondary,male,2023-06-30,59
Pahang,Pekan,post_secondary,male,2024-06-30,65
Pahang,Pekan,post_secondary,male,2025-06-30,130
Pahang,Raub,primary,both,2017-01-01,7005
Pahang,Raub,primary,both,2018-01-01,6925
Pahang,Raub,primary,both,2019-01-01,6919
Pahang,Raub,primary,both,2020-01-01,6914
Pahang,Raub,primary,both,2021-01-01,7045
Pahang,Raub,primary,both,2022-01-01,7014
Pahang,Raub,primary,both,2023-06-30,7051
Pahang,Raub,primary,both,2024-06-30,7052
Pahang,Raub,primary,both,2025-06-30,7035
Pahang,Raub,primary,female,2017-01-01,3425
Pahang,Raub,primary,female,2018-01-01,3414
Pahang,Raub,primary,female,2019-01-01,3407
Pahang,Raub,primary,female,2020-01-01,3431
Pahang,Raub,primary,female,2021-01-01,3492
Pahang,Raub,primary,female,2022-01-01,3469
Pahang,Raub,primary,female,2023-06-30,3446
Pahang,Raub,primary,female,2024-06-30,3424
Pahang,Raub,primary,female,2025-06-30,3424
Pahang,Raub,primary,male,2017-01-01,3580
Pahang,Raub,primary,male,2018-01-01,3511
Pahang,Raub,primary,male,2019-01-01,3512
Pahang,Raub,primary,male,2020-01-01,3483
Pahang,Raub,primary,male,2021-01-01,3553
Pahang,Raub,primary,male,2022-01-01,3545
Pahang,Raub,primary,male,2023-06-30,3605
Pahang,Raub,primary,male,2024-06-30,3628
Pahang,Raub,primary,male,2025-06-30,3611
Pahang,Raub,secondary,both,2017-01-01,6001
Pahang,Raub,secondary,both,2018-01-01,5275
Pahang,Raub,secondary,both,2019-01-01,5174
Pahang,Raub,secondary,both,2020-01-01,5133
Pahang,Raub,secondary,both,2021-01-01,5147
Pahang,Raub,secondary,both,2022-01-01,5256
Pahang,Raub,secondary,both,2023-06-30,5249
Pahang,Raub,secondary,both,2024-06-30,5238
Pahang,Raub,secondary,both,2025-06-30,5387
Pahang,Raub,secondary,female,2017-01-01,3123
Pahang,Raub,secondary,female,2018-01-01,2595
Pahang,Raub,secondary,female,2019-01-01,2535
Pahang,Raub,secondary,female,2020-01-01,2497
Pahang,Raub,secondary,female,2021-01-01,2522
Pahang,Raub,secondary,female,2022-01-01,2616
Pahang,Raub,secondary,female,2023-06-30,2678
Pahang,Raub,secondary,female,2024-06-30,2739
Pahang,Raub,secondary,female,2025-06-30,2862
Pahang,Raub,secondary,male,2017-01-01,2878
Pahang,Raub,secondary,male,2018-01-01,2680
Pahang,Raub,secondary,male,2019-01-01,2639
Pahang,Raub,secondary,male,2020-01-01,2636
Pahang,Raub,secondary,male,2021-01-01,2625
Pahang,Raub,secondary,male,2022-01-01,2640
Pahang,Raub,secondary,male,2023-06-30,2571
Pahang,Raub,secondary,male,2024-06-30,2499
Pahang,Raub,secondary,male,2025-06-30,2525
Pahang,Raub,post_secondary,both,2018-01-01,379
Pahang,Raub,post_secondary,both,2019-01-01,374
Pahang,Raub,post_secondary,both,2020-01-01,180
Pahang,Raub,post_secondary,both,2021-01-01,190
Pahang,Raub,post_secondary,both,2022-01-01,140
Pahang,Raub,post_secondary,both,2023-06-30,178
Pahang,Raub,post_secondary,both,2024-06-30,153
Pahang,Raub,post_secondary,both,2025-06-30,291
Pahang,Raub,post_secondary,female,2018-01-01,270
Pahang,Raub,post_secondary,female,2019-01-01,256
Pahang,Raub,post_secondary,female,2020-01-01,121
Pahang,Raub,post_secondary,female,2021-01-01,126
Pahang,Raub,post_secondary,female,2022-01-01,96
Pahang,Raub,post_secondary,female,2023-06-30,110
Pahang,Raub,post_secondary,female,2024-06-30,99
Pahang,Raub,post_secondary,female,2025-06-30,184
Pahang,Raub,post_secondary,male,2018-01-01,109
Pahang,Raub,post_secondary,male,2019-01-01,118
Pahang,Raub,post_secondary,male,2020-01-01,59
Pahang,Raub,post_secondary,male,2021-01-01,64
Pahang,Raub,post_secondary,male,2022-01-01,44
Pahang,Raub,post_secondary,male,2023-06-30,68
Pahang,Raub,post_secondary,male,2024-06-30,54
Pahang,Raub,post_secondary,male,2025-06-30,107
Pahang,Rompin,primary,both,2017-01-01,11825
Pahang,Rompin,primary,both,2018-01-01,11892
Pahang,Rompin,primary,both,2019-01-01,11909
Pahang,Rompin,primary,both,2020-01-01,11957
Pahang,Rompin,primary,both,2021-01-01,12314
Pahang,Rompin,primary,both,2022-01-01,12317
Pahang,Rompin,primary,both,2023-06-30,12327
Pahang,Rompin,primary,both,2024-06-30,12326
Pahang,Rompin,primary,both,2025-06-30,12370
Pahang,Rompin,primary,female,2017-01-01,5832
Pahang,Rompin,primary,female,2018-01-01,5776
Pahang,Rompin,primary,female,2019-01-01,5826
Pahang,Rompin,primary,female,2020-01-01,5840
Pahang,Rompin,primary,female,2021-01-01,5987
Pahang,Rompin,primary,female,2022-01-01,5909
Pahang,Rompin,primary,female,2023-06-30,5872
Pahang,Rompin,primary,female,2024-06-30,5887
Pahang,Rompin,primary,female,2025-06-30,5925
Pahang,Rompin,primary,male,2017-01-01,5993
Pahang,Rompin,primary,male,2018-01-01,6116
Pahang,Rompin,primary,male,2019-01-01,6083
Pahang,Rompin,primary,male,2020-01-01,6117
Pahang,Rompin,primary,male,2021-01-01,6327
Pahang,Rompin,primary,male,2022-01-01,6408
Pahang,Rompin,primary,male,2023-06-30,6455
Pahang,Rompin,primary,male,2024-06-30,6439
Pahang,Rompin,primary,male,2025-06-30,6445
Pahang,Rompin,secondary,both,2017-01-01,9023
Pahang,Rompin,secondary,both,2018-01-01,7747
Pahang,Rompin,secondary,both,2019-01-01,7535
Pahang,Rompin,secondary,both,2020-01-01,7725
Pahang,Rompin,secondary,both,2021-01-01,8054
Pahang,Rompin,secondary,both,2022-01-01,8401
Pahang,Rompin,secondary,both,2023-06-30,8343
Pahang,Rompin,secondary,both,2024-06-30,8834
Pahang,Rompin,secondary,both,2025-06-30,8976
Pahang,Rompin,secondary,female,2017-01-01,4500
Pahang,Rompin,secondary,female,2018-01-01,3878
Pahang,Rompin,secondary,female,2019-01-01,3784
Pahang,Rompin,secondary,female,2020-01-01,3829
Pahang,Rompin,secondary,female,2021-01-01,3945
Pahang,Rompin,secondary,female,2022-01-01,4140
Pahang,Rompin,secondary,female,2023-06-30,4129
Pahang,Rompin,secondary,female,2024-06-30,4275
Pahang,Rompin,secondary,female,2025-06-30,4318
Pahang,Rompin,secondary,male,2017-01-01,4523
Pahang,Rompin,secondary,male,2018-01-01,3869
Pahang,Rompin,secondary,male,2019-01-01,3751
Pahang,Rompin,secondary,male,2020-01-01,3896
Pahang,Rompin,secondary,male,2021-01-01,4109
Pahang,Rompin,secondary,male,2022-01-01,4261
Pahang,Rompin,secondary,male,2023-06-30,4214
Pahang,Rompin,secondary,male,2024-06-30,4559
Pahang,Rompin,secondary,male,2025-06-30,4658
Pahang,Rompin,post_secondary,both,2018-01-01,847
Pahang,Rompin,post_secondary,both,2019-01-01,750
Pahang,Rompin,post_secondary,both,2020-01-01,433
Pahang,Rompin,post_secondary,both,2021-01-01,376
Pahang,Rompin,post_secondary,both,2022-01-01,489
Pahang,Rompin,post_secondary,both,2023-06-30,553
Pahang,Rompin,post_secondary,both,2024-06-30,414
Pahang,Rompin,post_secondary,both,2025-06-30,719
Pahang,Rompin,post_secondary,female,2018-01-01,442
Pahang,Rompin,post_secondary,female,2019-01-01,394
Pahang,Rompin,post_secondary,female,2020-01-01,205
Pahang,Rompin,post_secondary,female,2021-01-01,183
Pahang,Rompin,post_secondary,female,2022-01-01,236
Pahang,Rompin,post_secondary,female,2023-06-30,236
Pahang,Rompin,post_secondary,female,2024-06-30,224
Pahang,Rompin,post_secondary,female,2025-06-30,378
Pahang,Rompin,post_secondary,male,2018-01-01,405
Pahang,Rompin,post_secondary,male,2019-01-01,356
Pahang,Rompin,post_secondary,male,2020-01-01,228
Pahang,Rompin,post_secondary,male,2021-01-01,193
Pahang,Rompin,post_secondary,male,2022-01-01,253
Pahang,Rompin,post_secondary,male,2023-06-30,317
Pahang,Rompin,post_secondary,male,2024-06-30,190
Pahang,Rompin,post_secondary,male,2025-06-30,341
Pahang,Temerloh,primary,both,2017-01-01,16639
Pahang,Temerloh,primary,both,2018-01-01,16351
Pahang,Temerloh,primary,both,2019-01-01,16431
Pahang,Temerloh,primary,both,2020-01-01,16525
Pahang,Temerloh,primary,both,2021-01-01,16683
Pahang,Temerloh,primary,both,2022-01-01,16852
Pahang,Temerloh,primary,both,2023-06-30,16866
Pahang,Temerloh,primary,both,2024-06-30,16808
Pahang,Temerloh,primary,both,2025-06-30,16825
Pahang,Temerloh,primary,female,2017-01-01,8117
Pahang,Temerloh,primary,female,2018-01-01,7981
Pahang,Temerloh,primary,female,2019-01-01,8020
Pahang,Temerloh,primary,female,2020-01-01,8013
Pahang,Temerloh,primary,female,2021-01-01,8141
Pahang,Temerloh,primary,female,2022-01-01,8282
Pahang,Temerloh,primary,female,2023-06-30,8285
Pahang,Temerloh,primary,female,2024-06-30,8198
Pahang,Temerloh,primary,female,2025-06-30,8216
Pahang,Temerloh,primary,male,2017-01-01,8522
Pahang,Temerloh,primary,male,2018-01-01,8370
Pahang,Temerloh,primary,male,2019-01-01,8411
Pahang,Temerloh,primary,male,2020-01-01,8512
Pahang,Temerloh,primary,male,2021-01-01,8542
Pahang,Temerloh,primary,male,2022-01-01,8570
Pahang,Temerloh,primary,male,2023-06-30,8581
Pahang,Temerloh,primary,male,2024-06-30,8610
Pahang,Temerloh,primary,male,2025-06-30,8609
Pahang,Temerloh,secondary,both,2017-01-01,13162
Pahang,Temerloh,secondary,both,2018-01-01,11761
Pahang,Temerloh,secondary,both,2019-01-01,11476
Pahang,Temerloh,secondary,both,2020-01-01,11484
Pahang,Temerloh,secondary,both,2021-01-01,11722
Pahang,Temerloh,secondary,both,2022-01-01,11880
Pahang,Temerloh,secondary,both,2023-06-30,11781
Pahang,Temerloh,secondary,both,2024-06-30,12053
Pahang,Temerloh,secondary,both,2025-06-30,12302
Pahang,Temerloh,secondary,female,2017-01-01,6520
Pahang,Temerloh,secondary,female,2018-01-01,5771
Pahang,Temerloh,secondary,female,2019-01-01,5640
Pahang,Temerloh,secondary,female,2020-01-01,5655
Pahang,Temerloh,secondary,female,2021-01-01,5735
Pahang,Temerloh,secondary,female,2022-01-01,5798
Pahang,Temerloh,secondary,female,2023-06-30,5742
Pahang,Temerloh,secondary,female,2024-06-30,5871
Pahang,Temerloh,secondary,female,2025-06-30,5934
Pahang,Temerloh,secondary,male,2017-01-01,6642
Pahang,Temerloh,secondary,male,2018-01-01,5990
Pahang,Temerloh,secondary,male,2019-01-01,5836
Pahang,Temerloh,secondary,male,2020-01-01,5829
Pahang,Temerloh,secondary,male,2021-01-01,5987
Pahang,Temerloh,secondary,male,2022-01-01,6082
Pahang,Temerloh,secondary,male,2023-06-30,6039
Pahang,Temerloh,secondary,male,2024-06-30,6182
Pahang,Temerloh,secondary,male,2025-06-30,6368
Pahang,Temerloh,post_secondary,both,2018-01-01,961
Pahang,Temerloh,post_secondary,both,2019-01-01,995
Pahang,Temerloh,post_secondary,both,2020-01-01,629
Pahang,Temerloh,post_secondary,both,2021-01-01,521
Pahang,Temerloh,post_secondary,both,2022-01-01,583
Pahang,Temerloh,post_secondary,both,2023-06-30,658
Pahang,Temerloh,post_secondary,both,2024-06-30,592
Pahang,Temerloh,post_secondary,both,2025-06-30,945
Pahang,Temerloh,post_secondary,female,2018-01-01,552
Pahang,Temerloh,post_secondary,female,2019-01-01,541
Pahang,Temerloh,post_secondary,female,2020-01-01,342
Pahang,Temerloh,post_secondary,female,2021-01-01,318
Pahang,Temerloh,post_secondary,female,2022-01-01,331
Pahang,Temerloh,post_secondary,female,2023-06-30,331
Pahang,Temerloh,post_secondary,female,2024-06-30,297
Pahang,Temerloh,post_secondary,female,2025-06-30,544
Pahang,Temerloh,post_secondary,male,2018-01-01,409
Pahang,Temerloh,post_secondary,male,2019-01-01,454
Pahang,Temerloh,post_secondary,male,2020-01-01,287
Pahang,Temerloh,post_secondary,male,2021-01-01,203
Pahang,Temerloh,post_secondary,male,2022-01-01,252
Pahang,Temerloh,post_secondary,male,2023-06-30,327
Pahang,Temerloh,post_secondary,male,2024-06-30,295
Pahang,Temerloh,post_secondary,male,2025-06-30,401
Perak,All Districts,primary,both,2017-01-01,201117
Perak,All Districts,primary,both,2018-01-01,200629
Perak,All Districts,primary,both,2019-01-01,201788
Perak,All Districts,primary,both,2020-01-01,200614
Perak,All Districts,primary,both,2021-01-01,201034
Perak,All Districts,primary,both,2022-01-01,200543
Perak,All Districts,primary,both,2023-06-30,198997
Perak,All Districts,primary,both,2024-06-30,196506
Perak,All Districts,primary,both,2025-06-30,193118
Perak,All Districts,primary,female,2017-01-01,98210
Perak,All Districts,primary,female,2018-01-01,97647
Perak,All Districts,primary,female,2019-01-01,98190
Perak,All Districts,primary,female,2020-01-01,97444
Perak,All Districts,primary,female,2021-01-01,97663
Perak,All Districts,primary,female,2022-01-01,97401
Perak,All Districts,primary,female,2023-06-30,96506
Perak,All Districts,primary,female,2024-06-30,95459
Perak,All Districts,primary,female,2025-06-30,93860
Perak,All Districts,primary,male,2017-01-01,102907
Perak,All Districts,primary,male,2018-01-01,102982
Perak,All Districts,primary,male,2019-01-01,103598
Perak,All Districts,primary,male,2020-01-01,103170
Perak,All Districts,primary,male,2021-01-01,103371
Perak,All Districts,primary,male,2022-01-01,103142
Perak,All Districts,primary,male,2023-06-30,102491
Perak,All Districts,primary,male,2024-06-30,101047
Perak,All Districts,primary,male,2025-06-30,99258
Perak,All Districts,secondary,both,2017-01-01,183856
Perak,All Districts,secondary,both,2018-01-01,162961
Perak,All Districts,secondary,both,2019-01-01,158394
Perak,All Districts,secondary,both,2020-01-01,156914
Perak,All Districts,secondary,both,2021-01-01,158742
Perak,All Districts,secondary,both,2022-01-01,160387
Perak,All Districts,secondary,both,2023-06-30,158320
Perak,All Districts,secondary,both,2024-06-30,161525
Perak,All Districts,secondary,both,2025-06-30,163262
Perak,All Districts,secondary,female,2017-01-01,93194
Perak,All Districts,secondary,female,2018-01-01,81756
Perak,All Districts,secondary,female,2019-01-01,79185
Perak,All Districts,secondary,female,2020-01-01,77945
Perak,All Districts,secondary,female,2021-01-01,78245
Perak,All Districts,secondary,female,2022-01-01,78952
Perak,All Districts,secondary,female,2023-06-30,78092
Perak,All Districts,secondary,female,2024-06-30,79166
Perak,All Districts,secondary,female,2025-06-30,79963
Perak,All Districts,secondary,male,2017-01-01,90662
Perak,All Districts,secondary,male,2018-01-01,81205
Perak,All Districts,secondary,male,2019-01-01,79209
Perak,All Districts,secondary,male,2020-01-01,78969
Perak,All Districts,secondary,male,2021-01-01,80497
Perak,All Districts,secondary,male,2022-01-01,81435
Perak,All Districts,secondary,male,2023-06-30,80228
Perak,All Districts,secondary,male,2024-06-30,82359
Perak,All Districts,secondary,male,2025-06-30,83299
Perak,All Districts,post_secondary,both,2018-01-01,12737
Perak,All Districts,post_secondary,both,2019-01-01,11948
Perak,All Districts,post_secondary,both,2020-01-01,6542
Perak,All Districts,post_secondary,both,2021-01-01,5741
Perak,All Districts,post_secondary,both,2022-01-01,6376
Perak,All Districts,post_secondary,both,2023-06-30,6592
Perak,All Districts,post_secondary,both,2024-06-30,6063
Perak,All Districts,post_secondary,both,2025-06-30,9887
Perak,All Districts,post_secondary,female,2018-01-01,7393
Perak,All Districts,post_secondary,female,2019-01-01,6874
Perak,All Districts,post_secondary,female,2020-01-01,3603
Perak,All Districts,post_secondary,female,2021-01-01,3424
Perak,All Districts,post_secondary,female,2022-01-01,3483
Perak,All Districts,post_secondary,female,2023-06-30,3376
Perak,All Districts,post_secondary,female,2024-06-30,3276
Perak,All Districts,post_secondary,female,2025-06-30,5585
Perak,All Districts,post_secondary,male,2018-01-01,5344
Perak,All Districts,post_secondary,male,2019-01-01,5074
Perak,All Districts,post_secondary,male,2020-01-01,2939
Perak,All Districts,post_secondary,male,2021-01-01,2317
Perak,All Districts,post_secondary,male,2022-01-01,2893
Perak,All Districts,post_secondary,male,2023-06-30,3216
Perak,All Districts,post_secondary,male,2024-06-30,2787
Perak,All Districts,post_secondary,male,2025-06-30,4302
Perak,Bagan Datuk,primary,both,2017-01-01,0
Perak,Bagan Datuk,primary,both,2018-01-01,5315
Perak,Bagan Datuk,primary,both,2019-01-01,5250
Perak,Bagan Datuk,primary,both,2020-01-01,5129
Perak,Bagan Datuk,primary,both,2021-01-01,5095
Perak,Bagan Datuk,primary,both,2022-01-01,5081
Perak,Bagan Datuk,primary,both,2023-06-30,4926
Perak,Bagan Datuk,primary,both,2024-06-30,4863
Perak,Bagan Datuk,primary,both,2025-06-30,4787
Perak,Bagan Datuk,primary,female,2017-01-01,0
Perak,Bagan Datuk,primary,female,2018-01-01,2572
Perak,Bagan Datuk,primary,female,2019-01-01,2548
Perak,Bagan Datuk,primary,female,2020-01-01,2488
Perak,Bagan Datuk,primary,female,2021-01-01,2484
Perak,Bagan Datuk,primary,female,2022-01-01,2455
Perak,Bagan Datuk,primary,female,2023-06-30,2364
Perak,Bagan Datuk,primary,female,2024-06-30,2334
Perak,Bagan Datuk,primary,female,2025-06-30,2319
Perak,Bagan Datuk,primary,male,2017-01-01,0
Perak,Bagan Datuk,primary,male,2018-01-01,2743
Perak,Bagan Datuk,primary,male,2019-01-01,2702
Perak,Bagan Datuk,primary,male,2020-01-01,2641
Perak,Bagan Datuk,primary,male,2021-01-01,2611
Perak,Bagan Datuk,primary,male,2022-01-01,2626
Perak,Bagan Datuk,primary,male,2023-06-30,2562
Perak,Bagan Datuk,primary,male,2024-06-30,2529
Perak,Bagan Datuk,primary,male,2025-06-30,2468
Perak,Bagan Datuk,secondary,both,2017-01-01,0
Perak,Bagan Datuk,secondary,both,2018-01-01,5316
Perak,Bagan Datuk,secondary,both,2019-01-01,5089
Perak,Bagan Datuk,secondary,both,2020-01-01,5023
Perak,Bagan Datuk,secondary,both,2021-01-01,5131
Perak,Bagan Datuk,secondary,both,2022-01-01,5144
Perak,Bagan Datuk,secondary,both,2023-06-30,5050
Perak,Bagan Datuk,secondary,both,2024-06-30,5024
Perak,Bagan Datuk,secondary,both,2025-06-30,4983
Perak,Bagan Datuk,secondary,female,2017-01-01,0
Perak,Bagan Datuk,secondary,female,2018-01-01,2548
Perak,Bagan Datuk,secondary,female,2019-01-01,2464
Perak,Bagan Datuk,secondary,female,2020-01-01,2437
Perak,Bagan Datuk,secondary,female,2021-01-01,2462
Perak,Bagan Datuk,secondary,female,2022-01-01,2466
Perak,Bagan Datuk,secondary,female,2023-06-30,2419
Perak,Bagan Datuk,secondary,female,2024-06-30,2418
Perak,Bagan Datuk,secondary,female,2025-06-30,2394
Perak,Bagan Datuk,secondary,male,2017-01-01,0
Perak,Bagan Datuk,secondary,male,2018-01-01,2768
Perak,Bagan Datuk,secondary,male,2019-01-01,2625
Perak,Bagan Datuk,secondary,male,2020-01-01,2586
Perak,Bagan Datuk,secondary,male,2021-01-01,2669
Perak,Bagan Datuk,secondary,male,2022-01-01,2678
Perak,Bagan Datuk,secondary,male,2023-06-30,2631
Perak,Bagan Datuk,secondary,male,2024-06-30,2606
Perak,Bagan Datuk,secondary,male,2025-06-30,2589
Perak,Bagan Datuk,post_secondary,both,2018-01-01,178
Perak,Bagan Datuk,post_secondary,both,2019-01-01,204
Perak,Bagan Datuk,post_secondary,both,2020-01-01,118
Perak,Bagan Datuk,post_secondary,both,2021-01-01,113
Perak,Bagan Datuk,post_secondary,both,2022-01-01,79
Perak,Bagan Datuk,post_secondary,both,2023-06-30,100
Perak,Bagan Datuk,post_secondary,both,2024-06-30,95
Perak,Bagan Datuk,post_secondary,both,2025-06-30,145
Perak,Bagan Datuk,post_secondary,female,2018-01-01,120
Perak,Bagan Datuk,post_secondary,female,2019-01-01,134
Perak,Bagan Datuk,post_secondary,female,2020-01-01,75
Perak,Bagan Datuk,post_secondary,female,2021-01-01,81
Perak,Bagan Datuk,post_secondary,female,2022-01-01,47
Perak,Bagan Datuk,post_secondary,female,2023-06-30,69
Perak,Bagan Datuk,post_secondary,female,2024-06-30,57
Perak,Bagan Datuk,post_secondary,female,2025-06-30,101
Perak,Bagan Datuk,post_secondary,male,2018-01-01,58
Perak,Bagan Datuk,post_secondary,male,2019-01-01,70
Perak,Bagan Datuk,post_secondary,male,2020-01-01,43
Perak,Bagan Datuk,post_secondary,male,2021-01-01,32
Perak,Bagan Datuk,post_secondary,male,2022-01-01,32
Perak,Bagan Datuk,post_secondary,male,2023-06-30,31
Perak,Bagan Datuk,post_secondary,male,2024-06-30,38
Perak,Bagan Datuk,post_secondary,male,2025-06-30,44
Perak,Batang Padang,primary,both,2017-01-01,16391
Perak,Batang Padang,primary,both,2018-01-01,10591
Perak,Batang Padang,primary,both,2019-01-01,10748
Perak,Batang Padang,primary,both,2020-01-01,10796
Perak,Batang Padang,primary,both,2021-01-01,10848
Perak,Batang Padang,primary,both,2022-01-01,10774
Perak,Batang Padang,primary,both,2023-06-30,10574
Perak,Batang Padang,primary,both,2024-06-30,10444
Perak,Batang Padang,primary,both,2025-06-30,10401
Perak,Batang Padang,primary,female,2017-01-01,8050
Perak,Batang Padang,primary,female,2018-01-01,5167
Perak,Batang Padang,primary,female,2019-01-01,5227
Perak,Batang Padang,primary,female,2020-01-01,5219
Perak,Batang Padang,primary,female,2021-01-01,5271
Perak,Batang Padang,primary,female,2022-01-01,5265
Perak,Batang Padang,primary,female,2023-06-30,5185
Perak,Batang Padang,primary,female,2024-06-30,5061
Perak,Batang Padang,primary,female,2025-06-30,5052
Perak,Batang Padang,primary,male,2017-01-01,8341
Perak,Batang Padang,primary,male,2018-01-01,5424
Perak,Batang Padang,primary,male,2019-01-01,5521
Perak,Batang Padang,primary,male,2020-01-01,5577
Perak,Batang Padang,primary,male,2021-01-01,5577
Perak,Batang Padang,primary,male,2022-01-01,5509
Perak,Batang Padang,primary,male,2023-06-30,5389
Perak,Batang Padang,primary,male,2024-06-30,5383
Perak,Batang Padang,primary,male,2025-06-30,5349
Perak,Batang Padang,secondary,both,2017-01-01,15149
Perak,Batang Padang,secondary,both,2018-01-01,8317
Perak,Batang Padang,secondary,both,2019-01-01,8060
Perak,Batang Padang,secondary,both,2020-01-01,7960
Perak,Batang Padang,secondary,both,2021-01-01,8289
Perak,Batang Padang,secondary,both,2022-01-01,8420
Perak,Batang Padang,secondary,both,2023-06-30,8330
Perak,Batang Padang,secondary,both,2024-06-30,8518
Perak,Batang Padang,secondary,both,2025-06-30,8606
Perak,Batang Padang,secondary,female,2017-01-01,7571
Perak,Batang Padang,secondary,female,2018-01-01,4240
Perak,Batang Padang,secondary,female,2019-01-01,4140
Perak,Batang Padang,secondary,female,2020-01-01,4100
Perak,Batang Padang,secondary,female,2021-01-01,4203
Perak,Batang Padang,secondary,female,2022-01-01,4191
Perak,Batang Padang,secondary,female,2023-06-30,4142
Perak,Batang Padang,secondary,female,2024-06-30,4273
Perak,Batang Padang,secondary,female,2025-06-30,4348
Perak,Batang Padang,secondary,male,2017-01-01,7578
Perak,Batang Padang,secondary,male,2018-01-01,4077
Perak,Batang Padang,secondary,male,2019-01-01,3920
Perak,Batang Padang,secondary,male,2020-01-01,3860
Perak,Batang Padang,secondary,male,2021-01-01,4086
Perak,Batang Padang,secondary,male,2022-01-01,4229
Perak,Batang Padang,secondary,male,2023-06-30,4188
Perak,Batang Padang,secondary,male,2024-06-30,4245
Perak,Batang Padang,secondary,male,2025-06-30,4258
Perak,Batang Padang,post_secondary,both,2018-01-01,404
Perak,Batang Padang,post_secondary,both,2019-01-01,413
Perak,Batang Padang,post_secondary,both,2020-01-01,205
Perak,Batang Padang,post_secondary,both,2021-01-01,167
Perak,Batang Padang,post_secondary,both,2022-01-01,182
Perak,Batang Padang,post_secondary,both,2023-06-30,144
Perak,Batang Padang,post_secondary,both,2024-06-30,176
Perak,Batang Padang,post_secondary,both,2025-06-30,349
Perak,Batang Padang,post_secondary,female,2018-01-01,286
Perak,Batang Padang,post_secondary,female,2019-01-01,281
Perak,Batang Padang,post_secondary,female,2020-01-01,145
Perak,Batang Padang,post_secondary,female,2021-01-01,117
Perak,Batang Padang,post_secondary,female,2022-01-01,129
Perak,Batang Padang,post_secondary,female,2023-06-30,104
Perak,Batang Padang,post_secondary,female,2024-06-30,128
Perak,Batang Padang,post_secondary,female,2025-06-30,224
Perak,Batang Padang,post_secondary,male,2018-01-01,118
Perak,Batang Padang,post_secondary,male,2019-01-01,132
Perak,Batang Padang,post_secondary,male,2020-01-01,60
Perak,Batang Padang,post_secondary,male,2021-01-01,50
Perak,Batang Padang,post_secondary,male,2022-01-01,53
Perak,Batang Padang,post_secondary,male,2023-06-30,40
Perak,Batang Padang,post_secondary,male,2024-06-30,48
Perak,Batang Padang,post_secondary,male,2025-06-30,125
Perak,Hilir Perak,primary,both,2017-01-01,16362
Perak,Hilir Perak,primary,both,2018-01-01,10958
Perak,Hilir Perak,primary,both,2019-01-01,11003
Perak,Hilir Perak,primary,both,2020-01-01,10869
Perak,Hilir Perak,primary,both,2021-01-01,10820
Perak,Hilir Perak,primary,both,2022-01-01,10865
Perak,Hilir Perak,primary,both,2023-06-30,10791
Perak,Hilir Perak,primary,both,2024-06-30,10631
Perak,Hilir Perak,primary,both,2025-06-30,10557
Perak,Hilir Perak,primary,female,2017-01-01,7979
Perak,Hilir Perak,primary,female,2018-01-01,5354
Perak,Hilir Perak,primary,female,2019-01-01,5354
Perak,Hilir Perak,primary,female,2020-01-01,5305
Perak,Hilir Perak,primary,female,2021-01-01,5245
Perak,Hilir Perak,primary,female,2022-01-01,5250
Perak,Hilir Perak,primary,female,2023-06-30,5245
Perak,Hilir Perak,primary,female,2024-06-30,5203
Perak,Hilir Perak,primary,female,2025-06-30,5153
Perak,Hilir Perak,primary,male,2017-01-01,8383
Perak,Hilir Perak,primary,male,2018-01-01,5604
Perak,Hilir Perak,primary,male,2019-01-01,5649
Perak,Hilir Perak,primary,male,2020-01-01,5564
Perak,Hilir Perak,primary,male,2021-01-01,5575
Perak,Hilir Perak,primary,male,2022-01-01,5615
Perak,Hilir Perak,primary,male,2023-06-30,5546
Perak,Hilir Perak,primary,male,2024-06-30,5428
Perak,Hilir Perak,primary,male,2025-06-30,5404
Perak,Hilir Perak,secondary,both,2017-01-01,16688
Perak,Hilir Perak,secondary,both,2018-01-01,9357
Perak,Hilir Perak,secondary,both,2019-01-01,8985
Perak,Hilir Perak,secondary,both,2020-01-01,8836
Perak,Hilir Perak,secondary,both,2021-01-01,8837
Perak,Hilir Perak,secondary,both,2022-01-01,8841
Perak,Hilir Perak,secondary,both,2023-06-30,8679
Perak,Hilir Perak,secondary,both,2024-06-30,8962
Perak,Hilir Perak,secondary,both,2025-06-30,9178
Perak,Hilir Perak,secondary,female,2017-01-01,8465
Perak,Hilir Perak,secondary,female,2018-01-01,4813
Perak,Hilir Perak,secondary,female,2019-01-01,4572
Perak,Hilir Perak,secondary,female,2020-01-01,4474
Perak,Hilir Perak,secondary,female,2021-01-01,4514
Perak,Hilir Perak,secondary,female,2022-01-01,4500
Perak,Hilir Perak,secondary,female,2023-06-30,4393
Perak,Hilir Perak,secondary,female,2024-06-30,4479
Perak,Hilir Perak,secondary,female,2025-06-30,4573
Perak,Hilir Perak,secondary,male,2017-01-01,8223
Perak,Hilir Perak,secondary,male,2018-01-01,4544
Perak,Hilir Perak,secondary,male,2019-01-01,4413
Perak,Hilir Perak,secondary,male,2020-01-01,4362
Perak,Hilir Perak,secondary,male,2021-01-01,4323
Perak,Hilir Perak,secondary,male,2022-01-01,4341
Perak,Hilir Perak,secondary,male,2023-06-30,4286
Perak,Hilir Perak,secondary,male,2024-06-30,4483
Perak,Hilir Perak,secondary,male,2025-06-30,4605
Perak,Hilir Perak,post_secondary,both,2018-01-01,905
Perak,Hilir Perak,post_secondary,both,2019-01-01,760
Perak,Hilir Perak,post_secondary,both,2020-01-01,438
Perak,Hilir Perak,post_secondary,both,2021-01-01,464
Perak,Hilir Perak,post_secondary,both,2022-01-01,454
Perak,Hilir Perak,post_secondary,both,2023-06-30,526
Perak,Hilir Perak,post_secondary,both,2024-06-30,507
Perak,Hilir Perak,post_secondary,both,2025-06-30,813
Perak,Hilir Perak,post_secondary,female,2018-01-01,522
Perak,Hilir Perak,post_secondary,female,2019-01-01,461
Perak,Hilir Perak,post_secondary,female,2020-01-01,254
Perak,Hilir Perak,post_secondary,female,2021-01-01,274
Perak,Hilir Perak,post_secondary,female,2022-01-01,258
Perak,Hilir Perak,post_secondary,female,2023-06-30,292
Perak,Hilir Perak,post_secondary,female,2024-06-30,306
Perak,Hilir Perak,post_secondary,female,2025-06-30,481
Perak,Hilir Perak,post_secondary,male,2018-01-01,383
Perak,Hilir Perak,post_secondary,male,2019-01-01,299
Perak,Hilir Perak,post_secondary,male,2020-01-01,184
Perak,Hilir Perak,post_secondary,male,2021-01-01,190
Perak,Hilir Perak,post_secondary,male,2022-01-01,196
Perak,Hilir Perak,post_secondary,male,2023-06-30,234
Perak,Hilir Perak,post_secondary,male,2024-06-30,201
Perak,Hilir Perak,post_secondary,male,2025-06-30,332
Perak,Hulu Perak,primary,both,2017-01-01,10396
Perak,Hulu Perak,primary,both,2018-01-01,10348
Perak,Hulu Perak,primary,both,2019-01-01,10471
Perak,Hulu Perak,primary,both,2020-01-01,10474
Perak,Hulu Perak,primary,both,2021-01-01,10469
Perak,Hulu Perak,primary,both,2022-01-01,10347
Perak,Hulu Perak,primary,both,2023-06-30,10202
Perak,Hulu Perak,primary,both,2024-06-30,10113
Perak,Hulu Perak,primary,both,2025-06-30,9844
Perak,Hulu Perak,primary,female,2017-01-01,5044
Perak,Hulu Perak,primary,female,2018-01-01,5012
Perak,Hulu Perak,primary,female,2019-01-01,5054
Perak,Hulu Perak,primary,female,2020-01-01,5046
Perak,Hulu Perak,primary,female,2021-01-01,5084
Perak,Hulu Perak,primary,female,2022-01-01,5091
Perak,Hulu Perak,primary,female,2023-06-30,5040
Perak,Hulu Perak,primary,female,2024-06-30,5012
Perak,Hulu Perak,primary,female,2025-06-30,4885
Perak,Hulu Perak,primary,male,2017-01-01,5352
Perak,Hulu Perak,primary,male,2018-01-01,5336
Perak,Hulu Perak,primary,male,2019-01-01,5417
Perak,Hulu Perak,primary,male,2020-01-01,5428
Perak,Hulu Perak,primary,male,2021-01-01,5385
Perak,Hulu Perak,primary,male,2022-01-01,5256
Perak,Hulu Perak,primary,male,2023-06-30,5162
Perak,Hulu Perak,primary,male,2024-06-30,5101
Perak,Hulu Perak,primary,male,2025-06-30,4959
Perak,Hulu Perak,secondary,both,2017-01-01,7412
Perak,Hulu Perak,secondary,both,2018-01-01,6441
Perak,Hulu Perak,secondary,both,2019-01-01,6247
Perak,Hulu Perak,secondary,both,2020-01-01,6306
Perak,Hulu Perak,secondary,both,2021-01-01,6625
Perak,Hulu Perak,secondary,both,2022-01-01,6774
Perak,Hulu Perak,secondary,both,2023-06-30,6791
Perak,Hulu Perak,secondary,both,2024-06-30,7138
Perak,Hulu Perak,secondary,both,2025-06-30,7451
Perak,Hulu Perak,secondary,female,2017-01-01,3954
Perak,Hulu Perak,secondary,female,2018-01-01,3324
Perak,Hulu Perak,secondary,female,2019-01-01,3179
Perak,Hulu Perak,secondary,female,2020-01-01,3237
Perak,Hulu Perak,secondary,female,2021-01-01,3364
Perak,Hulu Perak,secondary,female,2022-01-01,3369
Perak,Hulu Perak,secondary,female,2023-06-30,3455
Perak,Hulu Perak,secondary,female,2024-06-30,3622
Perak,Hulu Perak,secondary,female,2025-06-30,3733
Perak,Hulu Perak,secondary,male,2017-01-01,3458
Perak,Hulu Perak,secondary,male,2018-01-01,3117
Perak,Hulu Perak,secondary,male,2019-01-01,3068
Perak,Hulu Perak,secondary,male,2020-01-01,3069
Perak,Hulu Perak,secondary,male,2021-01-01,3261
Perak,Hulu Perak,secondary,male,2022-01-01,3405
Perak,Hulu Perak,secondary,male,2023-06-30,3336
Perak,Hulu Perak,secondary,male,2024-06-30,3516
Perak,Hulu Perak,secondary,male,2025-06-30,3718
Perak,Hulu Perak,post_secondary,both,2018-01-01,698
Perak,Hulu Perak,post_secondary,both,2019-01-01,590
Perak,Hulu Perak,post_secondary,both,2020-01-01,298
Perak,Hulu Perak,post_secondary,both,2021-01-01,271
Perak,Hulu Perak,post_secondary,both,2022-01-01,372
Perak,Hulu Perak,post_secondary,both,2023-06-30,382
Perak,Hulu Perak,post_secondary,both,2024-06-30,327
Perak,Hulu Perak,post_secondary,both,2025-06-30,466
Perak,Hulu Perak,post_secondary,female,2018-01-01,440
Perak,Hulu Perak,post_secondary,female,2019-01-01,384
Perak,Hulu Perak,post_secondary,female,2020-01-01,187
Perak,Hulu Perak,post_secondary,female,2021-01-01,191
Perak,Hulu Perak,post_secondary,female,2022-01-01,239
Perak,Hulu Perak,post_secondary,female,2023-06-30,217
Perak,Hulu Perak,post_secondary,female,2024-06-30,193
Perak,Hulu Perak,post_secondary,female,2025-06-30,262
Perak,Hulu Perak,post_secondary,male,2018-01-01,258
Perak,Hulu Perak,post_secondary,male,2019-01-01,206
Perak,Hulu Perak,post_secondary,male,2020-01-01,111
Perak,Hulu Perak,post_secondary,male,2021-01-01,80
Perak,Hulu Perak,post_secondary,male,2022-01-01,133
Perak,Hulu Perak,post_secondary,male,2023-06-30,165
Perak,Hulu Perak,post_secondary,male,2024-06-30,134
Perak,Hulu Perak,post_secondary,male,2025-06-30,204
Perak,Kampar,primary,both,2018-01-01,7398
Perak,Kampar,primary,both,2019-01-01,7374
Perak,Kampar,primary,both,2020-01-01,7225
Perak,Kampar,primary,both,2021-01-01,7187
Perak,Kampar,primary,both,2022-01-01,7117
Perak,Kampar,primary,female,2018-01-01,3565
Perak,Kampar,primary,female,2019-01-01,3580
Perak,Kampar,primary,female,2020-01-01,3510
Perak,Kampar,primary,female,2021-01-01,3482
Perak,Kampar,primary,female,2022-01-01,3453
Perak,Kampar,primary,male,2018-01-01,3833
Perak,Kampar,primary,male,2019-01-01,3794
Perak,Kampar,primary,male,2020-01-01,3715
Perak,Kampar,primary,male,2021-01-01,3705
Perak,Kampar,primary,male,2022-01-01,3664
Perak,Kampar,secondary,both,2018-01-01,6078
Perak,Kampar,secondary,both,2019-01-01,5947
Perak,Kampar,secondary,both,2020-01-01,5945
Perak,Kampar,secondary,both,2021-01-01,5980
Perak,Kampar,secondary,both,2022-01-01,6063
Perak,Kampar,secondary,female,2018-01-01,2995
Perak,Kampar,secondary,female,2019-01-01,2936
Perak,Kampar,secondary,female,2020-01-01,2937
Perak,Kampar,secondary,female,2021-01-01,2918
Perak,Kampar,secondary,female,2022-01-01,2986
Perak,Kampar,secondary,male,2018-01-01,3083
Perak,Kampar,secondary,male,2019-01-01,3011
Perak,Kampar,secondary,male,2020-01-01,3008
Perak,Kampar,secondary,male,2021-01-01,3062
Perak,Kampar,secondary,male,2022-01-01,3077
Perak,Kampar,post_secondary,both,2018-01-01,322
Perak,Kampar,post_secondary,both,2019-01-01,324
Perak,Kampar,post_secondary,both,2020-01-01,145
Perak,Kampar,post_secondary,both,2021-01-01,140
Perak,Kampar,post_secondary,both,2022-01-01,160
Perak,Kampar,post_secondary,female,2018-01-01,212
Perak,Kampar,post_secondary,female,2019-01-01,213
Perak,Kampar,post_secondary,female,2020-01-01,89
Perak,Kampar,post_secondary,female,2021-01-01,94
Perak,Kampar,post_secondary,female,2022-01-01,103
Perak,Kampar,post_secondary,male,2018-01-01,110
Perak,Kampar,post_secondary,male,2019-01-01,111
Perak,Kampar,post_secondary,male,2020-01-01,56
Perak,Kampar,post_secondary,male,2021-01-01,46
Perak,Kampar,post_secondary,male,2022-01-01,57
Perak,Kerian,primary,both,2017-01-01,15695
Perak,Kerian,primary,both,2018-01-01,15367
Perak,Kerian,primary,both,2019-01-01,15187
Perak,Kerian,primary,both,2020-01-01,15087
Perak,Kerian,primary,both,2021-01-01,15033
Perak,Kerian,primary,both,2022-01-01,14914
Perak,Kerian,primary,both,2023-06-30,15004
Perak,Kerian,primary,both,2024-06-30,14928
Perak,Kerian,primary,both,2025-06-30,14772
Perak,Kerian,primary,female,2017-01-01,7658
Perak,Kerian,primary,female,2018-01-01,7443
Perak,Kerian,primary,female,2019-01-01,7340
Perak,Kerian,primary,female,2020-01-01,7336
Perak,Kerian,primary,female,2021-01-01,7305
Perak,Kerian,primary,female,2022-01-01,7150
Perak,Kerian,primary,female,2023-06-30,7247
Perak,Kerian,primary,female,2024-06-30,7184
Perak,Kerian,primary,female,2025-06-30,7114
Perak,Kerian,primary,male,2017-01-01,8037
Perak,Kerian,primary,male,2018-01-01,7924
Perak,Kerian,primary,male,2019-01-01,7847
Perak,Kerian,primary,male,2020-01-01,7751
Perak,Kerian,primary,male,2021-01-01,7728
Perak,Kerian,primary,male,2022-01-01,7764
Perak,Kerian,primary,male,2023-06-30,7757
Perak,Kerian,primary,male,2024-06-30,7744
Perak,Kerian,primary,male,2025-06-30,7658
Perak,Kerian,secondary,both,2017-01-01,16157
Perak,Kerian,secondary,both,2018-01-01,14428
Perak,Kerian,secondary,both,2019-01-01,14021
Perak,Kerian,secondary,both,2020-01-01,13717
Perak,Kerian,secondary,both,2021-01-01,13700
Perak,Kerian,secondary,both,2022-01-01,13576
Perak,Kerian,secondary,both,2023-06-30,13098
Perak,Kerian,secondary,both,2024-06-30,13075
Perak,Kerian,secondary,both,2025-06-30,13207
Perak,Kerian,secondary,female,2017-01-01,8265
Perak,Kerian,secondary,female,2018-01-01,7318
Perak,Kerian,secondary,female,2019-01-01,7042
Perak,Kerian,secondary,female,2020-01-01,6796
Perak,Kerian,secondary,female,2021-01-01,6729
Perak,Kerian,secondary,female,2022-01-01,6700
Perak,Kerian,secondary,female,2023-06-30,6480
Perak,Kerian,secondary,female,2024-06-30,6453
Perak,Kerian,secondary,female,2025-06-30,6510
Perak,Kerian,secondary,male,2017-01-01,7892
Perak,Kerian,secondary,male,2018-01-01,7110
Perak,Kerian,secondary,male,2019-01-01,6979
Perak,Kerian,secondary,male,2020-01-01,6921
Perak,Kerian,secondary,male,2021-01-01,6971
Perak,Kerian,secondary,male,2022-01-01,6876
Perak,Kerian,secondary,male,2023-06-30,6618
Perak,Kerian,secondary,male,2024-06-30,6622
Perak,Kerian,secondary,male,2025-06-30,6697
Perak,Kerian,post_secondary,both,2018-01-01,1097
Perak,Kerian,post_secondary,both,2019-01-01,1068
Perak,Kerian,post_secondary,both,2020-01-01,640
Perak,Kerian,post_secondary,both,2021-01-01,479
Perak,Kerian,post_secondary,both,2022-01-01,527
Perak,Kerian,post_secondary,both,2023-06-30,542
Perak,Kerian,post_secondary,both,2024-06-30,496
Perak,Kerian,post_secondary,both,2025-06-30,749
Perak,Kerian,post_secondary,female,2018-01-01,695
Perak,Kerian,post_secondary,female,2019-01-01,660
Perak,Kerian,post_secondary,female,2020-01-01,387
Perak,Kerian,post_secondary,female,2021-01-01,303
Perak,Kerian,post_secondary,female,2022-01-01,287
Perak,Kerian,post_secondary,female,2023-06-30,289
Perak,Kerian,post_secondary,female,2024-06-30,277
Perak,Kerian,post_secondary,female,2025-06-30,451
Perak,Kerian,post_secondary,male,2018-01-01,402
Perak,Kerian,post_secondary,male,2019-01-01,408
Perak,Kerian,post_secondary,male,2020-01-01,253
Perak,Kerian,post_secondary,male,2021-01-01,176
Perak,Kerian,post_secondary,male,2022-01-01,240
Perak,Kerian,post_secondary,male,2023-06-30,253
Perak,Kerian,post_secondary,male,2024-06-30,219
Perak,Kerian,post_secondary,male,2025-06-30,298
Perak,Kinta,primary,both,2017-01-01,69018
Perak,Kinta,primary,both,2018-01-01,61539
Perak,Kinta,primary,both,2019-01-01,61763
Perak,Kinta,primary,both,2020-01-01,61200
Perak,Kinta,primary,both,2021-01-01,61256
Perak,Kinta,primary,both,2022-01-01,61324
Perak,Kinta,primary,female,2017-01-01,33663
Perak,Kinta,primary,female,2018-01-01,29956
Perak,Kinta,primary,female,2019-01-01,30129
Perak,Kinta,primary,female,2020-01-01,29674
Perak,Kinta,primary,female,2021-01-01,29732
Perak,Kinta,primary,female,2022-01-01,29719
Perak,Kinta,primary,male,2017-01-01,35355
Perak,Kinta,primary,male,2018-01-01,31583
Perak,Kinta,primary,male,2019-01-01,31634
Perak,Kinta,primary,male,2020-01-01,31526
Perak,Kinta,primary,male,2021-01-01,31524
Perak,Kinta,primary,male,2022-01-01,31605
Perak,Kinta,secondary,both,2017-01-01,61213
Perak,Kinta,secondary,both,2018-01-01,48609
Perak,Kinta,secondary,both,2019-01-01,47786
Perak,Kinta,secondary,both,2020-01-01,47282
Perak,Kinta,secondary,both,2021-01-01,47398
Perak,Kinta,secondary,both,2022-01-01,48299
Perak,Kinta,secondary,female,2017-01-01,30884
Perak,Kinta,secondary,female,2018-01-01,24211
Perak,Kinta,secondary,female,2019-01-01,23631
Perak,Kinta,secondary,female,2020-01-01,23218
Perak,Kinta,secondary,female,2021-01-01,23206
Perak,Kinta,secondary,female,2022-01-01,23730
Perak,Kinta,secondary,male,2017-01-01,30329
Perak,Kinta,secondary,male,2018-01-01,24398
Perak,Kinta,secondary,male,2019-01-01,24155
Perak,Kinta,secondary,male,2020-01-01,24064
Perak,Kinta,secondary,male,2021-01-01,24192
Perak,Kinta,secondary,male,2022-01-01,24569
Perak,Kinta,post_secondary,both,2018-01-01,3453
Perak,Kinta,post_secondary,both,2019-01-01,3172
Perak,Kinta,post_secondary,both,2020-01-01,1505
Perak,Kinta,post_secondary,both,2021-01-01,1371
Perak,Kinta,post_secondary,both,2022-01-01,1506
Perak,Kinta,post_secondary,female,2018-01-01,2002
Perak,Kinta,post_secondary,female,2019-01-01,1790
Perak,Kinta,post_secondary,female,2020-01-01,832
Perak,Kinta,post_secondary,female,2021-01-01,846
Perak,Kinta,post_secondary,female,2022-01-01,843
Perak,Kinta,post_secondary,male,2018-01-01,1451
Perak,Kinta,post_secondary,male,2019-01-01,1382
Perak,Kinta,post_secondary,male,2020-01-01,673
Perak,Kinta,post_secondary,male,2021-01-01,525
Perak,Kinta,post_secondary,male,2022-01-01,663
Perak,Kuala Kangsar,primary,both,2017-01-01,14680
Perak,Kuala Kangsar,primary,both,2018-01-01,14747
Perak,Kuala Kangsar,primary,both,2019-01-01,14873
Perak,Kuala Kangsar,primary,both,2020-01-01,14779
Perak,Kuala Kangsar,primary,both,2021-01-01,14827
Perak,Kuala Kangsar,primary,both,2022-01-01,14763
Perak,Kuala Kangsar,primary,both,2023-06-30,14647
Perak,Kuala Kangsar,primary,both,2024-06-30,14366
Perak,Kuala Kangsar,primary,both,2025-06-30,14034
Perak,Kuala Kangsar,primary,female,2017-01-01,7186
Perak,Kuala Kangsar,primary,female,2018-01-01,7169
Perak,Kuala Kangsar,primary,female,2019-01-01,7258
Perak,Kuala Kangsar,primary,female,2020-01-01,7171
Perak,Kuala Kangsar,primary,female,2021-01-01,7146
Perak,Kuala Kangsar,primary,female,2022-01-01,7149
Perak,Kuala Kangsar,primary,female,2023-06-30,7047
Perak,Kuala Kangsar,primary,female,2024-06-30,6952
Perak,Kuala Kangsar,primary,female,2025-06-30,6776
Perak,Kuala Kangsar,primary,male,2017-01-01,7494
Perak,Kuala Kangsar,primary,male,2018-01-01,7578
Perak,Kuala Kangsar,primary,male,2019-01-01,7615
Perak,Kuala Kangsar,primary,male,2020-01-01,7608
Perak,Kuala Kangsar,primary,male,2021-01-01,7681
Perak,Kuala Kangsar,primary,male,2022-01-01,7614
Perak,Kuala Kangsar,primary,male,2023-06-30,7600
Perak,Kuala Kangsar,primary,male,2024-06-30,7414
Perak,Kuala Kangsar,primary,male,2025-06-30,7258
Perak,Kuala Kangsar,secondary,both,2017-01-01,15306
Perak,Kuala Kangsar,secondary,both,2018-01-01,13335
Perak,Kuala Kangsar,secondary,both,2019-01-01,12872
Perak,Kuala Kangsar,secondary,both,2020-01-01,12865
Perak,Kuala Kangsar,secondary,both,2021-01-01,12986
Perak,Kuala Kangsar,secondary,both,2022-01-01,12982
Perak,Kuala Kangsar,secondary,both,2023-06-30,12978
Perak,Kuala Kangsar,secondary,both,2024-06-30,13124
Perak,Kuala Kangsar,secondary,both,2025-06-30,13136
Perak,Kuala Kangsar,secondary,female,2017-01-01,7631
Perak,Kuala Kangsar,secondary,female,2018-01-01,6559
Perak,Kuala Kangsar,secondary,female,2019-01-01,6349
Perak,Kuala Kangsar,secondary,female,2020-01-01,6209
Perak,Kuala Kangsar,secondary,female,2021-01-01,6237
Perak,Kuala Kangsar,secondary,female,2022-01-01,6236
Perak,Kuala Kangsar,secondary,female,2023-06-30,6238
Perak,Kuala Kangsar,secondary,female,2024-06-30,6381
Perak,Kuala Kangsar,secondary,female,2025-06-30,6425
Perak,Kuala Kangsar,secondary,male,2017-01-01,7675
Perak,Kuala Kangsar,secondary,male,2018-01-01,6776
Perak,Kuala Kangsar,secondary,male,2019-01-01,6523
Perak,Kuala Kangsar,secondary,male,2020-01-01,6656
Perak,Kuala Kangsar,secondary,male,2021-01-01,6749
Perak,Kuala Kangsar,secondary,male,2022-01-01,6746
Perak,Kuala Kangsar,secondary,male,2023-06-30,6740
Perak,Kuala Kangsar,secondary,male,2024-06-30,6743
Perak,Kuala Kangsar,secondary,male,2025-06-30,6711
Perak,Kuala Kangsar,post_secondary,both,2018-01-01,1109
Perak,Kuala Kangsar,post_secondary,both,2019-01-01,1073
Perak,Kuala Kangsar,post_secondary,both,2020-01-01,700
Perak,Kuala Kangsar,post_secondary,both,2021-01-01,641
Perak,Kuala Kangsar,post_secondary,both,2022-01-01,703
Perak,Kuala Kangsar,post_secondary,both,2023-06-30,712
Perak,Kuala Kangsar,post_secondary,both,2024-06-30,644
Perak,Kuala Kangsar,post_secondary,both,2025-06-30,957
Perak,Kuala Kangsar,post_secondary,female,2018-01-01,662
Perak,Kuala Kangsar,post_secondary,female,2019-01-01,628
Perak,Kuala Kangsar,post_secondary,female,2020-01-01,447
Perak,Kuala Kangsar,post_secondary,female,2021-01-01,430
Perak,Kuala Kangsar,post_secondary,female,2022-01-01,441
Perak,Kuala Kangsar,post_secondary,female,2023-06-30,396
Perak,Kuala Kangsar,post_secondary,female,2024-06-30,396
Perak,Kuala Kangsar,post_secondary,female,2025-06-30,613
Perak,Kuala Kangsar,post_secondary,male,2018-01-01,447
Perak,Kuala Kangsar,post_secondary,male,2019-01-01,445
Perak,Kuala Kangsar,post_secondary,male,2020-01-01,253
Perak,Kuala Kangsar,post_secondary,male,2021-01-01,211
Perak,Kuala Kangsar,post_secondary,male,2022-01-01,262
Perak,Kuala Kangsar,post_secondary,male,2023-06-30,316
Perak,Kuala Kangsar,post_secondary,male,2024-06-30,248
Perak,Kuala Kangsar,post_secondary,male,2025-06-30,344
Perak,Larut Matang & Selama,primary,both,2018-01-01,25822
Perak,Larut Matang & Selama,primary,both,2019-01-01,25944
Perak,Larut Matang & Selama,primary,both,2020-01-01,25734
Perak,Larut Matang & Selama,primary,both,2021-01-01,25735
Perak,Larut Matang & Selama,primary,both,2022-01-01,25644
Perak,Larut Matang & Selama,primary,female,2018-01-01,12542
Perak,Larut Matang & Selama,primary,female,2019-01-01,12603
Perak,Larut Matang & Selama,primary,female,2020-01-01,12534
Perak,Larut Matang & Selama,primary,female,2021-01-01,12543
Perak,Larut Matang & Selama,primary,female,2022-01-01,12494
Perak,Larut Matang & Selama,primary,male,2018-01-01,13280
Perak,Larut Matang & Selama,primary,male,2019-01-01,13341
Perak,Larut Matang & Selama,primary,male,2020-01-01,13200
Perak,Larut Matang & Selama,primary,male,2021-01-01,13192
Perak,Larut Matang & Selama,primary,male,2022-01-01,13150
Perak,Larut Matang & Selama,secondary,both,2018-01-01,21767
Perak,Larut Matang & Selama,secondary,both,2019-01-01,20859
Perak,Larut Matang & Selama,secondary,both,2020-01-01,20399
Perak,Larut Matang & Selama,secondary,both,2021-01-01,20505
Perak,Larut Matang & Selama,secondary,both,2022-01-01,20448
Perak,Larut Matang & Selama,secondary,female,2018-01-01,11056
Perak,Larut Matang & Selama,secondary,female,2019-01-01,10479
Perak,Larut Matang & Selama,secondary,female,2020-01-01,10196
Perak,Larut Matang & Selama,secondary,female,2021-01-01,10210
Perak,Larut Matang & Selama,secondary,female,2022-01-01,10114
Perak,Larut Matang & Selama,secondary,male,2018-01-01,10711
Perak,Larut Matang & Selama,secondary,male,2019-01-01,10380
Perak,Larut Matang & Selama,secondary,male,2020-01-01,10203
Perak,Larut Matang & Selama,secondary,male,2021-01-01,10295
Perak,Larut Matang & Selama,secondary,male,2022-01-01,10334
Perak,Larut Matang & Selama,post_secondary,both,2018-01-01,1985
Perak,Larut Matang & Selama,post_secondary,both,2019-01-01,1847
Perak,Larut Matang & Selama,post_secondary,both,2020-01-01,985
Perak,Larut Matang & Selama,post_secondary,both,2021-01-01,849
Perak,Larut Matang & Selama,post_secondary,both,2022-01-01,876
Perak,Larut Matang & Selama,post_secondary,female,2018-01-01,1171
Perak,Larut Matang & Selama,post_secondary,female,2019-01-01,1138
Perak,Larut Matang & Selama,post_secondary,female,2020-01-01,575
Perak,Larut Matang & Selama,post_secondary,female,2021-01-01,482
Perak,Larut Matang & Selama,post_secondary,female,2022-01-01,477
Perak,Larut Matang & Selama,post_secondary,male,2018-01-01,814
Perak,Larut Matang & Selama,post_secondary,male,2019-01-01,709
Perak,Larut Matang & Selama,post_secondary,male,2020-01-01,410
Perak,Larut Matang & Selama,post_secondary,male,2021-01-01,367
Perak,Larut Matang & Selama,post_secondary,male,2022-01-01,399
Perak,Larut dan Matang,primary,both,2017-01-01,26199
Perak,Larut dan Matang,primary,female,2017-01-01,12717
Perak,Larut dan Matang,primary,male,2017-01-01,13482
Perak,Larut dan Matang,secondary,both,2017-01-01,25094
Perak,Larut dan Matang,secondary,female,2017-01-01,12829
Perak,Larut dan Matang,secondary,male,2017-01-01,12265
Perak,Manjung (Dinding),primary,both,2017-01-01,23144
Perak,Manjung (Dinding),primary,both,2018-01-01,23134
Perak,Manjung (Dinding),primary,both,2019-01-01,23350
Perak,Manjung (Dinding),primary,both,2020-01-01,23327
Perak,Manjung (Dinding),primary,both,2021-01-01,23429
Perak,Manjung (Dinding),primary,both,2022-01-01,23164
Perak,Manjung (Dinding),primary,female,2017-01-01,11344
Perak,Manjung (Dinding),primary,female,2018-01-01,11273
Perak,Manjung (Dinding),primary,female,2019-01-01,11304
Perak,Manjung (Dinding),primary,female,2020-01-01,11334
Perak,Manjung (Dinding),primary,female,2021-01-01,11373
Perak,Manjung (Dinding),primary,female,2022-01-01,11248
Perak,Manjung (Dinding),primary,male,2017-01-01,11800
Perak,Manjung (Dinding),primary,male,2018-01-01,11861
Perak,Manjung (Dinding),primary,male,2019-01-01,12046
Perak,Manjung (Dinding),primary,male,2020-01-01,11993
Perak,Manjung (Dinding),primary,male,2021-01-01,12056
Perak,Manjung (Dinding),primary,male,2022-01-01,11916
Perak,Manjung (Dinding),secondary,both,2017-01-01,17887
Perak,Manjung (Dinding),secondary,both,2018-01-01,16293
Perak,Manjung (Dinding),secondary,both,2019-01-01,16044
Perak,Manjung (Dinding),secondary,both,2020-01-01,16041
Perak,Manjung (Dinding),secondary,both,2021-01-01,16249
Perak,Manjung (Dinding),secondary,both,2022-01-01,16206
Perak,Manjung (Dinding),secondary,female,2017-01-01,9068
Perak,Manjung (Dinding),secondary,female,2018-01-01,8225
Perak,Manjung (Dinding),secondary,female,2019-01-01,8078
Perak,Manjung (Dinding),secondary,female,2020-01-01,8065
Perak,Manjung (Dinding),secondary,female,2021-01-01,8036
Perak,Manjung (Dinding),secondary,female,2022-01-01,7980
Perak,Manjung (Dinding),secondary,male,2017-01-01,8819
Perak,Manjung (Dinding),secondary,male,2018-01-01,8068
Perak,Manjung (Dinding),secondary,male,2019-01-01,7966
Perak,Manjung (Dinding),secondary,male,2020-01-01,7976
Perak,Manjung (Dinding),secondary,male,2021-01-01,8213
Perak,Manjung (Dinding),secondary,male,2022-01-01,8226
Perak,Manjung (Dinding),post_secondary,both,2018-01-01,932
Perak,Manjung (Dinding),post_secondary,both,2019-01-01,921
Perak,Manjung (Dinding),post_secondary,both,2020-01-01,452
Perak,Manjung (Dinding),post_secondary,both,2021-01-01,445
Perak,Manjung (Dinding),post_secondary,both,2022-01-01,489
Perak,Manjung (Dinding),post_secondary,female,2018-01-01,512
Perak,Manjung (Dinding),post_secondary,female,2019-01-01,504
Perak,Manjung (Dinding),post_secondary,female,2020-01-01,222
Perak,Manjung (Dinding),post_secondary,female,2021-01-01,237
Perak,Manjung (Dinding),post_secondary,female,2022-01-01,224
Perak,Manjung (Dinding),post_secondary,male,2018-01-01,420
Perak,Manjung (Dinding),post_secondary,male,2019-01-01,417
Perak,Manjung (Dinding),post_secondary,male,2020-01-01,230
Perak,Manjung (Dinding),post_secondary,male,2021-01-01,208
Perak,Manjung (Dinding),post_secondary,male,2022-01-01,265
Perak,Muallim,primary,both,2018-01-01,6100
Perak,Muallim,primary,both,2019-01-01,6385
Perak,Muallim,primary,both,2020-01-01,6664
Perak,Muallim,primary,both,2021-01-01,6853
Perak,Muallim,primary,both,2022-01-01,7004
Perak,Muallim,primary,both,2023-06-30,7036
Perak,Muallim,primary,both,2024-06-30,6997
Perak,Muallim,primary,both,2025-06-30,6977
Perak,Muallim,primary,female,2018-01-01,3015
Perak,Muallim,primary,female,2019-01-01,3154
Perak,Muallim,primary,female,2020-01-01,3276
Perak,Muallim,primary,female,2021-01-01,3384
Perak,Muallim,primary,female,2022-01-01,3453
Perak,Muallim,primary,female,2023-06-30,3466
Perak,Muallim,primary,female,2024-06-30,3427
Perak,Muallim,primary,female,2025-06-30,3400
Perak,Muallim,primary,male,2018-01-01,3085
Perak,Muallim,primary,male,2019-01-01,3231
Perak,Muallim,primary,male,2020-01-01,3388
Perak,Muallim,primary,male,2021-01-01,3469
Perak,Muallim,primary,male,2022-01-01,3551
Perak,Muallim,primary,male,2023-06-30,3570
Perak,Muallim,primary,male,2024-06-30,3570
Perak,Muallim,primary,male,2025-06-30,3577
Perak,Muallim,secondary,both,2018-01-01,5215
Perak,Muallim,secondary,both,2019-01-01,5047
Perak,Muallim,secondary,both,2020-01-01,5173
Perak,Muallim,secondary,both,2021-01-01,5477
Perak,Muallim,secondary,both,2022-01-01,5568
Perak,Muallim,secondary,both,2023-06-30,5751
Perak,Muallim,secondary,both,2024-06-30,6195
Perak,Muallim,secondary,both,2025-06-30,6419
Perak,Muallim,secondary,female,2018-01-01,2585
Perak,Muallim,secondary,female,2019-01-01,2550
Perak,Muallim,secondary,female,2020-01-01,2553
Perak,Muallim,secondary,female,2021-01-01,2645
Perak,Muallim,secondary,female,2022-01-01,2698
Perak,Muallim,secondary,female,2023-06-30,2785
Perak,Muallim,secondary,female,2024-06-30,2919
Perak,Muallim,secondary,female,2025-06-30,3034
Perak,Muallim,secondary,male,2018-01-01,2630
Perak,Muallim,secondary,male,2019-01-01,2497
Perak,Muallim,secondary,male,2020-01-01,2620
Perak,Muallim,secondary,male,2021-01-01,2832
Perak,Muallim,secondary,male,2022-01-01,2870
Perak,Muallim,secondary,male,2023-06-30,2966
Perak,Muallim,secondary,male,2024-06-30,3276
Perak,Muallim,secondary,male,2025-06-30,3385
Perak,Muallim,post_secondary,both,2018-01-01,688
Perak,Muallim,post_secondary,both,2019-01-01,674
Perak,Muallim,post_secondary,both,2020-01-01,484
Perak,Muallim,post_secondary,both,2021-01-01,373
Perak,Muallim,post_secondary,both,2022-01-01,504
Perak,Muallim,post_secondary,both,2023-06-30,530
Perak,Muallim,post_secondary,both,2024-06-30,467
Perak,Muallim,post_secondary,both,2025-06-30,635
Perak,Muallim,post_secondary,female,2018-01-01,280
Perak,Muallim,post_secondary,female,2019-01-01,258
Perak,Muallim,post_secondary,female,2020-01-01,168
Perak,Muallim,post_secondary,female,2021-01-01,171
Perak,Muallim,post_secondary,female,2022-01-01,219
Perak,Muallim,post_secondary,female,2023-06-30,164
Perak,Muallim,post_secondary,female,2024-06-30,157
Perak,Muallim,post_secondary,female,2025-06-30,251
Perak,Muallim,post_secondary,male,2018-01-01,408
Perak,Muallim,post_secondary,male,2019-01-01,416
Perak,Muallim,post_secondary,male,2020-01-01,316
Perak,Muallim,post_secondary,male,2021-01-01,202
Perak,Muallim,post_secondary,male,2022-01-01,285
Perak,Muallim,post_secondary,male,2023-06-30,366
Perak,Muallim,post_secondary,male,2024-06-30,310
Perak,Muallim,post_secondary,male,2025-06-30,384
Perak,Perak Tengah,primary,both,2017-01-01,9232
Perak,Perak Tengah,primary,both,2018-01-01,9310
Perak,Perak Tengah,primary,both,2019-01-01,9440
Perak,Perak Tengah,primary,both,2020-01-01,9330
Perak,Perak Tengah,primary,both,2021-01-01,9482
Perak,Perak Tengah,primary,both,2022-01-01,9546
Perak,Perak Tengah,primary,both,2023-06-30,9574
Perak,Perak Tengah,primary,both,2024-06-30,9509
Perak,Perak Tengah,primary,both,2025-06-30,9420
Perak,Perak Tengah,primary,female,2017-01-01,4569
Perak,Perak Tengah,primary,female,2018-01-01,4579
Perak,Perak Tengah,primary,female,2019-01-01,4639
Perak,Perak Tengah,primary,female,2020-01-01,4551
Perak,Perak Tengah,primary,female,2021-01-01,4614
Perak,Perak Tengah,primary,female,2022-01-01,4674
Perak,Perak Tengah,primary,female,2023-06-30,4652
Perak,Perak Tengah,primary,female,2024-06-30,4630
Perak,Perak Tengah,primary,female,2025-06-30,4538
Perak,Perak Tengah,primary,male,2017-01-01,4663
Perak,Perak Tengah,primary,male,2018-01-01,4731
Perak,Perak Tengah,primary,male,2019-01-01,4801
Perak,Perak Tengah,primary,male,2020-01-01,4779
Perak,Perak Tengah,primary,male,2021-01-01,4868
Perak,Perak Tengah,primary,male,2022-01-01,4872
Perak,Perak Tengah,primary,male,2023-06-30,4922
Perak,Perak Tengah,primary,male,2024-06-30,4879
Perak,Perak Tengah,primary,male,2025-06-30,4882
Perak,Perak Tengah,secondary,both,2017-01-01,8950
Perak,Perak Tengah,secondary,both,2018-01-01,7805
Perak,Perak Tengah,secondary,both,2019-01-01,7437
Perak,Perak Tengah,secondary,both,2020-01-01,7367
Perak,Perak Tengah,secondary,both,2021-01-01,7565
Perak,Perak Tengah,secondary,both,2022-01-01,8066
Perak,Perak Tengah,secondary,both,2023-06-30,8050
Perak,Perak Tengah,secondary,both,2024-06-30,8508
Perak,Perak Tengah,secondary,both,2025-06-30,8662
Perak,Perak Tengah,secondary,female,2017-01-01,4527
Perak,Perak Tengah,secondary,female,2018-01-01,3882
Perak,Perak Tengah,secondary,female,2019-01-01,3765
Perak,Perak Tengah,secondary,female,2020-01-01,3723
Perak,Perak Tengah,secondary,female,2021-01-01,3721
Perak,Perak Tengah,secondary,female,2022-01-01,3982
Perak,Perak Tengah,secondary,female,2023-06-30,3986
Perak,Perak Tengah,secondary,female,2024-06-30,4122
Perak,Perak Tengah,secondary,female,2025-06-30,4197
Perak,Perak Tengah,secondary,male,2017-01-01,4423
Perak,Perak Tengah,secondary,male,2018-01-01,3923
Perak,Perak Tengah,secondary,male,2019-01-01,3672
Perak,Perak Tengah,secondary,male,2020-01-01,3644
Perak,Perak Tengah,secondary,male,2021-01-01,3844
Perak,Perak Tengah,secondary,male,2022-01-01,4084
Perak,Perak Tengah,secondary,male,2023-06-30,4064
Perak,Perak Tengah,secondary,male,2024-06-30,4386
Perak,Perak Tengah,secondary,male,2025-06-30,4465
Perak,Perak Tengah,post_secondary,both,2018-01-01,966
Perak,Perak Tengah,post_secondary,both,2019-01-01,902
Perak,Perak Tengah,post_secondary,both,2020-01-01,572
Perak,Perak Tengah,post_secondary,both,2021-01-01,428
Perak,Perak Tengah,post_secondary,both,2022-01-01,524
Perak,Perak Tengah,post_secondary,both,2023-06-30,570
Perak,Perak Tengah,post_secondary,both,2024-06-30,582
Perak,Perak Tengah,post_secondary,both,2025-06-30,778
Perak,Perak Tengah,post_secondary,female,2018-01-01,491
Perak,Perak Tengah,post_secondary,female,2019-01-01,423
Perak,Perak Tengah,post_secondary,female,2020-01-01,222
Perak,Perak Tengah,post_secondary,female,2021-01-01,198
Perak,Perak Tengah,post_secondary,female,2022-01-01,216
Perak,Perak Tengah,post_secondary,female,2023-06-30,199
Perak,Perak Tengah,post_secondary,female,2024-06-30,245
Perak,Perak Tengah,post_secondary,female,2025-06-30,375
Perak,Perak Tengah,post_secondary,male,2018-01-01,475
Perak,Perak Tengah,post_secondary,male,2019-01-01,479
Perak,Perak Tengah,post_secondary,male,2020-01-01,350
Perak,Perak Tengah,post_secondary,male,2021-01-01,230
Perak,Perak Tengah,post_secondary,male,2022-01-01,308
Perak,Perak Tengah,post_secondary,male,2023-06-30,371
Perak,Perak Tengah,post_secondary,male,2024-06-30,337
Perak,Perak Tengah,post_secondary,male,2025-06-30,403
Perak,Kinta Selatan,primary,both,2023-06-30,14315
Perak,Kinta Selatan,primary,both,2024-06-30,14062
Perak,Kinta Selatan,primary,both,2025-06-30,13900
Perak,Kinta Selatan,primary,female,2023-06-30,6855
Perak,Kinta Selatan,primary,female,2024-06-30,6789
Perak,Kinta Selatan,primary,female,2025-06-30,6686
Perak,Kinta Selatan,primary,male,2023-06-30,7460
Perak,Kinta Selatan,primary,male,2024-06-30,7273
Perak,Kinta Selatan,primary,male,2025-06-30,7214
Perak,Kinta Selatan,secondary,both,2023-06-30,11095
Perak,Kinta Selatan,secondary,both,2024-06-30,11244
Perak,Kinta Selatan,secondary,both,2025-06-30,11343
Perak,Kinta Selatan,secondary,female,2023-06-30,5566
Perak,Kinta Selatan,secondary,female,2024-06-30,5557
Perak,Kinta Selatan,secondary,female,2025-06-30,5577
Perak,Kinta Selatan,secondary,male,2023-06-30,5529
Perak,Kinta Selatan,secondary,male,2024-06-30,5687
Perak,Kinta Selatan,secondary,male,2025-06-30,5766
Perak,Kinta Selatan,post_secondary,both,2023-06-30,277
Perak,Kinta Selatan,post_secondary,both,2024-06-30,236
Perak,Kinta Selatan,post_secondary,both,2025-06-30,505
Perak,Kinta Selatan,post_secondary,female,2023-06-30,191
Perak,Kinta Selatan,post_secondary,female,2024-06-30,152
Perak,Kinta Selatan,post_secondary,female,2025-06-30,343
Perak,Kinta Selatan,post_secondary,male,2023-06-30,86
Perak,Kinta Selatan,post_secondary,male,2024-06-30,84
Perak,Kinta Selatan,post_secondary,male,2025-06-30,162
Perak,Kinta Utara,primary,both,2023-06-30,53485
Perak,Kinta Utara,primary,both,2024-06-30,52458
Perak,Kinta Utara,primary,both,2025-06-30,51374
Perak,Kinta Utara,primary,female,2023-06-30,25959
Perak,Kinta Utara,primary,female,2024-06-30,25632
Perak,Kinta Utara,primary,female,2025-06-30,25154
Perak,Kinta Utara,primary,male,2023-06-30,27526
Perak,Kinta Utara,primary,male,2024-06-30,26826
Perak,Kinta Utara,primary,male,2025-06-30,26220
Perak,Kinta Utara,secondary,both,2023-06-30,42442
Perak,Kinta Utara,secondary,both,2024-06-30,42841
Perak,Kinta Utara,secondary,both,2025-06-30,43110
Perak,Kinta Utara,secondary,female,2023-06-30,20813
Perak,Kinta Utara,secondary,female,2024-06-30,20883
Perak,Kinta Utara,secondary,female,2025-06-30,20943
Perak,Kinta Utara,secondary,male,2023-06-30,21629
Perak,Kinta Utara,secondary,male,2024-06-30,21958
Perak,Kinta Utara,secondary,male,2025-06-30,22167
Perak,Kinta Utara,post_secondary,both,2023-06-30,1354
Perak,Kinta Utara,post_secondary,both,2024-06-30,1257
Perak,Kinta Utara,post_secondary,both,2025-06-30,2152
Perak,Kinta Utara,post_secondary,female,2023-06-30,692
Perak,Kinta Utara,post_secondary,female,2024-06-30,662
Perak,Kinta Utara,post_secondary,female,2025-06-30,1182
Perak,Kinta Utara,post_secondary,male,2023-06-30,662
Perak,Kinta Utara,post_secondary,male,2024-06-30,595
Perak,Kinta Utara,post_secondary,male,2025-06-30,970
Perak,Larut/Matang/Selama,primary,both,2023-06-30,25481
Perak,Larut/Matang/Selama,primary,both,2024-06-30,25385
Perak,Larut/Matang/Selama,primary,both,2025-06-30,24753
Perak,Larut/Matang/Selama,primary,female,2023-06-30,12309
Perak,Larut/Matang/Selama,primary,female,2024-06-30,12191
Perak,Larut/Matang/Selama,primary,female,2025-06-30,11949
Perak,Larut/Matang/Selama,primary,male,2023-06-30,13172
Perak,Larut/Matang/Selama,primary,male,2024-06-30,13194
Perak,Larut/Matang/Selama,primary,male,2025-06-30,12804
Perak,Larut/Matang/Selama,secondary,both,2023-06-30,19899
Perak,Larut/Matang/Selama,secondary,both,2024-06-30,20326
Perak,Larut/Matang/Selama,secondary,both,2025-06-30,20386
Perak,Larut/Matang/Selama,secondary,female,2023-06-30,9820
Perak,Larut/Matang/Selama,secondary,female,2024-06-30,9979
Perak,Larut/Matang/Selama,secondary,female,2025-06-30,10016
Perak,Larut/Matang/Selama,secondary,male,2023-06-30,10079
Perak,Larut/Matang/Selama,secondary,male,2024-06-30,10347
Perak,Larut/Matang/Selama,secondary,male,2025-06-30,10370
Perak,Larut/Matang/Selama,post_secondary,both,2023-06-30,916
Perak,Larut/Matang/Selama,post_secondary,both,2024-06-30,814
Perak,Larut/Matang/Selama,post_secondary,both,2025-06-30,1476
Perak,Larut/Matang/Selama,post_secondary,female,2023-06-30,495
Perak,Larut/Matang/Selama,post_secondary,female,2024-06-30,477
Perak,Larut/Matang/Selama,post_secondary,female,2025-06-30,866
Perak,Larut/Matang/Selama,post_secondary,male,2023-06-30,421
Perak,Larut/Matang/Selama,post_secondary,male,2024-06-30,337
Perak,Larut/Matang/Selama,post_secondary,male,2025-06-30,610
Perak,Manjung,primary,both,2023-06-30,22962
Perak,Manjung,primary,both,2024-06-30,22750
Perak,Manjung,primary,both,2025-06-30,22299
Perak,Manjung,primary,female,2023-06-30,11137
Perak,Manjung,primary,female,2024-06-30,11044
Perak,Manjung,primary,female,2025-06-30,10834
Perak,Manjung,primary,male,2023-06-30,11825
Perak,Manjung,primary,male,2024-06-30,11706
Perak,Manjung,primary,male,2025-06-30,11465
Perak,Manjung,secondary,both,2023-06-30,16157
Perak,Manjung,secondary,both,2024-06-30,16570
Perak,Manjung,secondary,both,2025-06-30,16781
Perak,Manjung,secondary,female,2023-06-30,7995
Perak,Manjung,secondary,female,2024-06-30,8080
Perak,Manjung,secondary,female,2025-06-30,8213
Perak,Manjung,secondary,male,2023-06-30,8162
Perak,Manjung,secondary,male,2024-06-30,8490
Perak,Manjung,secondary,male,2025-06-30,8568
Perak,Manjung,post_secondary,both,2023-06-30,539
Perak,Manjung,post_secondary,both,2024-06-30,462
Perak,Manjung,post_secondary,both,2025-06-30,862
Perak,Manjung,post_secondary,female,2023-06-30,268
Perak,Manjung,post_secondary,female,2024-06-30,226
Perak,Manjung,post_secondary,female,2025-06-30,436
Perak,Manjung,post_secondary,male,2023-06-30,271
Perak,Manjung,post_secondary,male,2024-06-30,236
Perak,Manjung,post_secondary,male,2025-06-30,426
Perlis,All Districts,primary,both,2017-01-01,34246
Perlis,All Districts,primary,both,2018-01-01,23248
Perlis,All Districts,primary,both,2019-01-01,23650
Perlis,All Districts,primary,both,2020-01-01,23729
Perlis,All Districts,primary,both,2021-01-01,24175
Perlis,All Districts,primary,both,2022-01-01,24253
Perlis,All Districts,primary,both,2023-06-30,24596
Perlis,All Districts,primary,both,2024-06-30,24794
Perlis,All Districts,primary,both,2025-06-30,24712
Perlis,All Districts,primary,female,2017-01-01,23065
Perlis,All Districts,primary,female,2018-01-01,11266
Perlis,All Districts,primary,female,2019-01-01,11452
Perlis,All Districts,primary,female,2020-01-01,11462
Perlis,All Districts,primary,female,2021-01-01,11692
Perlis,All Districts,primary,female,2022-01-01,11702
Perlis,All Districts,primary,female,2023-06-30,11853
Perlis,All Districts,primary,female,2024-06-30,11977
Perlis,All Districts,primary,female,2025-06-30,11904
Perlis,All Districts,primary,male,2017-01-01,11181
Perlis,All Districts,primary,male,2018-01-01,11982
Perlis,All Districts,primary,male,2019-01-01,12198
Perlis,All Districts,primary,male,2020-01-01,12267
Perlis,All Districts,primary,male,2021-01-01,12483
Perlis,All Districts,primary,male,2022-01-01,12551
Perlis,All Districts,primary,male,2023-06-30,12743
Perlis,All Districts,primary,male,2024-06-30,12817
Perlis,All Districts,primary,male,2025-06-30,12808
Perlis,All Districts,secondary,both,2017-01-01,21201
Perlis,All Districts,secondary,both,2018-01-01,18498
Perlis,All Districts,secondary,both,2019-01-01,17987
Perlis,All Districts,secondary,both,2020-01-01,18015
Perlis,All Districts,secondary,both,2021-01-01,18594
Perlis,All Districts,secondary,both,2022-01-01,19115
Perlis,All Districts,secondary,both,2023-06-30,19341
Perlis,All Districts,secondary,both,2024-06-30,20227
Perlis,All Districts,secondary,both,2025-06-30,20728
Perlis,All Districts,secondary,female,2017-01-01,10700
Perlis,All Districts,secondary,female,2018-01-01,9358
Perlis,All Districts,secondary,female,2019-01-01,9090
Perlis,All Districts,secondary,female,2020-01-01,9007
Perlis,All Districts,secondary,female,2021-01-01,9147
Perlis,All Districts,secondary,female,2022-01-01,9339
Perlis,All Districts,secondary,female,2023-06-30,9428
Perlis,All Districts,secondary,female,2024-06-30,9741
Perlis,All Districts,secondary,female,2025-06-30,10007
Perlis,All Districts,secondary,male,2017-01-01,10501
Perlis,All Districts,secondary,male,2018-01-01,9140
Perlis,All Districts,secondary,male,2019-01-01,8897
Perlis,All Districts,secondary,male,2020-01-01,9008
Perlis,All Districts,secondary,male,2021-01-01,9447
Perlis,All Districts,secondary,male,2022-01-01,9776
Perlis,All Districts,secondary,male,2023-06-30,9913
Perlis,All Districts,secondary,male,2024-06-30,10486
Perlis,All Districts,secondary,male,2025-06-30,10721
Perlis,All Districts,post_secondary,both,2018-01-01,1905
Perlis,All Districts,post_secondary,both,2019-01-01,1754
Perlis,All Districts,post_secondary,both,2020-01-01,1081
Perlis,All Districts,post_secondary,both,2021-01-01,947
Perlis,All Districts,post_secondary,both,2022-01-01,1052
Perlis,All Districts,post_secondary,both,2023-06-30,1164
Perlis,All Districts,post_secondary,both,2024-06-30,1028
Perlis,All Districts,post_secondary,both,2025-06-30,1668
Perlis,All Districts,post_secondary,female,2018-01-01,1008
Perlis,All Districts,post_secondary,female,2019-01-01,945
Perlis,All Districts,post_secondary,female,2020-01-01,528
Perlis,All Districts,post_secondary,female,2021-01-01,497
Perlis,All Districts,post_secondary,female,2022-01-01,504
Perlis,All Districts,post_secondary,female,2023-06-30,488
Perlis,All Districts,post_secondary,female,2024-06-30,487
Perlis,All Districts,post_secondary,female,2025-06-30,896
Perlis,All Districts,post_secondary,male,2018-01-01,897
Perlis,All Districts,post_secondary,male,2019-01-01,809
Perlis,All Districts,post_secondary,male,2020-01-01,553
Perlis,All Districts,post_secondary,male,2021-01-01,450
Perlis,All Districts,post_secondary,male,2022-01-01,548
Perlis,All Districts,post_secondary,male,2023-06-30,676
Perlis,All Districts,post_secondary,male,2024-06-30,541
Perlis,All Districts,post_secondary,male,2025-06-30,772
Perlis,Perlis,primary,both,2017-01-01,34246
Perlis,Perlis,primary,both,2018-01-01,23248
Perlis,Perlis,primary,both,2019-01-01,23650
Perlis,Perlis,primary,both,2020-01-01,23729
Perlis,Perlis,primary,both,2021-01-01,24175
Perlis,Perlis,primary,both,2022-01-01,24253
Perlis,Perlis,primary,female,2017-01-01,23065
Perlis,Perlis,primary,female,2018-01-01,11266
Perlis,Perlis,primary,female,2019-01-01,11452
Perlis,Perlis,primary,female,2020-01-01,11462
Perlis,Perlis,primary,female,2021-01-01,11692
Perlis,Perlis,primary,female,2022-01-01,11702
Perlis,Perlis,primary,male,2017-01-01,11181
Perlis,Perlis,primary,male,2018-01-01,11982
Perlis,Perlis,primary,male,2019-01-01,12198
Perlis,Perlis,primary,male,2020-01-01,12267
Perlis,Perlis,primary,male,2021-01-01,12483
Perlis,Perlis,primary,male,2022-01-01,12551
Perlis,Perlis,secondary,both,2017-01-01,21201
Perlis,Perlis,secondary,both,2018-01-01,18498
Perlis,Perlis,secondary,both,2019-01-01,17987
Perlis,Perlis,secondary,both,2020-01-01,18015
Perlis,Perlis,secondary,both,2021-01-01,18594
Perlis,Perlis,secondary,both,2022-01-01,19115
Perlis,Perlis,secondary,female,2017-01-01,10700
Perlis,Perlis,secondary,female,2018-01-01,9358
Perlis,Perlis,secondary,female,2019-01-01,9090
Perlis,Perlis,secondary,female,2020-01-01,9007
Perlis,Perlis,secondary,female,2021-01-01,9147
Perlis,Perlis,secondary,female,2022-01-01,9339
Perlis,Perlis,secondary,male,2017-01-01,10501
Perlis,Perlis,secondary,male,2018-01-01,9140
Perlis,Perlis,secondary,male,2019-01-01,8897
Perlis,Perlis,secondary,male,2020-01-01,9008
Perlis,Perlis,secondary,male,2021-01-01,9447
Perlis,Perlis,secondary,male,2022-01-01,9776
Perlis,Perlis,post_secondary,both,2018-01-01,1905
Perlis,Perlis,post_secondary,both,2019-01-01,1754
Perlis,Perlis,post_secondary,both,2020-01-01,1081
Perlis,Perlis,post_secondary,both,2021-01-01,947
Perlis,Perlis,post_secondary,both,2022-01-01,1052
Perlis,Perlis,post_secondary,female,2018-01-01,1008
Perlis,Perlis,post_secondary,female,2019-01-01,945
Perlis,Perlis,post_secondary,female,2020-01-01,528
Perlis,Perlis,post_secondary,female,2021-01-01,497
Perlis,Perlis,post_secondary,female,2022-01-01,504
Perlis,Perlis,post_secondary,male,2018-01-01,897
Perlis,Perlis,post_secondary,male,2019-01-01,809
Perlis,Perlis,post_secondary,male,2020-01-01,553
Perlis,Perlis,post_secondary,male,2021-01-01,450
Perlis,Perlis,post_secondary,male,2022-01-01,548
Perlis,Jpn Perlis,primary,both,2023-06-30,24596
Perlis,Jpn Perlis,primary,both,2024-06-30,24794
Perlis,Jpn Perlis,primary,both,2025-06-30,24712
Perlis,Jpn Perlis,primary,female,2023-06-30,11853
Perlis,Jpn Perlis,primary,female,2024-06-30,11977
Perlis,Jpn Perlis,primary,female,2025-06-30,11904
Perlis,Jpn Perlis,primary,male,2023-06-30,12743
Perlis,Jpn Perlis,primary,male,2024-06-30,12817
Perlis,Jpn Perlis,primary,male,2025-06-30,12808
Perlis,Jpn Perlis,secondary,both,2023-06-30,19341
Perlis,Jpn Perlis,secondary,both,2024-06-30,20227
Perlis,Jpn Perlis,secondary,both,2025-06-30,20728
Perlis,Jpn Perlis,secondary,female,2023-06-30,9428
Perlis,Jpn Perlis,secondary,female,2024-06-30,9741
Perlis,Jpn Perlis,secondary,female,2025-06-30,10007
Perlis,Jpn Perlis,secondary,male,2023-06-30,9913
Perlis,Jpn Perlis,secondary,male,2024-06-30,10486
Perlis,Jpn Perlis,secondary,male,2025-06-30,10721
Perlis,Jpn Perlis,post_secondary,both,2023-06-30,1164
Perlis,Jpn Perlis,post_secondary,both,2024-06-30,1028
Perlis,Jpn Perlis,post_secondary,both,2025-06-30,1668
Perlis,Jpn Perlis,post_secondary,female,2023-06-30,488
Perlis,Jpn Perlis,post_secondary,female,2024-06-30,487
Perlis,Jpn Perlis,post_secondary,female,2025-06-30,896
Perlis,Jpn Perlis,post_secondary,male,2023-06-30,676
Perlis,Jpn Perlis,post_secondary,male,2024-06-30,541
Perlis,Jpn Perlis,post_secondary,male,2025-06-30,772
Pulau Pinang,All Districts,primary,both,2017-01-01,130455
Pulau Pinang,All Districts,primary,both,2018-01-01,130190
Pulau Pinang,All Districts,primary,both,2019-01-01,131575
Pulau Pinang,All Districts,primary,both,2020-01-01,130713
Pulau Pinang,All Districts,primary,both,2021-01-01,130415
Pulau Pinang,All Districts,primary,both,2022-01-01,129598
Pulau Pinang,All Districts,primary,both,2023-06-30,129737
Pulau Pinang,All Districts,primary,both,2024-06-30,128702
Pulau Pinang,All Districts,primary,both,2025-06-30,125857
Pulau Pinang,All Districts,primary,female,2017-01-01,63447
Pulau Pinang,All Districts,primary,female,2018-01-01,63243
Pulau Pinang,All Districts,primary,female,2019-01-01,64169
Pulau Pinang,All Districts,primary,female,2020-01-01,63767
Pulau Pinang,All Districts,primary,female,2021-01-01,63760
Pulau Pinang,All Districts,primary,female,2022-01-01,63249
Pulau Pinang,All Districts,primary,female,2023-06-30,63371
Pulau Pinang,All Districts,primary,female,2024-06-30,62958
Pulau Pinang,All Districts,primary,female,2025-06-30,61493
Pulau Pinang,All Districts,primary,male,2017-01-01,67008
Pulau Pinang,All Districts,primary,male,2018-01-01,66947
Pulau Pinang,All Districts,primary,male,2019-01-01,67406
Pulau Pinang,All Districts,primary,male,2020-01-01,66946
Pulau Pinang,All Districts,primary,male,2021-01-01,66655
Pulau Pinang,All Districts,primary,male,2022-01-01,66349
Pulau Pinang,All Districts,primary,male,2023-06-30,66366
Pulau Pinang,All Districts,primary,male,2024-06-30,65744
Pulau Pinang,All Districts,primary,male,2025-06-30,64364
Pulau Pinang,All Districts,secondary,both,2017-01-01,111105
Pulau Pinang,All Districts,secondary,both,2018-01-01,100598
Pulau Pinang,All Districts,secondary,both,2019-01-01,98380
Pulau Pinang,All Districts,secondary,both,2020-01-01,97720
Pulau Pinang,All Districts,secondary,both,2021-01-01,98608
Pulau Pinang,All Districts,secondary,both,2022-01-01,98578
Pulau Pinang,All Districts,secondary,both,2023-06-30,96896
Pulau Pinang,All Districts,secondary,both,2024-06-30,98046
Pulau Pinang,All Districts,secondary,both,2025-06-30,99510
Pulau Pinang,All Districts,secondary,female,2017-01-01,56119
Pulau Pinang,All Districts,secondary,female,2018-01-01,50471
Pulau Pinang,All Districts,secondary,female,2019-01-01,48899
Pulau Pinang,All Districts,secondary,female,2020-01-01,48542
Pulau Pinang,All Districts,secondary,female,2021-01-01,48628
Pulau Pinang,All Districts,secondary,female,2022-01-01,48416
Pulau Pinang,All Districts,secondary,female,2023-06-30,47813
Pulau Pinang,All Districts,secondary,female,2024-06-30,48096
Pulau Pinang,All Districts,secondary,female,2025-06-30,48839
Pulau Pinang,All Districts,secondary,male,2017-01-01,54986
Pulau Pinang,All Districts,secondary,male,2018-01-01,50127
Pulau Pinang,All Districts,secondary,male,2019-01-01,49481
Pulau Pinang,All Districts,secondary,male,2020-01-01,49178
Pulau Pinang,All Districts,secondary,male,2021-01-01,49980
Pulau Pinang,All Districts,secondary,male,2022-01-01,50162
Pulau Pinang,All Districts,secondary,male,2023-06-30,49083
Pulau Pinang,All Districts,secondary,male,2024-06-30,49950
Pulau Pinang,All Districts,secondary,male,2025-06-30,50671
Pulau Pinang,All Districts,post_secondary,both,2018-01-01,6864
Pulau Pinang,All Districts,post_secondary,both,2019-01-01,6592
Pulau Pinang,All Districts,post_secondary,both,2020-01-01,3605
Pulau Pinang,All Districts,post_secondary,both,2021-01-01,3379
Pulau Pinang,All Districts,post_secondary,both,2022-01-01,3454
Pulau Pinang,All Districts,post_secondary,both,2023-06-30,3365
Pulau Pinang,All Districts,post_secondary,both,2024-06-30,3062
Pulau Pinang,All Districts,post_secondary,both,2025-06-30,5427
Pulau Pinang,All Districts,post_secondary,female,2018-01-01,3803
Pulau Pinang,All Districts,post_secondary,female,2019-01-01,3738
Pulau Pinang,All Districts,post_secondary,female,2020-01-01,1940
Pulau Pinang,All Districts,post_secondary,female,2021-01-01,1756
Pulau Pinang,All Districts,post_secondary,female,2022-01-01,1740
Pulau Pinang,All Districts,post_secondary,female,2023-06-30,1676
Pulau Pinang,All Districts,post_secondary,female,2024-06-30,1591
Pulau Pinang,All Districts,post_secondary,female,2025-06-30,3005
Pulau Pinang,All Districts,post_secondary,male,2018-01-01,3061
Pulau Pinang,All Districts,post_secondary,male,2019-01-01,2854
Pulau Pinang,All Districts,post_secondary,male,2020-01-01,1665
Pulau Pinang,All Districts,post_secondary,male,2021-01-01,1623
Pulau Pinang,All Districts,post_secondary,male,2022-01-01,1714
Pulau Pinang,All Districts,post_secondary,male,2023-06-30,1689
Pulau Pinang,All Districts,post_secondary,male,2024-06-30,1471
Pulau Pinang,All Districts,post_secondary,male,2025-06-30,2422
Pulau Pinang,Barat Daya,primary,both,2017-01-01,17665
Pulau Pinang,Barat Daya,primary,both,2018-01-01,17704
Pulau Pinang,Barat Daya,primary,both,2019-01-01,18073
Pulau Pinang,Barat Daya,primary,both,2020-01-01,18219
Pulau Pinang,Barat Daya,primary,both,2021-01-01,18395
Pulau Pinang,Barat Daya,primary,both,2022-01-01,18427
Pulau Pinang,Barat Daya,primary,both,2023-06-30,18557
Pulau Pinang,Barat Daya,primary,both,2024-06-30,18678
Pulau Pinang,Barat Daya,primary,both,2025-06-30,18461
Pulau Pinang,Barat Daya,primary,female,2017-01-01,8572
Pulau Pinang,Barat Daya,primary,female,2018-01-01,8577
Pulau Pinang,Barat Daya,primary,female,2019-01-01,8759
Pulau Pinang,Barat Daya,primary,female,2020-01-01,8787
Pulau Pinang,Barat Daya,primary,female,2021-01-01,8878
Pulau Pinang,Barat Daya,primary,female,2022-01-01,8891
Pulau Pinang,Barat Daya,primary,female,2023-06-30,8980
Pulau Pinang,Barat Daya,primary,female,2024-06-30,9072
Pulau Pinang,Barat Daya,primary,female,2025-06-30,9018
Pulau Pinang,Barat Daya,primary,male,2017-01-01,9093
Pulau Pinang,Barat Daya,primary,male,2018-01-01,9127
Pulau Pinang,Barat Daya,primary,male,2019-01-01,9314
Pulau Pinang,Barat Daya,primary,male,2020-01-01,9432
Pulau Pinang,Barat Daya,primary,male,2021-01-01,9517
Pulau Pinang,Barat Daya,primary,male,2022-01-01,9536
Pulau Pinang,Barat Daya,primary,male,2023-06-30,9577
Pulau Pinang,Barat Daya,primary,male,2024-06-30,9606
Pulau Pinang,Barat Daya,primary,male,2025-06-30,9443
Pulau Pinang,Barat Daya,secondary,both,2017-01-01,10332
Pulau Pinang,Barat Daya,secondary,both,2018-01-01,9302
Pulau Pinang,Barat Daya,secondary,both,2019-01-01,9294
Pulau Pinang,Barat Daya,secondary,both,2020-01-01,9195
Pulau Pinang,Barat Daya,secondary,both,2021-01-01,9364
Pulau Pinang,Barat Daya,secondary,both,2022-01-01,9672
Pulau Pinang,Barat Daya,secondary,both,2023-06-30,9618
Pulau Pinang,Barat Daya,secondary,both,2024-06-30,9946
Pulau Pinang,Barat Daya,secondary,both,2025-06-30,10199
Pulau Pinang,Barat Daya,secondary,female,2017-01-01,5194
Pulau Pinang,Barat Daya,secondary,female,2018-01-01,4606
Pulau Pinang,Barat Daya,secondary,female,2019-01-01,4573
Pulau Pinang,Barat Daya,secondary,female,2020-01-01,4531
Pulau Pinang,Barat Daya,secondary,female,2021-01-01,4599
Pulau Pinang,Barat Daya,secondary,female,2022-01-01,4724
Pulau Pinang,Barat Daya,secondary,female,2023-06-30,4753
Pulau Pinang,Barat Daya,secondary,female,2024-06-30,4862
Pulau Pinang,Barat Daya,secondary,female,2025-06-30,4955
Pulau Pinang,Barat Daya,secondary,male,2017-01-01,5138
Pulau Pinang,Barat Daya,secondary,male,2018-01-01,4696
Pulau Pinang,Barat Daya,secondary,male,2019-01-01,4721
Pulau Pinang,Barat Daya,secondary,male,2020-01-01,4664
Pulau Pinang,Barat Daya,secondary,male,2021-01-01,4765
Pulau Pinang,Barat Daya,secondary,male,2022-01-01,4948
Pulau Pinang,Barat Daya,secondary,male,2023-06-30,4865
Pulau Pinang,Barat Daya,secondary,male,2024-06-30,5084
Pulau Pinang,Barat Daya,secondary,male,2025-06-30,5244
Pulau Pinang,Barat Daya,post_secondary,both,2018-01-01,794
Pulau Pinang,Barat Daya,post_secondary,both,2019-01-01,738
Pulau Pinang,Barat Daya,post_secondary,both,2020-01-01,466
Pulau Pinang,Barat Daya,post_secondary,both,2021-01-01,440
Pulau Pinang,Barat Daya,post_secondary,both,2022-01-01,403
Pulau Pinang,Barat Daya,post_secondary,both,2023-06-30,420
Pulau Pinang,Barat Daya,post_secondary,both,2024-06-30,420
Pulau Pinang,Barat Daya,post_secondary,both,2025-06-30,719
Pulau Pinang,Barat Daya,post_secondary,female,2018-01-01,433
Pulau Pinang,Barat Daya,post_secondary,female,2019-01-01,378
Pulau Pinang,Barat Daya,post_secondary,female,2020-01-01,216
Pulau Pinang,Barat Daya,post_secondary,female,2021-01-01,186
Pulau Pinang,Barat Daya,post_secondary,female,2022-01-01,182
Pulau Pinang,Barat Daya,post_secondary,female,2023-06-30,196
Pulau Pinang,Barat Daya,post_secondary,female,2024-06-30,211
Pulau Pinang,Barat Daya,post_secondary,female,2025-06-30,389
Pulau Pinang,Barat Daya,post_secondary,male,2018-01-01,361
Pulau Pinang,Barat Daya,post_secondary,male,2019-01-01,360
Pulau Pinang,Barat Daya,post_secondary,male,2020-01-01,250
Pulau Pinang,Barat Daya,post_secondary,male,2021-01-01,254
Pulau Pinang,Barat Daya,post_secondary,male,2022-01-01,221
Pulau Pinang,Barat Daya,post_secondary,male,2023-06-30,224
Pulau Pinang,Barat Daya,post_secondary,male,2024-06-30,209
Pulau Pinang,Barat Daya,post_secondary,male,2025-06-30,330
Pulau Pinang,Seberang Perai Selatan,primary,both,2017-01-01,16888
Pulau Pinang,Seberang Perai Selatan,primary,both,2018-01-01,16878
Pulau Pinang,Seberang Perai Selatan,primary,both,2019-01-01,17075
Pulau Pinang,Seberang Perai Selatan,primary,both,2020-01-01,16943
Pulau Pinang,Seberang Perai Selatan,primary,both,2021-01-01,17107
Pulau Pinang,Seberang Perai Selatan,primary,both,2022-01-01,16919
Pulau Pinang,Seberang Perai Selatan,primary,both,2023-06-30,16930
Pulau Pinang,Seberang Perai Selatan,primary,both,2024-06-30,16820
Pulau Pinang,Seberang Perai Selatan,primary,both,2025-06-30,16580
Pulau Pinang,Seberang Perai Selatan,primary,female,2017-01-01,8195
Pulau Pinang,Seberang Perai Selatan,primary,female,2018-01-01,8110
Pulau Pinang,Seberang Perai Selatan,primary,female,2019-01-01,8271
Pulau Pinang,Seberang Perai Selatan,primary,female,2020-01-01,8216
Pulau Pinang,Seberang Perai Selatan,primary,female,2021-01-01,8290
Pulau Pinang,Seberang Perai Selatan,primary,female,2022-01-01,8208
Pulau Pinang,Seberang Perai Selatan,primary,female,2023-06-30,8209
Pulau Pinang,Seberang Perai Selatan,primary,female,2024-06-30,8190
Pulau Pinang,Seberang Perai Selatan,primary,female,2025-06-30,7998
Pulau Pinang,Seberang Perai Selatan,primary,male,2017-01-01,8693
Pulau Pinang,Seberang Perai Selatan,primary,male,2018-01-01,8768
Pulau Pinang,Seberang Perai Selatan,primary,male,2019-01-01,8804
Pulau Pinang,Seberang Perai Selatan,primary,male,2020-01-01,8727
Pulau Pinang,Seberang Perai Selatan,primary,male,2021-01-01,8817
Pulau Pinang,Seberang Perai Selatan,primary,male,2022-01-01,8711
Pulau Pinang,Seberang Perai Selatan,primary,male,2023-06-30,8721
Pulau Pinang,Seberang Perai Selatan,primary,male,2024-06-30,8630
Pulau Pinang,Seberang Perai Selatan,primary,male,2025-06-30,8582
Pulau Pinang,Seberang Perai Selatan,secondary,both,2017-01-01,14178
Pulau Pinang,Seberang Perai Selatan,secondary,both,2018-01-01,12920
Pulau Pinang,Seberang Perai Selatan,secondary,both,2019-01-01,12763
Pulau Pinang,Seberang Perai Selatan,secondary,both,2020-01-01,12676
Pulau Pinang,Seberang Perai Selatan,secondary,both,2021-01-01,13067
Pulau Pinang,Seberang Perai Selatan,secondary,both,2022-01-01,13041
Pulau Pinang,Seberang Perai Selatan,secondary,both,2023-06-30,12948
Pulau Pinang,Seberang Perai Selatan,secondary,both,2024-06-30,13231
Pulau Pinang,Seberang Perai Selatan,secondary,both,2025-06-30,13626
Pulau Pinang,Seberang Perai Selatan,secondary,female,2017-01-01,6936
Pulau Pinang,Seberang Perai Selatan,secondary,female,2018-01-01,6410
Pulau Pinang,Seberang Perai Selatan,secondary,female,2019-01-01,6260
Pulau Pinang,Seberang Perai Selatan,secondary,female,2020-01-01,6202
Pulau Pinang,Seberang Perai Selatan,secondary,female,2021-01-01,6335
Pulau Pinang,Seberang Perai Selatan,secondary,female,2022-01-01,6272
Pulau Pinang,Seberang Perai Selatan,secondary,female,2023-06-30,6205
Pulau Pinang,Seberang Perai Selatan,secondary,female,2024-06-30,6263
Pulau Pinang,Seberang Perai Selatan,secondary,female,2025-06-30,6496
Pulau Pinang,Seberang Perai Selatan,secondary,male,2017-01-01,7242
Pulau Pinang,Seberang Perai Selatan,secondary,male,2018-01-01,6510
Pulau Pinang,Seberang Perai Selatan,secondary,male,2019-01-01,6503
Pulau Pinang,Seberang Perai Selatan,secondary,male,2020-01-01,6474
Pulau Pinang,Seberang Perai Selatan,secondary,male,2021-01-01,6732
Pulau Pinang,Seberang Perai Selatan,secondary,male,2022-01-01,6769
Pulau Pinang,Seberang Perai Selatan,secondary,male,2023-06-30,6743
Pulau Pinang,Seberang Perai Selatan,secondary,male,2024-06-30,6968
Pulau Pinang,Seberang Perai Selatan,secondary,male,2025-06-30,7130
Pulau Pinang,Seberang Perai Selatan,post_secondary,both,2018-01-01,980
Pulau Pinang,Seberang Perai Selatan,post_secondary,both,2019-01-01,942
Pulau Pinang,Seberang Perai Selatan,post_secondary,both,2020-01-01,648
Pulau Pinang,Seberang Perai Selatan,post_secondary,both,2021-01-01,578
Pulau Pinang,Seberang Perai Selatan,post_secondary,both,2022-01-01,561
Pulau Pinang,Seberang Perai Selatan,post_secondary,both,2023-06-30,604
Pulau Pinang,Seberang Perai Selatan,post_secondary,both,2024-06-30,483
Pulau Pinang,Seberang Perai Selatan,post_secondary,both,2025-06-30,833
Pulau Pinang,Seberang Perai Selatan,post_secondary,female,2018-01-01,499
Pulau Pinang,Seberang Perai Selatan,post_secondary,female,2019-01-01,506
Pulau Pinang,Seberang Perai Selatan,post_secondary,female,2020-01-01,289
Pulau Pinang,Seberang Perai Selatan,post_secondary,female,2021-01-01,281
Pulau Pinang,Seberang Perai Selatan,post_secondary,female,2022-01-01,265
Pulau Pinang,Seberang Perai Selatan,post_secondary,female,2023-06-30,285
Pulau Pinang,Seberang Perai Selatan,post_secondary,female,2024-06-30,262
Pulau Pinang,Seberang Perai Selatan,post_secondary,female,2025-06-30,451
Pulau Pinang,Seberang Perai Selatan,post_secondary,male,2018-01-01,481
Pulau Pinang,Seberang Perai Selatan,post_secondary,male,2019-01-01,436
Pulau Pinang,Seberang Perai Selatan,post_secondary,male,2020-01-01,359
Pulau Pinang,Seberang Perai Selatan,post_secondary,male,2021-01-01,297
Pulau Pinang,Seberang Perai Selatan,post_secondary,male,2022-01-01,296
Pulau Pinang,Seberang Perai Selatan,post_secondary,male,2023-06-30,319
Pulau Pinang,Seberang Perai Selatan,post_secondary,male,2024-06-30,221
Pulau Pinang,Seberang Perai Selatan,post_secondary,male,2025-06-30,382
Pulau Pinang,Seberang Perai Tengah,primary,both,2017-01-01,33566
Pulau Pinang,Seberang Perai Tengah,primary,both,2018-01-01,33214
Pulau Pinang,Seberang Perai Tengah,primary,both,2019-01-01,33450
Pulau Pinang,Seberang Perai Tengah,primary,both,2020-01-01,33155
Pulau Pinang,Seberang Perai Tengah,primary,both,2021-01-01,31711
Pulau Pinang,Seberang Perai Tengah,primary,both,2022-01-01,32427
Pulau Pinang,Seberang Perai Tengah,primary,both,2023-06-30,32563
Pulau Pinang,Seberang Perai Tengah,primary,both,2024-06-30,32220
Pulau Pinang,Seberang Perai Tengah,primary,both,2025-06-30,31370
Pulau Pinang,Seberang Perai Tengah,primary,female,2017-01-01,16322
Pulau Pinang,Seberang Perai Tengah,primary,female,2018-01-01,16105
Pulau Pinang,Seberang Perai Tengah,primary,female,2019-01-01,16316
Pulau Pinang,Seberang Perai Tengah,primary,female,2020-01-01,16170
Pulau Pinang,Seberang Perai Tengah,primary,female,2021-01-01,16062
Pulau Pinang,Seberang Perai Tengah,primary,female,2022-01-01,15871
Pulau Pinang,Seberang Perai Tengah,primary,female,2023-06-30,15949
Pulau Pinang,Seberang Perai Tengah,primary,female,2024-06-30,15777
Pulau Pinang,Seberang Perai Tengah,primary,female,2025-06-30,15385
Pulau Pinang,Seberang Perai Tengah,primary,male,2017-01-01,17244
Pulau Pinang,Seberang Perai Tengah,primary,male,2018-01-01,17109
Pulau Pinang,Seberang Perai Tengah,primary,male,2019-01-01,17134
Pulau Pinang,Seberang Perai Tengah,primary,male,2020-01-01,16985
Pulau Pinang,Seberang Perai Tengah,primary,male,2021-01-01,15649
Pulau Pinang,Seberang Perai Tengah,primary,male,2022-01-01,16556
Pulau Pinang,Seberang Perai Tengah,primary,male,2023-06-30,16614
Pulau Pinang,Seberang Perai Tengah,primary,male,2024-06-30,16443
Pulau Pinang,Seberang Perai Tengah,primary,male,2025-06-30,15985
Pulau Pinang,Seberang Perai Tengah,secondary,both,2017-01-01,28365
Pulau Pinang,Seberang Perai Tengah,secondary,both,2018-01-01,25734
Pulau Pinang,Seberang Perai Tengah,secondary,both,2019-01-01,25004
Pulau Pinang,Seberang Perai Tengah,secondary,both,2020-01-01,25062
Pulau Pinang,Seberang Perai Tengah,secondary,both,2021-01-01,25255
Pulau Pinang,Seberang Perai Tengah,secondary,both,2022-01-01,25124
Pulau Pinang,Seberang Perai Tengah,secondary,both,2023-06-30,24640
Pulau Pinang,Seberang Perai Tengah,secondary,both,2024-06-30,24812
Pulau Pinang,Seberang Perai Tengah,secondary,both,2025-06-30,24940
Pulau Pinang,Seberang Perai Tengah,secondary,female,2017-01-01,14311
Pulau Pinang,Seberang Perai Tengah,secondary,female,2018-01-01,12864
Pulau Pinang,Seberang Perai Tengah,secondary,female,2019-01-01,12397
Pulau Pinang,Seberang Perai Tengah,secondary,female,2020-01-01,12427
Pulau Pinang,Seberang Perai Tengah,secondary,female,2021-01-01,12457
Pulau Pinang,Seberang Perai Tengah,secondary,female,2022-01-01,12365
Pulau Pinang,Seberang Perai Tengah,secondary,female,2023-06-30,12161
Pulau Pinang,Seberang Perai Tengah,secondary,female,2024-06-30,12246
Pulau Pinang,Seberang Perai Tengah,secondary,female,2025-06-30,12303
Pulau Pinang,Seberang Perai Tengah,secondary,male,2017-01-01,14054
Pulau Pinang,Seberang Perai Tengah,secondary,male,2018-01-01,12870
Pulau Pinang,Seberang Perai Tengah,secondary,male,2019-01-01,12607
Pulau Pinang,Seberang Perai Tengah,secondary,male,2020-01-01,12635
Pulau Pinang,Seberang Perai Tengah,secondary,male,2021-01-01,12798
Pulau Pinang,Seberang Perai Tengah,secondary,male,2022-01-01,12759
Pulau Pinang,Seberang Perai Tengah,secondary,male,2023-06-30,12479
Pulau Pinang,Seberang Perai Tengah,secondary,male,2024-06-30,12566
Pulau Pinang,Seberang Perai Tengah,secondary,male,2025-06-30,12637
Pulau Pinang,Seberang Perai Tengah,post_secondary,both,2018-01-01,1514
Pulau Pinang,Seberang Perai Tengah,post_secondary,both,2019-01-01,1422
Pulau Pinang,Seberang Perai Tengah,post_secondary,both,2020-01-01,692
Pulau Pinang,Seberang Perai Tengah,post_secondary,both,2021-01-01,661
Pulau Pinang,Seberang Perai Tengah,post_secondary,both,2022-01-01,690
Pulau Pinang,Seberang Perai Tengah,post_secondary,both,2023-06-30,657
Pulau Pinang,Seberang Perai Tengah,post_secondary,both,2024-06-30,635
Pulau Pinang,Seberang Perai Tengah,post_secondary,both,2025-06-30,1042
Pulau Pinang,Seberang Perai Tengah,post_secondary,female,2018-01-01,935
Pulau Pinang,Seberang Perai Tengah,post_secondary,female,2019-01-01,934
Pulau Pinang,Seberang Perai Tengah,post_secondary,female,2020-01-01,433
Pulau Pinang,Seberang Perai Tengah,post_secondary,female,2021-01-01,376
Pulau Pinang,Seberang Perai Tengah,post_secondary,female,2022-01-01,363
Pulau Pinang,Seberang Perai Tengah,post_secondary,female,2023-06-30,351
Pulau Pinang,Seberang Perai Tengah,post_secondary,female,2024-06-30,363
Pulau Pinang,Seberang Perai Tengah,post_secondary,female,2025-06-30,595
Pulau Pinang,Seberang Perai Tengah,post_secondary,male,2018-01-01,579
Pulau Pinang,Seberang Perai Tengah,post_secondary,male,2019-01-01,488
Pulau Pinang,Seberang Perai Tengah,post_secondary,male,2020-01-01,259
Pulau Pinang,Seberang Perai Tengah,post_secondary,male,2021-01-01,285
Pulau Pinang,Seberang Perai Tengah,post_secondary,male,2022-01-01,327
Pulau Pinang,Seberang Perai Tengah,post_secondary,male,2023-06-30,306
Pulau Pinang,Seberang Perai Tengah,post_secondary,male,2024-06-30,272
Pulau Pinang,Seberang Perai Tengah,post_secondary,male,2025-06-30,447
Pulau Pinang,Seberang Perai Utara,primary,both,2017-01-01,31359
Pulau Pinang,Seberang Perai Utara,primary,both,2018-01-01,31620
Pulau Pinang,Seberang Perai Utara,primary,both,2019-01-01,31857
Pulau Pinang,Seberang Perai Utara,primary,both,2020-01-01,31636
Pulau Pinang,Seberang Perai Utara,primary,both,2021-01-01,32429
Pulau Pinang,Seberang Perai Utara,primary,both,2022-01-01,31659
Pulau Pinang,Seberang Perai Utara,primary,both,2023-06-30,31556
Pulau Pinang,Seberang Perai Utara,primary,both,2024-06-30,31554
Pulau Pinang,Seberang Perai Utara,primary,both,2025-06-30,31243
Pulau Pinang,Seberang Perai Utara,primary,female,2017-01-01,15285
Pulau Pinang,Seberang Perai Utara,primary,female,2018-01-01,15542
Pulau Pinang,Seberang Perai Utara,primary,female,2019-01-01,15765
Pulau Pinang,Seberang Perai Utara,primary,female,2020-01-01,15676
Pulau Pinang,Seberang Perai Utara,primary,female,2021-01-01,15702
Pulau Pinang,Seberang Perai Utara,primary,female,2022-01-01,15616
Pulau Pinang,Seberang Perai Utara,primary,female,2023-06-30,15542
Pulau Pinang,Seberang Perai Utara,primary,female,2024-06-30,15505
Pulau Pinang,Seberang Perai Utara,primary,female,2025-06-30,15284
Pulau Pinang,Seberang Perai Utara,primary,male,2017-01-01,16074
Pulau Pinang,Seberang Perai Utara,primary,male,2018-01-01,16078
Pulau Pinang,Seberang Perai Utara,primary,male,2019-01-01,16092
Pulau Pinang,Seberang Perai Utara,primary,male,2020-01-01,15960
Pulau Pinang,Seberang Perai Utara,primary,male,2021-01-01,16727
Pulau Pinang,Seberang Perai Utara,primary,male,2022-01-01,16043
Pulau Pinang,Seberang Perai Utara,primary,male,2023-06-30,16014
Pulau Pinang,Seberang Perai Utara,primary,male,2024-06-30,16049
Pulau Pinang,Seberang Perai Utara,primary,male,2025-06-30,15959
Pulau Pinang,Seberang Perai Utara,secondary,both,2017-01-01,26760
Pulau Pinang,Seberang Perai Utara,secondary,both,2018-01-01,24573
Pulau Pinang,Seberang Perai Utara,secondary,both,2019-01-01,24113
Pulau Pinang,Seberang Perai Utara,secondary,both,2020-01-01,23969
Pulau Pinang,Seberang Perai Utara,secondary,both,2021-01-01,24231
Pulau Pinang,Seberang Perai Utara,secondary,both,2022-01-01,24475
Pulau Pinang,Seberang Perai Utara,secondary,both,2023-06-30,24208
Pulau Pinang,Seberang Perai Utara,secondary,both,2024-06-30,24503
Pulau Pinang,Seberang Perai Utara,secondary,both,2025-06-30,25147
Pulau Pinang,Seberang Perai Utara,secondary,female,2017-01-01,13990
Pulau Pinang,Seberang Perai Utara,secondary,female,2018-01-01,12670
Pulau Pinang,Seberang Perai Utara,secondary,female,2019-01-01,12287
Pulau Pinang,Seberang Perai Utara,secondary,female,2020-01-01,12192
Pulau Pinang,Seberang Perai Utara,secondary,female,2021-01-01,12195
Pulau Pinang,Seberang Perai Utara,secondary,female,2022-01-01,12271
Pulau Pinang,Seberang Perai Utara,secondary,female,2023-06-30,12236
Pulau Pinang,Seberang Perai Utara,secondary,female,2024-06-30,12363
Pulau Pinang,Seberang Perai Utara,secondary,female,2025-06-30,12741
Pulau Pinang,Seberang Perai Utara,secondary,male,2017-01-01,12770
Pulau Pinang,Seberang Perai Utara,secondary,male,2018-01-01,11903
Pulau Pinang,Seberang Perai Utara,secondary,male,2019-01-01,11826
Pulau Pinang,Seberang Perai Utara,secondary,male,2020-01-01,11777
Pulau Pinang,Seberang Perai Utara,secondary,male,2021-01-01,12036
Pulau Pinang,Seberang Perai Utara,secondary,male,2022-01-01,12204
Pulau Pinang,Seberang Perai Utara,secondary,male,2023-06-30,11972
Pulau Pinang,Seberang Perai Utara,secondary,male,2024-06-30,12140
Pulau Pinang,Seberang Perai Utara,secondary,male,2025-06-30,12406
Pulau Pinang,Seberang Perai Utara,post_secondary,both,2018-01-01,1551
Pulau Pinang,Seberang Perai Utara,post_secondary,both,2019-01-01,1521
Pulau Pinang,Seberang Perai Utara,post_secondary,both,2020-01-01,826
Pulau Pinang,Seberang Perai Utara,post_secondary,both,2021-01-01,835
Pulau Pinang,Seberang Perai Utara,post_secondary,both,2022-01-01,854
Pulau Pinang,Seberang Perai Utara,post_secondary,both,2023-06-30,853
Pulau Pinang,Seberang Perai Utara,post_secondary,both,2024-06-30,830
Pulau Pinang,Seberang Perai Utara,post_secondary,both,2025-06-30,1419
Pulau Pinang,Seberang Perai Utara,post_secondary,female,2018-01-01,867
Pulau Pinang,Seberang Perai Utara,post_secondary,female,2019-01-01,858
Pulau Pinang,Seberang Perai Utara,post_secondary,female,2020-01-01,469
Pulau Pinang,Seberang Perai Utara,post_secondary,female,2021-01-01,472
Pulau Pinang,Seberang Perai Utara,post_secondary,female,2022-01-01,452
Pulau Pinang,Seberang Perai Utara,post_secondary,female,2023-06-30,435
Pulau Pinang,Seberang Perai Utara,post_secondary,female,2024-06-30,399
Pulau Pinang,Seberang Perai Utara,post_secondary,female,2025-06-30,823
Pulau Pinang,Seberang Perai Utara,post_secondary,male,2018-01-01,684
Pulau Pinang,Seberang Perai Utara,post_secondary,male,2019-01-01,663
Pulau Pinang,Seberang Perai Utara,post_secondary,male,2020-01-01,357
Pulau Pinang,Seberang Perai Utara,post_secondary,male,2021-01-01,363
Pulau Pinang,Seberang Perai Utara,post_secondary,male,2022-01-01,402
Pulau Pinang,Seberang Perai Utara,post_secondary,male,2023-06-30,418
Pulau Pinang,Seberang Perai Utara,post_secondary,male,2024-06-30,431
Pulau Pinang,Seberang Perai Utara,post_secondary,male,2025-06-30,596
Pulau Pinang,Timur Laut,primary,both,2017-01-01,30977
Pulau Pinang,Timur Laut,primary,both,2018-01-01,30774
Pulau Pinang,Timur Laut,primary,both,2019-01-01,31120
Pulau Pinang,Timur Laut,primary,both,2020-01-01,30760
Pulau Pinang,Timur Laut,primary,both,2021-01-01,30773
Pulau Pinang,Timur Laut,primary,both,2022-01-01,30166
Pulau Pinang,Timur Laut,primary,both,2023-06-30,30131
Pulau Pinang,Timur Laut,primary,both,2024-06-30,29430
Pulau Pinang,Timur Laut,primary,both,2025-06-30,28203
Pulau Pinang,Timur Laut,primary,female,2017-01-01,15073
Pulau Pinang,Timur Laut,primary,female,2018-01-01,14909
Pulau Pinang,Timur Laut,primary,female,2019-01-01,15058
Pulau Pinang,Timur Laut,primary,female,2020-01-01,14918
Pulau Pinang,Timur Laut,primary,female,2021-01-01,14828
Pulau Pinang,Timur Laut,primary,female,2022-01-01,14663
Pulau Pinang,Timur Laut,primary,female,2023-06-30,14691
Pulau Pinang,Timur Laut,primary,female,2024-06-30,14414
Pulau Pinang,Timur Laut,primary,female,2025-06-30,13808
Pulau Pinang,Timur Laut,primary,male,2017-01-01,15904
Pulau Pinang,Timur Laut,primary,male,2018-01-01,15865
Pulau Pinang,Timur Laut,primary,male,2019-01-01,16062
Pulau Pinang,Timur Laut,primary,male,2020-01-01,15842
Pulau Pinang,Timur Laut,primary,male,2021-01-01,15945
Pulau Pinang,Timur Laut,primary,male,2022-01-01,15503
Pulau Pinang,Timur Laut,primary,male,2023-06-30,15440
Pulau Pinang,Timur Laut,primary,male,2024-06-30,15016
Pulau Pinang,Timur Laut,primary,male,2025-06-30,14395
Pulau Pinang,Timur Laut,secondary,both,2017-01-01,31470
Pulau Pinang,Timur Laut,secondary,both,2018-01-01,28069
Pulau Pinang,Timur Laut,secondary,both,2019-01-01,27206
Pulau Pinang,Timur Laut,secondary,both,2020-01-01,26818
Pulau Pinang,Timur Laut,secondary,both,2021-01-01,26691
Pulau Pinang,Timur Laut,secondary,both,2022-01-01,26266
Pulau Pinang,Timur Laut,secondary,both,2023-06-30,25482
Pulau Pinang,Timur Laut,secondary,both,2024-06-30,25554
Pulau Pinang,Timur Laut,secondary,both,2025-06-30,25598
Pulau Pinang,Timur Laut,secondary,female,2017-01-01,15688
Pulau Pinang,Timur Laut,secondary,female,2018-01-01,13921
Pulau Pinang,Timur Laut,secondary,female,2019-01-01,13382
Pulau Pinang,Timur Laut,secondary,female,2020-01-01,13190
Pulau Pinang,Timur Laut,secondary,female,2021-01-01,13042
Pulau Pinang,Timur Laut,secondary,female,2022-01-01,12784
Pulau Pinang,Timur Laut,secondary,female,2023-06-30,12458
Pulau Pinang,Timur Laut,secondary,female,2024-06-30,12362
Pulau Pinang,Timur Laut,secondary,female,2025-06-30,12344
Pulau Pinang,Timur Laut,secondary,male,2017-01-01,15782
Pulau Pinang,Timur Laut,secondary,male,2018-01-01,14148
Pulau Pinang,Timur Laut,secondary,male,2019-01-01,13824
Pulau Pinang,Timur Laut,secondary,male,2020-01-01,13628
Pulau Pinang,Timur Laut,secondary,male,2021-01-01,13649
Pulau Pinang,Timur Laut,secondary,male,2022-01-01,13482
Pulau Pinang,Timur Laut,secondary,male,2023-06-30,13024
Pulau Pinang,Timur Laut,secondary,male,2024-06-30,13192
Pulau Pinang,Timur Laut,secondary,male,2025-06-30,13254
Pulau Pinang,Timur Laut,post_secondary,both,2018-01-01,2025
Pulau Pinang,Timur Laut,post_secondary,both,2019-01-01,1969
Pulau Pinang,Timur Laut,post_secondary,both,2020-01-01,973
Pulau Pinang,Timur Laut,post_secondary,both,2021-01-01,865
Pulau Pinang,Timur Laut,post_secondary,both,2022-01-01,946
Pulau Pinang,Timur Laut,post_secondary,both,2023-06-30,831
Pulau Pinang,Timur Laut,post_secondary,both,2024-06-30,694
Pulau Pinang,Timur Laut,post_secondary,both,2025-06-30,1414
Pulau Pinang,Timur Laut,post_secondary,female,2018-01-01,1069
Pulau Pinang,Timur Laut,post_secondary,female,2019-01-01,1062
Pulau Pinang,Timur Laut,post_secondary,female,2020-01-01,533
Pulau Pinang,Timur Laut,post_secondary,female,2021-01-01,441
Pulau Pinang,Timur Laut,post_secondary,female,2022-01-01,478
Pulau Pinang,Timur Laut,post_secondary,female,2023-06-30,409
Pulau Pinang,Timur Laut,post_secondary,female,2024-06-30,356
Pulau Pinang,Timur Laut,post_secondary,female,2025-06-30,747
Pulau Pinang,Timur Laut,post_secondary,male,2018-01-01,956
Pulau Pinang,Timur Laut,post_secondary,male,2019-01-01,907
Pulau Pinang,Timur Laut,post_secondary,male,2020-01-01,440
Pulau Pinang,Timur Laut,post_secondary,male,2021-01-01,424
Pulau Pinang,Timur Laut,post_secondary,male,2022-01-01,468
Pulau Pinang,Timur Laut,post_secondary,male,2023-06-30,422
Pulau Pinang,Timur Laut,post_secondary,male,2024-06-30,338
Pulau Pinang,Timur Laut,post_secondary,male,2025-06-30,667
Sabah,All Districts,primary,both,2017-01-01,273837
Sabah,All Districts,primary,both,2018-01-01,277583
Sabah,All Districts,primary,both,2019-01-01,284266
Sabah,All Districts,primary,both,2020-01-01,289528
Sabah,All Districts,primary,both,2021-01-01,292188
Sabah,All Districts,primary,both,2022-01-01,292541
Sabah,All Districts,primary,both,2023-06-30,292143
Sabah,All Districts,primary,both,2024-06-30,290373
Sabah,All Districts,primary,both,2025-06-30,285948
Sabah,All Districts,primary,female,2017-01-01,133041
Sabah,All Districts,primary,female,2018-01-01,134831
Sabah,All Districts,primary,female,2019-01-01,137965
Sabah,All Districts,primary,female,2020-01-01,140037
Sabah,All Districts,primary,female,2021-01-01,141384
Sabah,All Districts,primary,female,2022-01-01,141423
Sabah,All Districts,primary,female,2023-06-30,141385
Sabah,All Districts,primary,female,2024-06-30,140531
Sabah,All Districts,primary,female,2025-06-30,138233
Sabah,All Districts,primary,male,2017-01-01,140796
Sabah,All Districts,primary,male,2018-01-01,142752
Sabah,All Districts,primary,male,2019-01-01,146301
Sabah,All Districts,primary,male,2020-01-01,149491
Sabah,All Districts,primary,male,2021-01-01,150804
Sabah,All Districts,primary,male,2022-01-01,151118
Sabah,All Districts,primary,male,2023-06-30,150758
Sabah,All Districts,primary,male,2024-06-30,149842
Sabah,All Districts,primary,male,2025-06-30,147715
Sabah,All Districts,secondary,both,2017-01-01,210268
Sabah,All Districts,secondary,both,2018-01-01,190742
Sabah,All Districts,secondary,both,2019-01-01,189409
Sabah,All Districts,secondary,both,2020-01-01,190600
Sabah,All Districts,secondary,both,2021-01-01,198935
Sabah,All Districts,secondary,both,2022-01-01,204780
Sabah,All Districts,secondary,both,2023-06-30,206892
Sabah,All Districts,secondary,both,2024-06-30,212471
Sabah,All Districts,secondary,both,2025-06-30,217431
Sabah,All Districts,secondary,female,2017-01-01,107372
Sabah,All Districts,secondary,female,2018-01-01,95234
Sabah,All Districts,secondary,female,2019-01-01,94616
Sabah,All Districts,secondary,female,2020-01-01,95002
Sabah,All Districts,secondary,female,2021-01-01,98096
Sabah,All Districts,secondary,female,2022-01-01,100458
Sabah,All Districts,secondary,female,2023-06-30,101767
Sabah,All Districts,secondary,female,2024-06-30,104698
Sabah,All Districts,secondary,female,2025-06-30,106991
Sabah,All Districts,secondary,male,2017-01-01,102896
Sabah,All Districts,secondary,male,2018-01-01,95508
Sabah,All Districts,secondary,male,2019-01-01,94793
Sabah,All Districts,secondary,male,2020-01-01,95598
Sabah,All Districts,secondary,male,2021-01-01,100839
Sabah,All Districts,secondary,male,2022-01-01,104322
Sabah,All Districts,secondary,male,2023-06-30,105125
Sabah,All Districts,secondary,male,2024-06-30,107773
Sabah,All Districts,secondary,male,2025-06-30,110440
Sabah,All Districts,post_secondary,both,2018-01-01,17833
Sabah,All Districts,post_secondary,both,2019-01-01,18921
Sabah,All Districts,post_secondary,both,2020-01-01,10006
Sabah,All Districts,post_secondary,both,2021-01-01,10169
Sabah,All Districts,post_secondary,both,2022-01-01,9543
Sabah,All Districts,post_secondary,both,2023-06-30,10771
Sabah,All Districts,post_secondary,both,2024-06-30,10521
Sabah,All Districts,post_secondary,both,2025-06-30,20501
Sabah,All Districts,post_secondary,female,2018-01-01,11397
Sabah,All Districts,post_secondary,female,2019-01-01,12031
Sabah,All Districts,post_secondary,female,2020-01-01,6123
Sabah,All Districts,post_secondary,female,2021-01-01,6419
Sabah,All Districts,post_secondary,female,2022-01-01,5795
Sabah,All Districts,post_secondary,female,2023-06-30,6562
Sabah,All Districts,post_secondary,female,2024-06-30,6313
Sabah,All Districts,post_secondary,female,2025-06-30,12780
Sabah,All Districts,post_secondary,male,2018-01-01,6436
Sabah,All Districts,post_secondary,male,2019-01-01,6890
Sabah,All Districts,post_secondary,male,2020-01-01,3883
Sabah,All Districts,post_secondary,male,2021-01-01,3750
Sabah,All Districts,post_secondary,male,2022-01-01,3748
Sabah,All Districts,post_secondary,male,2023-06-30,4209
Sabah,All Districts,post_secondary,male,2024-06-30,4208
Sabah,All Districts,post_secondary,male,2025-06-30,7721
Sabah,Beaufort,primary,both,2017-01-01,7308
Sabah,Beaufort,primary,both,2018-01-01,7730
Sabah,Beaufort,primary,both,2019-01-01,8002
Sabah,Beaufort,primary,both,2020-01-01,8074
Sabah,Beaufort,primary,both,2021-01-01,8162
Sabah,Beaufort,primary,both,2022-01-01,7968
Sabah,Beaufort,primary,both,2023-06-30,7740
Sabah,Beaufort,primary,both,2024-06-30,7659
Sabah,Beaufort,primary,both,2025-06-30,7424
Sabah,Beaufort,primary,female,2017-01-01,3521
Sabah,Beaufort,primary,female,2018-01-01,3757
Sabah,Beaufort,primary,female,2019-01-01,3890
Sabah,Beaufort,primary,female,2020-01-01,3956
Sabah,Beaufort,primary,female,2021-01-01,3968
Sabah,Beaufort,primary,female,2022-01-01,3847
Sabah,Beaufort,primary,female,2023-06-30,3753
Sabah,Beaufort,primary,female,2024-06-30,3713
Sabah,Beaufort,primary,female,2025-06-30,3585
Sabah,Beaufort,primary,male,2017-01-01,3787
Sabah,Beaufort,primary,male,2018-01-01,3973
Sabah,Beaufort,primary,male,2019-01-01,4112
Sabah,Beaufort,primary,male,2020-01-01,4118
Sabah,Beaufort,primary,male,2021-01-01,4194
Sabah,Beaufort,primary,male,2022-01-01,4121
Sabah,Beaufort,primary,male,2023-06-30,3987
Sabah,Beaufort,primary,male,2024-06-30,3946
Sabah,Beaufort,primary,male,2025-06-30,3839
Sabah,Beaufort,secondary,both,2017-01-01,6503
Sabah,Beaufort,secondary,both,2018-01-01,5373
Sabah,Beaufort,secondary,both,2019-01-01,5299
Sabah,Beaufort,secondary,both,2020-01-01,5344
Sabah,Beaufort,secondary,both,2021-01-01,5633
Sabah,Beaufort,secondary,both,2022-01-01,5849
Sabah,Beaufort,secondary,both,2023-06-30,5914
Sabah,Beaufort,secondary,both,2024-06-30,6229
Sabah,Beaufort,secondary,both,2025-06-30,6414
Sabah,Beaufort,secondary,female,2017-01-01,3248
Sabah,Beaufort,secondary,female,2018-01-01,2607
Sabah,Beaufort,secondary,female,2019-01-01,2561
Sabah,Beaufort,secondary,female,2020-01-01,2561
Sabah,Beaufort,secondary,female,2021-01-01,2705
Sabah,Beaufort,secondary,female,2022-01-01,2833
Sabah,Beaufort,secondary,female,2023-06-30,2876
Sabah,Beaufort,secondary,female,2024-06-30,2999
Sabah,Beaufort,secondary,female,2025-06-30,3101
Sabah,Beaufort,secondary,male,2017-01-01,3255
Sabah,Beaufort,secondary,male,2018-01-01,2766
Sabah,Beaufort,secondary,male,2019-01-01,2738
Sabah,Beaufort,secondary,male,2020-01-01,2783
Sabah,Beaufort,secondary,male,2021-01-01,2928
Sabah,Beaufort,secondary,male,2022-01-01,3016
Sabah,Beaufort,secondary,male,2023-06-30,3038
Sabah,Beaufort,secondary,male,2024-06-30,3230
Sabah,Beaufort,secondary,male,2025-06-30,3313
Sabah,Beaufort,post_secondary,both,2018-01-01,861
Sabah,Beaufort,post_secondary,both,2019-01-01,818
Sabah,Beaufort,post_secondary,both,2020-01-01,449
Sabah,Beaufort,post_secondary,both,2021-01-01,481
Sabah,Beaufort,post_secondary,both,2022-01-01,433
Sabah,Beaufort,post_secondary,both,2023-06-30,560
Sabah,Beaufort,post_secondary,both,2024-06-30,487
Sabah,Beaufort,post_secondary,both,2025-06-30,838
Sabah,Beaufort,post_secondary,female,2018-01-01,498
Sabah,Beaufort,post_secondary,female,2019-01-01,485
Sabah,Beaufort,post_secondary,female,2020-01-01,254
Sabah,Beaufort,post_secondary,female,2021-01-01,282
Sabah,Beaufort,post_secondary,female,2022-01-01,211
Sabah,Beaufort,post_secondary,female,2023-06-30,300
Sabah,Beaufort,post_secondary,female,2024-06-30,261
Sabah,Beaufort,post_secondary,female,2025-06-30,479
Sabah,Beaufort,post_secondary,male,2018-01-01,363
Sabah,Beaufort,post_secondary,male,2019-01-01,333
Sabah,Beaufort,post_secondary,male,2020-01-01,195
Sabah,Beaufort,post_secondary,male,2021-01-01,199
Sabah,Beaufort,post_secondary,male,2022-01-01,222
Sabah,Beaufort,post_secondary,male,2023-06-30,260
Sabah,Beaufort,post_secondary,male,2024-06-30,226
Sabah,Beaufort,post_secondary,male,2025-06-30,359
Sabah,Beluran,primary,both,2017-01-01,6357
Sabah,Beluran,primary,both,2018-01-01,6572
Sabah,Beluran,primary,both,2019-01-01,6754
Sabah,Beluran,primary,both,2020-01-01,6876
Sabah,Beluran,primary,both,2021-01-01,6982
Sabah,Beluran,primary,both,2022-01-01,6931
Sabah,Beluran,primary,both,2023-06-30,6892
Sabah,Beluran,primary,both,2024-06-30,6774
Sabah,Beluran,primary,both,2025-06-30,6619
Sabah,Beluran,primary,female,2017-01-01,3144
Sabah,Beluran,primary,female,2018-01-01,3207
Sabah,Beluran,primary,female,2019-01-01,3294
Sabah,Beluran,primary,female,2020-01-01,3348
Sabah,Beluran,primary,female,2021-01-01,3381
Sabah,Beluran,primary,female,2022-01-01,3344
Sabah,Beluran,primary,female,2023-06-30,3327
Sabah,Beluran,primary,female,2024-06-30,3282
Sabah,Beluran,primary,female,2025-06-30,3207
Sabah,Beluran,primary,male,2017-01-01,3213
Sabah,Beluran,primary,male,2018-01-01,3365
Sabah,Beluran,primary,male,2019-01-01,3460
Sabah,Beluran,primary,male,2020-01-01,3528
Sabah,Beluran,primary,male,2021-01-01,3601
Sabah,Beluran,primary,male,2022-01-01,3587
Sabah,Beluran,primary,male,2023-06-30,3565
Sabah,Beluran,primary,male,2024-06-30,3492
Sabah,Beluran,primary,male,2025-06-30,3412
Sabah,Beluran,secondary,both,2017-01-01,3829
Sabah,Beluran,secondary,both,2018-01-01,3588
Sabah,Beluran,secondary,both,2019-01-01,3530
Sabah,Beluran,secondary,both,2020-01-01,3704
Sabah,Beluran,secondary,both,2021-01-01,3960
Sabah,Beluran,secondary,both,2022-01-01,4050
Sabah,Beluran,secondary,both,2023-06-30,4028
Sabah,Beluran,secondary,both,2024-06-30,4249
Sabah,Beluran,secondary,both,2025-06-30,4233
Sabah,Beluran,secondary,female,2017-01-01,1996
Sabah,Beluran,secondary,female,2018-01-01,1787
Sabah,Beluran,secondary,female,2019-01-01,1777
Sabah,Beluran,secondary,female,2020-01-01,1858
Sabah,Beluran,secondary,female,2021-01-01,2012
Sabah,Beluran,secondary,female,2022-01-01,2033
Sabah,Beluran,secondary,female,2023-06-30,2050
Sabah,Beluran,secondary,female,2024-06-30,2162
Sabah,Beluran,secondary,female,2025-06-30,2138
Sabah,Beluran,secondary,male,2017-01-01,1833
Sabah,Beluran,secondary,male,2018-01-01,1801
Sabah,Beluran,secondary,male,2019-01-01,1753
Sabah,Beluran,secondary,male,2020-01-01,1846
Sabah,Beluran,secondary,male,2021-01-01,1948
Sabah,Beluran,secondary,male,2022-01-01,2017
Sabah,Beluran,secondary,male,2023-06-30,1978
Sabah,Beluran,secondary,male,2024-06-30,2087
Sabah,Beluran,secondary,male,2025-06-30,2095
Sabah,Beluran,post_secondary,both,2018-01-01,250
Sabah,Beluran,post_secondary,both,2019-01-01,262
Sabah,Beluran,post_secondary,both,2020-01-01,128
Sabah,Beluran,post_secondary,both,2021-01-01,146
Sabah,Beluran,post_secondary,both,2022-01-01,161
Sabah,Beluran,post_secondary,both,2023-06-30,144
Sabah,Beluran,post_secondary,both,2024-06-30,165
Sabah,Beluran,post_secondary,both,2025-06-30,330
Sabah,Beluran,post_secondary,female,2018-01-01,177
Sabah,Beluran,post_secondary,female,2019-01-01,189
Sabah,Beluran,post_secondary,female,2020-01-01,92
Sabah,Beluran,post_secondary,female,2021-01-01,96
Sabah,Beluran,post_secondary,female,2022-01-01,96
Sabah,Beluran,post_secondary,female,2023-06-30,105
Sabah,Beluran,post_secondary,female,2024-06-30,98
Sabah,Beluran,post_secondary,female,2025-06-30,216
Sabah,Beluran,post_secondary,male,2018-01-01,73
Sabah,Beluran,post_secondary,male,2019-01-01,73
Sabah,Beluran,post_secondary,male,2020-01-01,36
Sabah,Beluran,post_secondary,male,2021-01-01,50
Sabah,Beluran,post_secondary,male,2022-01-01,65
Sabah,Beluran,post_secondary,male,2023-06-30,39
Sabah,Beluran,post_secondary,male,2024-06-30,67
Sabah,Beluran,post_secondary,male,2025-06-30,114
Sabah,Keningau,primary,both,2017-01-01,16686
Sabah,Keningau,primary,both,2018-01-01,16666
Sabah,Keningau,primary,both,2019-01-01,16948
Sabah,Keningau,primary,both,2020-01-01,17198
Sabah,Keningau,primary,both,2021-01-01,17345
Sabah,Keningau,primary,both,2022-01-01,17421
Sabah,Keningau,primary,both,2023-06-30,17323
Sabah,Keningau,primary,both,2024-06-30,17133
Sabah,Keningau,primary,both,2025-06-30,16938
Sabah,Keningau,primary,female,2017-01-01,8123
Sabah,Keningau,primary,female,2018-01-01,8097
Sabah,Keningau,primary,female,2019-01-01,8213
Sabah,Keningau,primary,female,2020-01-01,8309
Sabah,Keningau,primary,female,2021-01-01,8368
Sabah,Keningau,primary,female,2022-01-01,8375
Sabah,Keningau,primary,female,2023-06-30,8333
Sabah,Keningau,primary,female,2024-06-30,8202
Sabah,Keningau,primary,female,2025-06-30,8078
Sabah,Keningau,primary,male,2017-01-01,8563
Sabah,Keningau,primary,male,2018-01-01,8569
Sabah,Keningau,primary,male,2019-01-01,8735
Sabah,Keningau,primary,male,2020-01-01,8889
Sabah,Keningau,primary,male,2021-01-01,8977
Sabah,Keningau,primary,male,2022-01-01,9046
Sabah,Keningau,primary,male,2023-06-30,8990
Sabah,Keningau,primary,male,2024-06-30,8931
Sabah,Keningau,primary,male,2025-06-30,8860
Sabah,Keningau,secondary,both,2017-01-01,14404
Sabah,Keningau,secondary,both,2018-01-01,12706
Sabah,Keningau,secondary,both,2019-01-01,12431
Sabah,Keningau,secondary,both,2020-01-01,12521
Sabah,Keningau,secondary,both,2021-01-01,13194
Sabah,Keningau,secondary,both,2022-01-01,13573
Sabah,Keningau,secondary,both,2023-06-30,13631
Sabah,Keningau,secondary,both,2024-06-30,13998
Sabah,Keningau,secondary,both,2025-06-30,14303
Sabah,Keningau,secondary,female,2017-01-01,7322
Sabah,Keningau,secondary,female,2018-01-01,6328
Sabah,Keningau,secondary,female,2019-01-01,6217
Sabah,Keningau,secondary,female,2020-01-01,6223
Sabah,Keningau,secondary,female,2021-01-01,6518
Sabah,Keningau,secondary,female,2022-01-01,6659
Sabah,Keningau,secondary,female,2023-06-30,6717
Sabah,Keningau,secondary,female,2024-06-30,6893
Sabah,Keningau,secondary,female,2025-06-30,7077
Sabah,Keningau,secondary,male,2017-01-01,7082
Sabah,Keningau,secondary,male,2018-01-01,6378
Sabah,Keningau,secondary,male,2019-01-01,6214
Sabah,Keningau,secondary,male,2020-01-01,6298
Sabah,Keningau,secondary,male,2021-01-01,6676
Sabah,Keningau,secondary,male,2022-01-01,6914
Sabah,Keningau,secondary,male,2023-06-30,6914
Sabah,Keningau,secondary,male,2024-06-30,7105
Sabah,Keningau,secondary,male,2025-06-30,7226
Sabah,Keningau,post_secondary,both,2018-01-01,1327
Sabah,Keningau,post_secondary,both,2019-01-01,1464
Sabah,Keningau,post_secondary,both,2020-01-01,901
Sabah,Keningau,post_secondary,both,2021-01-01,790
Sabah,Keningau,post_secondary,both,2022-01-01,756
Sabah,Keningau,post_secondary,both,2023-06-30,1003
Sabah,Keningau,post_secondary,both,2024-06-30,862
Sabah,Keningau,post_secondary,both,2025-06-30,1636
Sabah,Keningau,post_secondary,female,2018-01-01,837
Sabah,Keningau,post_secondary,female,2019-01-01,889
Sabah,Keningau,post_secondary,female,2020-01-01,531
Sabah,Keningau,post_secondary,female,2021-01-01,486
Sabah,Keningau,post_secondary,female,2022-01-01,461
Sabah,Keningau,post_secondary,female,2023-06-30,571
Sabah,Keningau,post_secondary,female,2024-06-30,517
Sabah,Keningau,post_secondary,female,2025-06-30,1012
Sabah,Keningau,post_secondary,male,2018-01-01,490
Sabah,Keningau,post_secondary,male,2019-01-01,575
Sabah,Keningau,post_secondary,male,2020-01-01,370
Sabah,Keningau,post_secondary,male,2021-01-01,304
Sabah,Keningau,post_secondary,male,2022-01-01,295
Sabah,Keningau,post_secondary,male,2023-06-30,432
Sabah,Keningau,post_secondary,male,2024-06-30,345
Sabah,Keningau,post_secondary,male,2025-06-30,624
Sabah,Kinabatangan,primary,both,2017-01-01,5220
Sabah,Kinabatangan,primary,both,2018-01-01,5391
Sabah,Kinabatangan,primary,both,2019-01-01,5515
Sabah,Kinabatangan,primary,both,2020-01-01,5664
Sabah,Kinabatangan,primary,both,2021-01-01,5606
Sabah,Kinabatangan,primary,both,2022-01-01,5604
Sabah,Kinabatangan,primary,both,2023-06-30,5498
Sabah,Kinabatangan,primary,both,2024-06-30,5464
Sabah,Kinabatangan,primary,both,2025-06-30,5422
Sabah,Kinabatangan,primary,female,2017-01-01,2468
Sabah,Kinabatangan,primary,female,2018-01-01,2533
Sabah,Kinabatangan,primary,female,2019-01-01,2588
Sabah,Kinabatangan,primary,female,2020-01-01,2657
Sabah,Kinabatangan,primary,female,2021-01-01,2644
Sabah,Kinabatangan,primary,female,2022-01-01,2661
Sabah,Kinabatangan,primary,female,2023-06-30,2653
Sabah,Kinabatangan,primary,female,2024-06-30,2649
Sabah,Kinabatangan,primary,female,2025-06-30,2630
Sabah,Kinabatangan,primary,male,2017-01-01,2752
Sabah,Kinabatangan,primary,male,2018-01-01,2858
Sabah,Kinabatangan,primary,male,2019-01-01,2927
Sabah,Kinabatangan,primary,male,2020-01-01,3007
Sabah,Kinabatangan,primary,male,2021-01-01,2962
Sabah,Kinabatangan,primary,male,2022-01-01,2943
Sabah,Kinabatangan,primary,male,2023-06-30,2845
Sabah,Kinabatangan,primary,male,2024-06-30,2815
Sabah,Kinabatangan,primary,male,2025-06-30,2792
Sabah,Kinabatangan,secondary,both,2017-01-01,3191
Sabah,Kinabatangan,secondary,both,2018-01-01,2999
Sabah,Kinabatangan,secondary,both,2019-01-01,3000
Sabah,Kinabatangan,secondary,both,2020-01-01,3042
Sabah,Kinabatangan,secondary,both,2021-01-01,3253
Sabah,Kinabatangan,secondary,both,2022-01-01,3312
Sabah,Kinabatangan,secondary,both,2023-06-30,3368
Sabah,Kinabatangan,secondary,both,2024-06-30,3582
Sabah,Kinabatangan,secondary,both,2025-06-30,3633
Sabah,Kinabatangan,secondary,female,2017-01-01,1625
Sabah,Kinabatangan,secondary,female,2018-01-01,1493
Sabah,Kinabatangan,secondary,female,2019-01-01,1502
Sabah,Kinabatangan,secondary,female,2020-01-01,1522
Sabah,Kinabatangan,secondary,female,2021-01-01,1565
Sabah,Kinabatangan,secondary,female,2022-01-01,1583
Sabah,Kinabatangan,secondary,female,2023-06-30,1620
Sabah,Kinabatangan,secondary,female,2024-06-30,1721
Sabah,Kinabatangan,secondary,female,2025-06-30,1754
Sabah,Kinabatangan,secondary,male,2017-01-01,1566
Sabah,Kinabatangan,secondary,male,2018-01-01,1506
Sabah,Kinabatangan,secondary,male,2019-01-01,1498
Sabah,Kinabatangan,secondary,male,2020-01-01,1520
Sabah,Kinabatangan,secondary,male,2021-01-01,1688
Sabah,Kinabatangan,secondary,male,2022-01-01,1729
Sabah,Kinabatangan,secondary,male,2023-06-30,1748
Sabah,Kinabatangan,secondary,male,2024-06-30,1861
Sabah,Kinabatangan,secondary,male,2025-06-30,1879
Sabah,Kinabatangan,post_secondary,both,2018-01-01,213
Sabah,Kinabatangan,post_secondary,both,2019-01-01,198
Sabah,Kinabatangan,post_secondary,both,2020-01-01,92
Sabah,Kinabatangan,post_secondary,both,2021-01-01,100
Sabah,Kinabatangan,post_secondary,both,2022-01-01,101
Sabah,Kinabatangan,post_secondary,both,2023-06-30,122
Sabah,Kinabatangan,post_secondary,both,2024-06-30,106
Sabah,Kinabatangan,post_secondary,both,2025-06-30,237
Sabah,Kinabatangan,post_secondary,female,2018-01-01,151
Sabah,Kinabatangan,post_secondary,female,2019-01-01,136
Sabah,Kinabatangan,post_secondary,female,2020-01-01,57
Sabah,Kinabatangan,post_secondary,female,2021-01-01,62
Sabah,Kinabatangan,post_secondary,female,2022-01-01,67
Sabah,Kinabatangan,post_secondary,female,2023-06-30,83
Sabah,Kinabatangan,post_secondary,female,2024-06-30,57
Sabah,Kinabatangan,post_secondary,female,2025-06-30,159
Sabah,Kinabatangan,post_secondary,male,2018-01-01,62
Sabah,Kinabatangan,post_secondary,male,2019-01-01,62
Sabah,Kinabatangan,post_secondary,male,2020-01-01,35
Sabah,Kinabatangan,post_secondary,male,2021-01-01,38
Sabah,Kinabatangan,post_secondary,male,2022-01-01,34
Sabah,Kinabatangan,post_secondary,male,2023-06-30,39
Sabah,Kinabatangan,post_secondary,male,2024-06-30,49
Sabah,Kinabatangan,post_secondary,male,2025-06-30,78
Sabah,Kota Belud,primary,both,2017-01-01,11099
Sabah,Kota Belud,primary,both,2018-01-01,11265
Sabah,Kota Belud,primary,both,2019-01-01,11398
Sabah,Kota Belud,primary,both,2020-01-01,11463
Sabah,Kota Belud,primary,both,2021-01-01,11462
Sabah,Kota Belud,primary,both,2022-01-01,11419
Sabah,Kota Belud,primary,both,2023-06-30,11207
Sabah,Kota Belud,primary,both,2024-06-30,11185
Sabah,Kota Belud,primary,both,2025-06-30,11011
Sabah,Kota Belud,primary,female,2017-01-01,5362
Sabah,Kota Belud,primary,female,2018-01-01,5442
Sabah,Kota Belud,primary,female,2019-01-01,5512
Sabah,Kota Belud,primary,female,2020-01-01,5498
Sabah,Kota Belud,primary,female,2021-01-01,5516
Sabah,Kota Belud,primary,female,2022-01-01,5442
Sabah,Kota Belud,primary,female,2023-06-30,5407
Sabah,Kota Belud,primary,female,2024-06-30,5369
Sabah,Kota Belud,primary,female,2025-06-30,5302
Sabah,Kota Belud,primary,male,2017-01-01,5737
Sabah,Kota Belud,primary,male,2018-01-01,5823
Sabah,Kota Belud,primary,male,2019-01-01,5886
Sabah,Kota Belud,primary,male,2020-01-01,5965
Sabah,Kota Belud,primary,male,2021-01-01,5946
Sabah,Kota Belud,primary,male,2022-01-01,5977
Sabah,Kota Belud,primary,male,2023-06-30,5800
Sabah,Kota Belud,primary,male,2024-06-30,5816
Sabah,Kota Belud,primary,male,2025-06-30,5709
Sabah,Kota Belud,secondary,both,2017-01-01,9087
Sabah,Kota Belud,secondary,both,2018-01-01,8293
Sabah,Kota Belud,secondary,both,2019-01-01,8128
Sabah,Kota Belud,secondary,both,2020-01-01,8103
Sabah,Kota Belud,secondary,both,2021-01-01,8421
Sabah,Kota Belud,secondary,both,2022-01-01,8775
Sabah,Kota Belud,secondary,both,2023-06-30,8930
Sabah,Kota Belud,secondary,both,2024-06-30,9035
Sabah,Kota Belud,secondary,both,2025-06-30,9178
Sabah,Kota Belud,secondary,female,2017-01-01,4732
Sabah,Kota Belud,secondary,female,2018-01-01,4175
Sabah,Kota Belud,secondary,female,2019-01-01,4054
Sabah,Kota Belud,secondary,female,2020-01-01,4048
Sabah,Kota Belud,secondary,female,2021-01-01,4132
Sabah,Kota Belud,secondary,female,2022-01-01,4330
Sabah,Kota Belud,secondary,female,2023-06-30,4360
Sabah,Kota Belud,secondary,female,2024-06-30,4465
Sabah,Kota Belud,secondary,female,2025-06-30,4494
Sabah,Kota Belud,secondary,male,2017-01-01,4355
Sabah,Kota Belud,secondary,male,2018-01-01,4118
Sabah,Kota Belud,secondary,male,2019-01-01,4074
Sabah,Kota Belud,secondary,male,2020-01-01,4055
Sabah,Kota Belud,secondary,male,2021-01-01,4289
Sabah,Kota Belud,secondary,male,2022-01-01,4445
Sabah,Kota Belud,secondary,male,2023-06-30,4570
Sabah,Kota Belud,secondary,male,2024-06-30,4570
Sabah,Kota Belud,secondary,male,2025-06-30,4684
Sabah,Kota Belud,post_secondary,both,2018-01-01,768
Sabah,Kota Belud,post_secondary,both,2019-01-01,821
Sabah,Kota Belud,post_secondary,both,2020-01-01,381
Sabah,Kota Belud,post_secondary,both,2021-01-01,367
Sabah,Kota Belud,post_secondary,both,2022-01-01,323
Sabah,Kota Belud,post_secondary,both,2023-06-30,317
Sabah,Kota Belud,post_secondary,both,2024-06-30,380
Sabah,Kota Belud,post_secondary,both,2025-06-30,814
Sabah,Kota Belud,post_secondary,female,2018-01-01,529
Sabah,Kota Belud,post_secondary,female,2019-01-01,575
Sabah,Kota Belud,post_secondary,female,2020-01-01,268
Sabah,Kota Belud,post_secondary,female,2021-01-01,253
Sabah,Kota Belud,post_secondary,female,2022-01-01,235
Sabah,Kota Belud,post_secondary,female,2023-06-30,221
Sabah,Kota Belud,post_secondary,female,2024-06-30,258
Sabah,Kota Belud,post_secondary,female,2025-06-30,538
Sabah,Kota Belud,post_secondary,male,2018-01-01,239
Sabah,Kota Belud,post_secondary,male,2019-01-01,246
Sabah,Kota Belud,post_secondary,male,2020-01-01,113
Sabah,Kota Belud,post_secondary,male,2021-01-01,114
Sabah,Kota Belud,post_secondary,male,2022-01-01,88
Sabah,Kota Belud,post_secondary,male,2023-06-30,96
Sabah,Kota Belud,post_secondary,male,2024-06-30,122
Sabah,Kota Belud,post_secondary,male,2025-06-30,276
Sabah,Kota Kinabalu,primary,both,2017-01-01,37667
Sabah,Kota Kinabalu,primary,both,2018-01-01,38811
Sabah,Kota Kinabalu,primary,both,2019-01-01,40052
Sabah,Kota Kinabalu,primary,both,2020-01-01,41092
Sabah,Kota Kinabalu,primary,both,2021-01-01,41332
Sabah,Kota Kinabalu,primary,both,2022-01-01,41468
Sabah,Kota Kinabalu,primary,both,2023-06-30,41760
Sabah,Kota Kinabalu,primary,both,2024-06-30,41412
Sabah,Kota Kinabalu,primary,both,2025-06-30,40739
Sabah,Kota Kinabalu,primary,female,2017-01-01,18454
Sabah,Kota Kinabalu,primary,female,2018-01-01,18947
Sabah,Kota Kinabalu,primary,female,2019-01-01,19616
Sabah,Kota Kinabalu,primary,female,2020-01-01,20086
Sabah,Kota Kinabalu,primary,female,2021-01-01,20270
Sabah,Kota Kinabalu,primary,female,2022-01-01,20253
Sabah,Kota Kinabalu,primary,female,2023-06-30,20464
Sabah,Kota Kinabalu,primary,female,2024-06-30,20260
Sabah,Kota Kinabalu,primary,female,2025-06-30,19926
Sabah,Kota Kinabalu,primary,male,2017-01-01,19213
Sabah,Kota Kinabalu,primary,male,2018-01-01,19864
Sabah,Kota Kinabalu,primary,male,2019-01-01,20436
Sabah,Kota Kinabalu,primary,male,2020-01-01,21006
Sabah,Kota Kinabalu,primary,male,2021-01-01,21062
Sabah,Kota Kinabalu,primary,male,2022-01-01,21215
Sabah,Kota Kinabalu,primary,male,2023-06-30,21296
Sabah,Kota Kinabalu,primary,male,2024-06-30,21152
Sabah,Kota Kinabalu,primary,male,2025-06-30,20813
Sabah,Kota Kinabalu,secondary,both,2017-01-01,27342
Sabah,Kota Kinabalu,secondary,both,2018-01-01,24956
Sabah,Kota Kinabalu,secondary,both,2019-01-01,24903
Sabah,Kota Kinabalu,secondary,both,2020-01-01,25170
Sabah,Kota Kinabalu,secondary,both,2021-01-01,25850
Sabah,Kota Kinabalu,secondary,both,2022-01-01,26444
Sabah,Kota Kinabalu,secondary,both,2023-06-30,26815
Sabah,Kota Kinabalu,secondary,both,2024-06-30,27813
Sabah,Kota Kinabalu,secondary,both,2025-06-30,28574
Sabah,Kota Kinabalu,secondary,female,2017-01-01,13984
Sabah,Kota Kinabalu,secondary,female,2018-01-01,12627
Sabah,Kota Kinabalu,secondary,female,2019-01-01,12535
Sabah,Kota Kinabalu,secondary,female,2020-01-01,12619
Sabah,Kota Kinabalu,secondary,female,2021-01-01,12803
Sabah,Kota Kinabalu,secondary,female,2022-01-01,13111
Sabah,Kota Kinabalu,secondary,female,2023-06-30,13235
Sabah,Kota Kinabalu,secondary,female,2024-06-30,13700
Sabah,Kota Kinabalu,secondary,female,2025-06-30,14096
Sabah,Kota Kinabalu,secondary,male,2017-01-01,13358
Sabah,Kota Kinabalu,secondary,male,2018-01-01,12329
Sabah,Kota Kinabalu,secondary,male,2019-01-01,12368
Sabah,Kota Kinabalu,secondary,male,2020-01-01,12551
Sabah,Kota Kinabalu,secondary,male,2021-01-01,13047
Sabah,Kota Kinabalu,secondary,male,2022-01-01,13333
Sabah,Kota Kinabalu,secondary,male,2023-06-30,13580
Sabah,Kota Kinabalu,secondary,male,2024-06-30,14113
Sabah,Kota Kinabalu,secondary,male,2025-06-30,14478
Sabah,Kota Kinabalu,post_secondary,both,2018-01-01,1987
Sabah,Kota Kinabalu,post_secondary,both,2019-01-01,2081
Sabah,Kota Kinabalu,post_secondary,both,2020-01-01,1176
Sabah,Kota Kinabalu,post_secondary,both,2021-01-01,1208
Sabah,Kota Kinabalu,post_secondary,both,2022-01-01,1137
Sabah,Kota Kinabalu,post_secondary,both,2023-06-30,1204
Sabah,Kota Kinabalu,post_secondary,both,2024-06-30,1174
Sabah,Kota Kinabalu,post_secondary,both,2025-06-30,2140
Sabah,Kota Kinabalu,post_secondary,female,2018-01-01,1209
Sabah,Kota Kinabalu,post_secondary,female,2019-01-01,1302
Sabah,Kota Kinabalu,post_secondary,female,2020-01-01,668
Sabah,Kota Kinabalu,post_secondary,female,2021-01-01,681
Sabah,Kota Kinabalu,post_secondary,female,2022-01-01,619
Sabah,Kota Kinabalu,post_secondary,female,2023-06-30,650
Sabah,Kota Kinabalu,post_secondary,female,2024-06-30,637
Sabah,Kota Kinabalu,post_secondary,female,2025-06-30,1315
Sabah,Kota Kinabalu,post_secondary,male,2018-01-01,778
Sabah,Kota Kinabalu,post_secondary,male,2019-01-01,779
Sabah,Kota Kinabalu,post_secondary,male,2020-01-01,508
Sabah,Kota Kinabalu,post_secondary,male,2021-01-01,527
Sabah,Kota Kinabalu,post_secondary,male,2022-01-01,518
Sabah,Kota Kinabalu,post_secondary,male,2023-06-30,554
Sabah,Kota Kinabalu,post_secondary,male,2024-06-30,537
Sabah,Kota Kinabalu,post_secondary,male,2025-06-30,825
Sabah,Kota Marudu,primary,both,2017-01-01,9022
Sabah,Kota Marudu,primary,both,2018-01-01,9208
Sabah,Kota Marudu,primary,both,2019-01-01,9333
Sabah,Kota Marudu,primary,both,2020-01-01,9484
Sabah,Kota Marudu,primary,both,2021-01-01,9696
Sabah,Kota Marudu,primary,both,2022-01-01,9661
Sabah,Kota Marudu,primary,both,2023-06-30,9497
Sabah,Kota Marudu,primary,both,2024-06-30,9380
Sabah,Kota Marudu,primary,both,2025-06-30,9199
Sabah,Kota Marudu,primary,female,2017-01-01,4385
Sabah,Kota Marudu,primary,female,2018-01-01,4526
Sabah,Kota Marudu,primary,female,2019-01-01,4564
Sabah,Kota Marudu,primary,female,2020-01-01,4660
Sabah,Kota Marudu,primary,female,2021-01-01,4747
Sabah,Kota Marudu,primary,female,2022-01-01,4772
Sabah,Kota Marudu,primary,female,2023-06-30,4666
Sabah,Kota Marudu,primary,female,2024-06-30,4557
Sabah,Kota Marudu,primary,female,2025-06-30,4504
Sabah,Kota Marudu,primary,male,2017-01-01,4637
Sabah,Kota Marudu,primary,male,2018-01-01,4682
Sabah,Kota Marudu,primary,male,2019-01-01,4769
Sabah,Kota Marudu,primary,male,2020-01-01,4824
Sabah,Kota Marudu,primary,male,2021-01-01,4949
Sabah,Kota Marudu,primary,male,2022-01-01,4889
Sabah,Kota Marudu,primary,male,2023-06-30,4831
Sabah,Kota Marudu,primary,male,2024-06-30,4823
Sabah,Kota Marudu,primary,male,2025-06-30,4695
Sabah,Kota Marudu,secondary,both,2017-01-01,7196
Sabah,Kota Marudu,secondary,both,2018-01-01,6431
Sabah,Kota Marudu,secondary,both,2019-01-01,6296
Sabah,Kota Marudu,secondary,both,2020-01-01,6369
Sabah,Kota Marudu,secondary,both,2021-01-01,6773
Sabah,Kota Marudu,secondary,both,2022-01-01,7150
Sabah,Kota Marudu,secondary,both,2023-06-30,7145
Sabah,Kota Marudu,secondary,both,2024-06-30,7174
Sabah,Kota Marudu,secondary,both,2025-06-30,7369
Sabah,Kota Marudu,secondary,female,2017-01-01,3802
Sabah,Kota Marudu,secondary,female,2018-01-01,3283
Sabah,Kota Marudu,secondary,female,2019-01-01,3203
Sabah,Kota Marudu,secondary,female,2020-01-01,3216
Sabah,Kota Marudu,secondary,female,2021-01-01,3382
Sabah,Kota Marudu,secondary,female,2022-01-01,3530
Sabah,Kota Marudu,secondary,female,2023-06-30,3637
Sabah,Kota Marudu,secondary,female,2024-06-30,3705
Sabah,Kota Marudu,secondary,female,2025-06-30,3811
Sabah,Kota Marudu,secondary,male,2017-01-01,3394
Sabah,Kota Marudu,secondary,male,2018-01-01,3148
Sabah,Kota Marudu,secondary,male,2019-01-01,3093
Sabah,Kota Marudu,secondary,male,2020-01-01,3153
Sabah,Kota Marudu,secondary,male,2021-01-01,3391
Sabah,Kota Marudu,secondary,male,2022-01-01,3620
Sabah,Kota Marudu,secondary,male,2023-06-30,3508
Sabah,Kota Marudu,secondary,male,2024-06-30,3469
Sabah,Kota Marudu,secondary,male,2025-06-30,3558
Sabah,Kota Marudu,post_secondary,both,2018-01-01,690
Sabah,Kota Marudu,post_secondary,both,2019-01-01,783
Sabah,Kota Marudu,post_secondary,both,2020-01-01,371
Sabah,Kota Marudu,post_secondary,both,2021-01-01,338
Sabah,Kota Marudu,post_secondary,both,2022-01-01,372
Sabah,Kota Marudu,post_secondary,both,2023-06-30,347
Sabah,Kota Marudu,post_secondary,both,2024-06-30,428
Sabah,Kota Marudu,post_secondary,both,2025-06-30,859
Sabah,Kota Marudu,post_secondary,female,2018-01-01,457
Sabah,Kota Marudu,post_secondary,female,2019-01-01,509
Sabah,Kota Marudu,post_secondary,female,2020-01-01,239
Sabah,Kota Marudu,post_secondary,female,2021-01-01,209
Sabah,Kota Marudu,post_secondary,female,2022-01-01,239
Sabah,Kota Marudu,post_secondary,female,2023-06-30,214
Sabah,Kota Marudu,post_secondary,female,2024-06-30,255
Sabah,Kota Marudu,post_secondary,female,2025-06-30,553
Sabah,Kota Marudu,post_secondary,male,2018-01-01,233
Sabah,Kota Marudu,post_secondary,male,2019-01-01,274
Sabah,Kota Marudu,post_secondary,male,2020-01-01,132
Sabah,Kota Marudu,post_secondary,male,2021-01-01,129
Sabah,Kota Marudu,post_secondary,male,2022-01-01,133
Sabah,Kota Marudu,post_secondary,male,2023-06-30,133
Sabah,Kota Marudu,post_secondary,male,2024-06-30,173
Sabah,Kota Marudu,post_secondary,male,2025-06-30,306
Sabah,Kuala Penyu,primary,both,2017-01-01,2407
Sabah,Kuala Penyu,primary,both,2018-01-01,2508
Sabah,Kuala Penyu,primary,both,2019-01-01,2598
Sabah,Kuala Penyu,primary,both,2020-01-01,2647
Sabah,Kuala Penyu,primary,both,2021-01-01,2693
Sabah,Kuala Penyu,primary,both,2022-01-01,2562
Sabah,Kuala Penyu,primary,both,2023-06-30,2477
Sabah,Kuala Penyu,primary,both,2024-06-30,2470
Sabah,Kuala Penyu,primary,both,2025-06-30,2420
Sabah,Kuala Penyu,primary,female,2017-01-01,1159
Sabah,Kuala Penyu,primary,female,2018-01-01,1198
Sabah,Kuala Penyu,primary,female,2019-01-01,1256
Sabah,Kuala Penyu,primary,female,2020-01-01,1284
Sabah,Kuala Penyu,primary,female,2021-01-01,1311
Sabah,Kuala Penyu,primary,female,2022-01-01,1234
Sabah,Kuala Penyu,primary,female,2023-06-30,1173
Sabah,Kuala Penyu,primary,female,2024-06-30,1182
Sabah,Kuala Penyu,primary,female,2025-06-30,1164
Sabah,Kuala Penyu,primary,male,2017-01-01,1248
Sabah,Kuala Penyu,primary,male,2018-01-01,1310
Sabah,Kuala Penyu,primary,male,2019-01-01,1342
Sabah,Kuala Penyu,primary,male,2020-01-01,1363
Sabah,Kuala Penyu,primary,male,2021-01-01,1382
Sabah,Kuala Penyu,primary,male,2022-01-01,1328
Sabah,Kuala Penyu,primary,male,2023-06-30,1304
Sabah,Kuala Penyu,primary,male,2024-06-30,1288
Sabah,Kuala Penyu,primary,male,2025-06-30,1256
Sabah,Kuala Penyu,secondary,both,2017-01-01,1795
Sabah,Kuala Penyu,secondary,both,2018-01-01,1586
Sabah,Kuala Penyu,secondary,both,2019-01-01,1610
Sabah,Kuala Penyu,secondary,both,2020-01-01,1616
Sabah,Kuala Penyu,secondary,both,2021-01-01,1705
Sabah,Kuala Penyu,secondary,both,2022-01-01,1827
Sabah,Kuala Penyu,secondary,both,2023-06-30,1910
Sabah,Kuala Penyu,secondary,both,2024-06-30,1954
Sabah,Kuala Penyu,secondary,both,2025-06-30,2013
Sabah,Kuala Penyu,secondary,female,2017-01-01,958
Sabah,Kuala Penyu,secondary,female,2018-01-01,799
Sabah,Kuala Penyu,secondary,female,2019-01-01,802
Sabah,Kuala Penyu,secondary,female,2020-01-01,793
Sabah,Kuala Penyu,secondary,female,2021-01-01,813
Sabah,Kuala Penyu,secondary,female,2022-01-01,860
Sabah,Kuala Penyu,secondary,female,2023-06-30,911
Sabah,Kuala Penyu,secondary,female,2024-06-30,938
Sabah,Kuala Penyu,secondary,female,2025-06-30,999
Sabah,Kuala Penyu,secondary,male,2017-01-01,837
Sabah,Kuala Penyu,secondary,male,2018-01-01,787
Sabah,Kuala Penyu,secondary,male,2019-01-01,808
Sabah,Kuala Penyu,secondary,male,2020-01-01,823
Sabah,Kuala Penyu,secondary,male,2021-01-01,892
Sabah,Kuala Penyu,secondary,male,2022-01-01,967
Sabah,Kuala Penyu,secondary,male,2023-06-30,999
Sabah,Kuala Penyu,secondary,male,2024-06-30,1016
Sabah,Kuala Penyu,secondary,male,2025-06-30,1014
Sabah,Kuala Penyu,post_secondary,both,2018-01-01,165
Sabah,Kuala Penyu,post_secondary,both,2019-01-01,172
Sabah,Kuala Penyu,post_secondary,both,2020-01-01,83
Sabah,Kuala Penyu,post_secondary,both,2021-01-01,88
Sabah,Kuala Penyu,post_secondary,both,2022-01-01,89
Sabah,Kuala Penyu,post_secondary,both,2023-06-30,90
Sabah,Kuala Penyu,post_secondary,both,2024-06-30,81
Sabah,Kuala Penyu,post_secondary,both,2025-06-30,172
Sabah,Kuala Penyu,post_secondary,female,2018-01-01,121
Sabah,Kuala Penyu,post_secondary,female,2019-01-01,123
Sabah,Kuala Penyu,post_secondary,female,2020-01-01,59
Sabah,Kuala Penyu,post_secondary,female,2021-01-01,59
Sabah,Kuala Penyu,post_secondary,female,2022-01-01,63
Sabah,Kuala Penyu,post_secondary,female,2023-06-30,71
Sabah,Kuala Penyu,post_secondary,female,2024-06-30,59
Sabah,Kuala Penyu,post_secondary,female,2025-06-30,102
Sabah,Kuala Penyu,post_secondary,male,2018-01-01,44
Sabah,Kuala Penyu,post_secondary,male,2019-01-01,49
Sabah,Kuala Penyu,post_secondary,male,2020-01-01,24
Sabah,Kuala Penyu,post_secondary,male,2021-01-01,29
Sabah,Kuala Penyu,post_secondary,male,2022-01-01,26
Sabah,Kuala Penyu,post_secondary,male,2023-06-30,19
Sabah,Kuala Penyu,post_secondary,male,2024-06-30,22
Sabah,Kuala Penyu,post_secondary,male,2025-06-30,70
Sabah,Kudat,primary,both,2017-01-01,10330
Sabah,Kudat,primary,both,2018-01-01,10446
Sabah,Kudat,primary,both,2019-01-01,10608
Sabah,Kudat,primary,both,2020-01-01,10904
Sabah,Kudat,primary,both,2021-01-01,11070
Sabah,Kudat,primary,both,2022-01-01,11082
Sabah,Kudat,primary,both,2023-06-30,10808
Sabah,Kudat,primary,both,2024-06-30,10636
Sabah,Kudat,primary,both,2025-06-30,10474
Sabah,Kudat,primary,female,2017-01-01,4974
Sabah,Kudat,primary,female,2018-01-01,5077
Sabah,Kudat,primary,female,2019-01-01,5142
Sabah,Kudat,primary,female,2020-01-01,5245
Sabah,Kudat,primary,female,2021-01-01,5320
Sabah,Kudat,primary,female,2022-01-01,5299
Sabah,Kudat,primary,female,2023-06-30,5195
Sabah,Kudat,primary,female,2024-06-30,5092
Sabah,Kudat,primary,female,2025-06-30,5013
Sabah,Kudat,primary,male,2017-01-01,5356
Sabah,Kudat,primary,male,2018-01-01,5369
Sabah,Kudat,primary,male,2019-01-01,5466
Sabah,Kudat,primary,male,2020-01-01,5659
Sabah,Kudat,primary,male,2021-01-01,5750
Sabah,Kudat,primary,male,2022-01-01,5783
Sabah,Kudat,primary,male,2023-06-30,5613
Sabah,Kudat,primary,male,2024-06-30,5544
Sabah,Kudat,primary,male,2025-06-30,5461
Sabah,Kudat,secondary,both,2017-01-01,8709
Sabah,Kudat,secondary,both,2018-01-01,7684
Sabah,Kudat,secondary,both,2019-01-01,7468
Sabah,Kudat,secondary,both,2020-01-01,7396
Sabah,Kudat,secondary,both,2021-01-01,7846
Sabah,Kudat,secondary,both,2022-01-01,8117
Sabah,Kudat,secondary,both,2023-06-30,8183
Sabah,Kudat,secondary,both,2024-06-30,8576
Sabah,Kudat,secondary,both,2025-06-30,8715
Sabah,Kudat,secondary,female,2017-01-01,4343
Sabah,Kudat,secondary,female,2018-01-01,3811
Sabah,Kudat,secondary,female,2019-01-01,3677
Sabah,Kudat,secondary,female,2020-01-01,3589
Sabah,Kudat,secondary,female,2021-01-01,3762
Sabah,Kudat,secondary,female,2022-01-01,3906
Sabah,Kudat,secondary,female,2023-06-30,3986
Sabah,Kudat,secondary,female,2024-06-30,4131
Sabah,Kudat,secondary,female,2025-06-30,4199
Sabah,Kudat,secondary,male,2017-01-01,4366
Sabah,Kudat,secondary,male,2018-01-01,3873
Sabah,Kudat,secondary,male,2019-01-01,3791
Sabah,Kudat,secondary,male,2020-01-01,3807
Sabah,Kudat,secondary,male,2021-01-01,4084
Sabah,Kudat,secondary,male,2022-01-01,4211
Sabah,Kudat,secondary,male,2023-06-30,4197
Sabah,Kudat,secondary,male,2024-06-30,4445
Sabah,Kudat,secondary,male,2025-06-30,4516
Sabah,Kudat,post_secondary,both,2018-01-01,1040
Sabah,Kudat,post_secondary,both,2019-01-01,1127
Sabah,Kudat,post_secondary,both,2020-01-01,768
Sabah,Kudat,post_secondary,both,2021-01-01,666
Sabah,Kudat,post_secondary,both,2022-01-01,615
Sabah,Kudat,post_secondary,both,2023-06-30,704
Sabah,Kudat,post_secondary,both,2024-06-30,660
Sabah,Kudat,post_secondary,both,2025-06-30,874
Sabah,Kudat,post_secondary,female,2018-01-01,530
Sabah,Kudat,post_secondary,female,2019-01-01,599
Sabah,Kudat,post_secondary,female,2020-01-01,393
Sabah,Kudat,post_secondary,female,2021-01-01,363
Sabah,Kudat,post_secondary,female,2022-01-01,285
Sabah,Kudat,post_secondary,female,2023-06-30,324
Sabah,Kudat,post_secondary,female,2024-06-30,309
Sabah,Kudat,post_secondary,female,2025-06-30,472
Sabah,Kudat,post_secondary,male,2018-01-01,510
Sabah,Kudat,post_secondary,male,2019-01-01,528
Sabah,Kudat,post_secondary,male,2020-01-01,375
Sabah,Kudat,post_secondary,male,2021-01-01,303
Sabah,Kudat,post_secondary,male,2022-01-01,330
Sabah,Kudat,post_secondary,male,2023-06-30,380
Sabah,Kudat,post_secondary,male,2024-06-30,351
Sabah,Kudat,post_secondary,male,2025-06-30,402
Sabah,Kunak,primary,both,2017-01-01,4740
Sabah,Kunak,primary,both,2018-01-01,4902
Sabah,Kunak,primary,both,2019-01-01,5022
Sabah,Kunak,primary,both,2020-01-01,5156
Sabah,Kunak,primary,both,2021-01-01,5131
Sabah,Kunak,primary,both,2022-01-01,5251
Sabah,Kunak,primary,both,2023-06-30,5312
Sabah,Kunak,primary,both,2024-06-30,5301
Sabah,Kunak,primary,both,2025-06-30,5247
Sabah,Kunak,primary,female,2017-01-01,2370
Sabah,Kunak,primary,female,2018-01-01,2423
Sabah,Kunak,primary,female,2019-01-01,2452
Sabah,Kunak,primary,female,2020-01-01,2490
Sabah,Kunak,primary,female,2021-01-01,2457
Sabah,Kunak,primary,female,2022-01-01,2485
Sabah,Kunak,primary,female,2023-06-30,2475
Sabah,Kunak,primary,female,2024-06-30,2464
Sabah,Kunak,primary,female,2025-06-30,2482
Sabah,Kunak,primary,male,2017-01-01,2370
Sabah,Kunak,primary,male,2018-01-01,2479
Sabah,Kunak,primary,male,2019-01-01,2570
Sabah,Kunak,primary,male,2020-01-01,2666
Sabah,Kunak,primary,male,2021-01-01,2674
Sabah,Kunak,primary,male,2022-01-01,2766
Sabah,Kunak,primary,male,2023-06-30,2837
Sabah,Kunak,primary,male,2024-06-30,2837
Sabah,Kunak,primary,male,2025-06-30,2765
Sabah,Kunak,secondary,both,2017-01-01,3423
Sabah,Kunak,secondary,both,2018-01-01,3002
Sabah,Kunak,secondary,both,2019-01-01,3062
Sabah,Kunak,secondary,both,2020-01-01,3113
Sabah,Kunak,secondary,both,2021-01-01,3259
Sabah,Kunak,secondary,both,2022-01-01,3321
Sabah,Kunak,secondary,both,2023-06-30,3409
Sabah,Kunak,secondary,both,2024-06-30,3486
Sabah,Kunak,secondary,both,2025-06-30,3701
Sabah,Kunak,secondary,female,2017-01-01,1753
Sabah,Kunak,secondary,female,2018-01-01,1515
Sabah,Kunak,secondary,female,2019-01-01,1554
Sabah,Kunak,secondary,female,2020-01-01,1588
Sabah,Kunak,secondary,female,2021-01-01,1646
Sabah,Kunak,secondary,female,2022-01-01,1689
Sabah,Kunak,secondary,female,2023-06-30,1716
Sabah,Kunak,secondary,female,2024-06-30,1764
Sabah,Kunak,secondary,female,2025-06-30,1842
Sabah,Kunak,secondary,male,2017-01-01,1670
Sabah,Kunak,secondary,male,2018-01-01,1487
Sabah,Kunak,secondary,male,2019-01-01,1508
Sabah,Kunak,secondary,male,2020-01-01,1525
Sabah,Kunak,secondary,male,2021-01-01,1613
Sabah,Kunak,secondary,male,2022-01-01,1632
Sabah,Kunak,secondary,male,2023-06-30,1693
Sabah,Kunak,secondary,male,2024-06-30,1722
Sabah,Kunak,secondary,male,2025-06-30,1859
Sabah,Kunak,post_secondary,both,2018-01-01,303
Sabah,Kunak,post_secondary,both,2019-01-01,337
Sabah,Kunak,post_secondary,both,2020-01-01,170
Sabah,Kunak,post_secondary,both,2021-01-01,184
Sabah,Kunak,post_secondary,both,2022-01-01,149
Sabah,Kunak,post_secondary,both,2023-06-30,185
Sabah,Kunak,post_secondary,both,2024-06-30,158
Sabah,Kunak,post_secondary,both,2025-06-30,395
Sabah,Kunak,post_secondary,female,2018-01-01,216
Sabah,Kunak,post_secondary,female,2019-01-01,237
Sabah,Kunak,post_secondary,female,2020-01-01,111
Sabah,Kunak,post_secondary,female,2021-01-01,114
Sabah,Kunak,post_secondary,female,2022-01-01,92
Sabah,Kunak,post_secondary,female,2023-06-30,123
Sabah,Kunak,post_secondary,female,2024-06-30,102
Sabah,Kunak,post_secondary,female,2025-06-30,260
Sabah,Kunak,post_secondary,male,2018-01-01,87
Sabah,Kunak,post_secondary,male,2019-01-01,100
Sabah,Kunak,post_secondary,male,2020-01-01,59
Sabah,Kunak,post_secondary,male,2021-01-01,70
Sabah,Kunak,post_secondary,male,2022-01-01,57
Sabah,Kunak,post_secondary,male,2023-06-30,62
Sabah,Kunak,post_secondary,male,2024-06-30,56
Sabah,Kunak,post_secondary,male,2025-06-30,135
Sabah,Lahad Datu,primary,both,2017-01-01,16488
Sabah,Lahad Datu,primary,both,2018-01-01,16807
Sabah,Lahad Datu,primary,both,2019-01-01,17451
Sabah,Lahad Datu,primary,both,2020-01-01,17827
Sabah,Lahad Datu,primary,both,2021-01-01,17863
Sabah,Lahad Datu,primary,both,2022-01-01,18112
Sabah,Lahad Datu,primary,both,2023-06-30,18246
Sabah,Lahad Datu,primary,both,2024-06-30,18265
Sabah,Lahad Datu,primary,both,2025-06-30,17868
Sabah,Lahad Datu,primary,female,2017-01-01,8019
Sabah,Lahad Datu,primary,female,2018-01-01,8175
Sabah,Lahad Datu,primary,female,2019-01-01,8478
Sabah,Lahad Datu,primary,female,2020-01-01,8644
Sabah,Lahad Datu,primary,female,2021-01-01,8630
Sabah,Lahad Datu,primary,female,2022-01-01,8753
Sabah,Lahad Datu,primary,female,2023-06-30,8820
Sabah,Lahad Datu,primary,female,2024-06-30,8877
Sabah,Lahad Datu,primary,female,2025-06-30,8654
Sabah,Lahad Datu,primary,male,2017-01-01,8469
Sabah,Lahad Datu,primary,male,2018-01-01,8632
Sabah,Lahad Datu,primary,male,2019-01-01,8973
Sabah,Lahad Datu,primary,male,2020-01-01,9183
Sabah,Lahad Datu,primary,male,2021-01-01,9233
Sabah,Lahad Datu,primary,male,2022-01-01,9359
Sabah,Lahad Datu,primary,male,2023-06-30,9426
Sabah,Lahad Datu,primary,male,2024-06-30,9388
Sabah,Lahad Datu,primary,male,2025-06-30,9214
Sabah,Lahad Datu,secondary,both,2017-01-01,12309
Sabah,Lahad Datu,secondary,both,2018-01-01,11253
Sabah,Lahad Datu,secondary,both,2019-01-01,11232
Sabah,Lahad Datu,secondary,both,2020-01-01,11298
Sabah,Lahad Datu,secondary,both,2021-01-01,11823
Sabah,Lahad Datu,secondary,both,2022-01-01,12180
Sabah,Lahad Datu,secondary,both,2023-06-30,12293
Sabah,Lahad Datu,secondary,both,2024-06-30,12787
Sabah,Lahad Datu,secondary,both,2025-06-30,13107
Sabah,Lahad Datu,secondary,female,2017-01-01,6198
Sabah,Lahad Datu,secondary,female,2018-01-01,5582
Sabah,Lahad Datu,secondary,female,2019-01-01,5600
Sabah,Lahad Datu,secondary,female,2020-01-01,5635
Sabah,Lahad Datu,secondary,female,2021-01-01,5867
Sabah,Lahad Datu,secondary,female,2022-01-01,6013
Sabah,Lahad Datu,secondary,female,2023-06-30,6065
Sabah,Lahad Datu,secondary,female,2024-06-30,6312
Sabah,Lahad Datu,secondary,female,2025-06-30,6468
Sabah,Lahad Datu,secondary,male,2017-01-01,6111
Sabah,Lahad Datu,secondary,male,2018-01-01,5671
Sabah,Lahad Datu,secondary,male,2019-01-01,5632
Sabah,Lahad Datu,secondary,male,2020-01-01,5663
Sabah,Lahad Datu,secondary,male,2021-01-01,5956
Sabah,Lahad Datu,secondary,male,2022-01-01,6167
Sabah,Lahad Datu,secondary,male,2023-06-30,6228
Sabah,Lahad Datu,secondary,male,2024-06-30,6475
Sabah,Lahad Datu,secondary,male,2025-06-30,6639
Sabah,Lahad Datu,post_secondary,both,2018-01-01,1095
Sabah,Lahad Datu,post_secondary,both,2019-01-01,1028
Sabah,Lahad Datu,post_secondary,both,2020-01-01,590
Sabah,Lahad Datu,post_secondary,both,2021-01-01,617
Sabah,Lahad Datu,post_secondary,both,2022-01-01,558
Sabah,Lahad Datu,post_secondary,both,2023-06-30,767
Sabah,Lahad Datu,post_secondary,both,2024-06-30,745
Sabah,Lahad Datu,post_secondary,both,2025-06-30,1182
Sabah,Lahad Datu,post_secondary,female,2018-01-01,679
Sabah,Lahad Datu,post_secondary,female,2019-01-01,621
Sabah,Lahad Datu,post_secondary,female,2020-01-01,340
Sabah,Lahad Datu,post_secondary,female,2021-01-01,347
Sabah,Lahad Datu,post_secondary,female,2022-01-01,295
Sabah,Lahad Datu,post_secondary,female,2023-06-30,419
Sabah,Lahad Datu,post_secondary,female,2024-06-30,410
Sabah,Lahad Datu,post_secondary,female,2025-06-30,696
Sabah,Lahad Datu,post_secondary,male,2018-01-01,416
Sabah,Lahad Datu,post_secondary,male,2019-01-01,407
Sabah,Lahad Datu,post_secondary,male,2020-01-01,250
Sabah,Lahad Datu,post_secondary,male,2021-01-01,270
Sabah,Lahad Datu,post_secondary,male,2022-01-01,263
Sabah,Lahad Datu,post_secondary,male,2023-06-30,348
Sabah,Lahad Datu,post_secondary,male,2024-06-30,335
Sabah,Lahad Datu,post_secondary,male,2025-06-30,486
Sabah,Nabawan,primary,both,2017-01-01,3980
Sabah,Nabawan,primary,both,2018-01-01,3869
Sabah,Nabawan,primary,both,2019-01-01,3926
Sabah,Nabawan,primary,both,2020-01-01,3971
Sabah,Nabawan,primary,both,2021-01-01,3967
Sabah,Nabawan,primary,both,2022-01-01,3928
Sabah,Nabawan,primary,female,2017-01-01,1929
Sabah,Nabawan,primary,female,2018-01-01,1852
Sabah,Nabawan,primary,female,2019-01-01,1874
Sabah,Nabawan,primary,female,2020-01-01,1861
Sabah,Nabawan,primary,female,2021-01-01,1871
Sabah,Nabawan,primary,female,2022-01-01,1888
Sabah,Nabawan,primary,male,2017-01-01,2051
Sabah,Nabawan,primary,male,2018-01-01,2017
Sabah,Nabawan,primary,male,2019-01-01,2052
Sabah,Nabawan,primary,male,2020-01-01,2110
Sabah,Nabawan,primary,male,2021-01-01,2096
Sabah,Nabawan,primary,male,2022-01-01,2040
Sabah,Nabawan,secondary,both,2017-01-01,2924
Sabah,Nabawan,secondary,both,2018-01-01,2784
Sabah,Nabawan,secondary,both,2019-01-01,2753
Sabah,Nabawan,secondary,both,2020-01-01,2750
Sabah,Nabawan,secondary,both,2021-01-01,2849
Sabah,Nabawan,secondary,both,2022-01-01,3008
Sabah,Nabawan,secondary,female,2017-01-01,1555
Sabah,Nabawan,secondary,female,2018-01-01,1458
Sabah,Nabawan,secondary,female,2019-01-01,1449
Sabah,Nabawan,secondary,female,2020-01-01,1437
Sabah,Nabawan,secondary,female,2021-01-01,1468
Sabah,Nabawan,secondary,female,2022-01-01,1497
Sabah,Nabawan,secondary,male,2017-01-01,1369
Sabah,Nabawan,secondary,male,2018-01-01,1326
Sabah,Nabawan,secondary,male,2019-01-01,1304
Sabah,Nabawan,secondary,male,2020-01-01,1313
Sabah,Nabawan,secondary,male,2021-01-01,1381
Sabah,Nabawan,secondary,male,2022-01-01,1511
Sabah,Nabawan,post_secondary,both,2018-01-01,197
Sabah,Nabawan,post_secondary,both,2019-01-01,222
Sabah,Nabawan,post_secondary,both,2020-01-01,106
Sabah,Nabawan,post_secondary,both,2021-01-01,113
Sabah,Nabawan,post_secondary,both,2022-01-01,125
Sabah,Nabawan,post_secondary,female,2018-01-01,127
Sabah,Nabawan,post_secondary,female,2019-01-01,150
Sabah,Nabawan,post_secondary,female,2020-01-01,71
Sabah,Nabawan,post_secondary,female,2021-01-01,88
Sabah,Nabawan,post_secondary,female,2022-01-01,89
Sabah,Nabawan,post_secondary,male,2018-01-01,70
Sabah,Nabawan,post_secondary,male,2019-01-01,72
Sabah,Nabawan,post_secondary,male,2020-01-01,35
Sabah,Nabawan,post_secondary,male,2021-01-01,25
Sabah,Nabawan,post_secondary,male,2022-01-01,36
Sabah,Papar,primary,both,2017-01-01,12222
Sabah,Papar,primary,both,2018-01-01,12161
Sabah,Papar,primary,both,2019-01-01,12519
Sabah,Papar,primary,both,2020-01-01,12751
Sabah,Papar,primary,both,2021-01-01,13060
Sabah,Papar,primary,both,2022-01-01,12946
Sabah,Papar,primary,both,2023-06-30,13229
Sabah,Papar,primary,both,2024-06-30,13388
Sabah,Papar,primary,both,2025-06-30,13479
Sabah,Papar,primary,female,2017-01-01,5964
Sabah,Papar,primary,female,2018-01-01,5975
Sabah,Papar,primary,female,2019-01-01,6075
Sabah,Papar,primary,female,2020-01-01,6136
Sabah,Papar,primary,female,2021-01-01,6318
Sabah,Papar,primary,female,2022-01-01,6244
Sabah,Papar,primary,female,2023-06-30,6426
Sabah,Papar,primary,female,2024-06-30,6458
Sabah,Papar,primary,female,2025-06-30,6565
Sabah,Papar,primary,male,2017-01-01,6258
Sabah,Papar,primary,male,2018-01-01,6186
Sabah,Papar,primary,male,2019-01-01,6444
Sabah,Papar,primary,male,2020-01-01,6615
Sabah,Papar,primary,male,2021-01-01,6742
Sabah,Papar,primary,male,2022-01-01,6702
Sabah,Papar,primary,male,2023-06-30,6803
Sabah,Papar,primary,male,2024-06-30,6930
Sabah,Papar,primary,male,2025-06-30,6914
Sabah,Papar,secondary,both,2017-01-01,10049
Sabah,Papar,secondary,both,2018-01-01,9236
Sabah,Papar,secondary,both,2019-01-01,9350
Sabah,Papar,secondary,both,2020-01-01,9394
Sabah,Papar,secondary,both,2021-01-01,9690
Sabah,Papar,secondary,both,2022-01-01,10126
Sabah,Papar,secondary,both,2023-06-30,10334
Sabah,Papar,secondary,both,2024-06-30,10551
Sabah,Papar,secondary,both,2025-06-30,10874
Sabah,Papar,secondary,female,2017-01-01,5152
Sabah,Papar,secondary,female,2018-01-01,4583
Sabah,Papar,secondary,female,2019-01-01,4658
Sabah,Papar,secondary,female,2020-01-01,4718
Sabah,Papar,secondary,female,2021-01-01,4806
Sabah,Papar,secondary,female,2022-01-01,5028
Sabah,Papar,secondary,female,2023-06-30,5108
Sabah,Papar,secondary,female,2024-06-30,5236
Sabah,Papar,secondary,female,2025-06-30,5303
Sabah,Papar,secondary,male,2017-01-01,4897
Sabah,Papar,secondary,male,2018-01-01,4653
Sabah,Papar,secondary,male,2019-01-01,4692
Sabah,Papar,secondary,male,2020-01-01,4676
Sabah,Papar,secondary,male,2021-01-01,4884
Sabah,Papar,secondary,male,2022-01-01,5098
Sabah,Papar,secondary,male,2023-06-30,5226
Sabah,Papar,secondary,male,2024-06-30,5315
Sabah,Papar,secondary,male,2025-06-30,5571
Sabah,Papar,post_secondary,both,2018-01-01,695
Sabah,Papar,post_secondary,both,2019-01-01,777
Sabah,Papar,post_secondary,both,2020-01-01,362
Sabah,Papar,post_secondary,both,2021-01-01,381
Sabah,Papar,post_secondary,both,2022-01-01,473
Sabah,Papar,post_secondary,both,2023-06-30,429
Sabah,Papar,post_secondary,both,2024-06-30,442
Sabah,Papar,post_secondary,both,2025-06-30,949
Sabah,Papar,post_secondary,female,2018-01-01,477
Sabah,Papar,post_secondary,female,2019-01-01,508
Sabah,Papar,post_secondary,female,2020-01-01,233
Sabah,Papar,post_secondary,female,2021-01-01,262
Sabah,Papar,post_secondary,female,2022-01-01,304
Sabah,Papar,post_secondary,female,2023-06-30,262
Sabah,Papar,post_secondary,female,2024-06-30,284
Sabah,Papar,post_secondary,female,2025-06-30,606
Sabah,Papar,post_secondary,male,2018-01-01,218
Sabah,Papar,post_secondary,male,2019-01-01,269
Sabah,Papar,post_secondary,male,2020-01-01,129
Sabah,Papar,post_secondary,male,2021-01-01,119
Sabah,Papar,post_secondary,male,2022-01-01,169
Sabah,Papar,post_secondary,male,2023-06-30,167
Sabah,Papar,post_secondary,male,2024-06-30,158
Sabah,Papar,post_secondary,male,2025-06-30,343
Sabah,Penampang,primary,both,2017-01-01,12966
Sabah,Penampang,primary,both,2018-01-01,12577
Sabah,Penampang,primary,both,2019-01-01,13056
Sabah,Penampang,primary,both,2020-01-01,13515
Sabah,Penampang,primary,both,2021-01-01,13731
Sabah,Penampang,primary,both,2022-01-01,13639
Sabah,Penampang,primary,both,2023-06-30,14661
Sabah,Penampang,primary,both,2024-06-30,14674
Sabah,Penampang,primary,both,2025-06-30,14589
Sabah,Penampang,primary,female,2017-01-01,6236
Sabah,Penampang,primary,female,2018-01-01,6023
Sabah,Penampang,primary,female,2019-01-01,6293
Sabah,Penampang,primary,female,2020-01-01,6458
Sabah,Penampang,primary,female,2021-01-01,6536
Sabah,Penampang,primary,female,2022-01-01,6449
Sabah,Penampang,primary,female,2023-06-30,6977
Sabah,Penampang,primary,female,2024-06-30,7003
Sabah,Penampang,primary,female,2025-06-30,6945
Sabah,Penampang,primary,male,2017-01-01,6730
Sabah,Penampang,primary,male,2018-01-01,6554
Sabah,Penampang,primary,male,2019-01-01,6763
Sabah,Penampang,primary,male,2020-01-01,7057
Sabah,Penampang,primary,male,2021-01-01,7195
Sabah,Penampang,primary,male,2022-01-01,7190
Sabah,Penampang,primary,male,2023-06-30,7684
Sabah,Penampang,primary,male,2024-06-30,7671
Sabah,Penampang,primary,male,2025-06-30,7644
Sabah,Penampang,secondary,both,2017-01-01,8886
Sabah,Penampang,secondary,both,2018-01-01,8348
Sabah,Penampang,secondary,both,2019-01-01,8494
Sabah,Penampang,secondary,both,2020-01-01,8614
Sabah,Penampang,secondary,both,2021-01-01,8937
Sabah,Penampang,secondary,both,2022-01-01,9259
Sabah,Penampang,secondary,both,2023-06-30,9638
Sabah,Penampang,secondary,both,2024-06-30,9993
Sabah,Penampang,secondary,both,2025-06-30,10377
Sabah,Penampang,secondary,female,2017-01-01,4319
Sabah,Penampang,secondary,female,2018-01-01,3966
Sabah,Penampang,secondary,female,2019-01-01,4041
Sabah,Penampang,secondary,female,2020-01-01,4122
Sabah,Penampang,secondary,female,2021-01-01,4271
Sabah,Penampang,secondary,female,2022-01-01,4431
Sabah,Penampang,secondary,female,2023-06-30,4672
Sabah,Penampang,secondary,female,2024-06-30,4810
Sabah,Penampang,secondary,female,2025-06-30,5013
Sabah,Penampang,secondary,male,2017-01-01,4567
Sabah,Penampang,secondary,male,2018-01-01,4382
Sabah,Penampang,secondary,male,2019-01-01,4453
Sabah,Penampang,secondary,male,2020-01-01,4492
Sabah,Penampang,secondary,male,2021-01-01,4666
Sabah,Penampang,secondary,male,2022-01-01,4828
Sabah,Penampang,secondary,male,2023-06-30,4966
Sabah,Penampang,secondary,male,2024-06-30,5183
Sabah,Penampang,secondary,male,2025-06-30,5364
Sabah,Penampang,post_secondary,both,2018-01-01,570
Sabah,Penampang,post_secondary,both,2019-01-01,615
Sabah,Penampang,post_secondary,both,2020-01-01,276
Sabah,Penampang,post_secondary,both,2021-01-01,294
Sabah,Penampang,post_secondary,both,2022-01-01,293
Sabah,Penampang,post_secondary,both,2023-06-30,282
Sabah,Penampang,post_secondary,both,2024-06-30,322
Sabah,Penampang,post_secondary,both,2025-06-30,648
Sabah,Penampang,post_secondary,female,2018-01-01,378
Sabah,Penampang,post_secondary,female,2019-01-01,411
Sabah,Penampang,post_secondary,female,2020-01-01,170
Sabah,Penampang,post_secondary,female,2021-01-01,204
Sabah,Penampang,post_secondary,female,2022-01-01,198
Sabah,Penampang,post_secondary,female,2023-06-30,184
Sabah,Penampang,post_secondary,female,2024-06-30,201
Sabah,Penampang,post_secondary,female,2025-06-30,432
Sabah,Penampang,post_secondary,male,2018-01-01,192
Sabah,Penampang,post_secondary,male,2019-01-01,204
Sabah,Penampang,post_secondary,male,2020-01-01,106
Sabah,Penampang,post_secondary,male,2021-01-01,90
Sabah,Penampang,post_secondary,male,2022-01-01,95
Sabah,Penampang,post_secondary,male,2023-06-30,98
Sabah,Penampang,post_secondary,male,2024-06-30,121
Sabah,Penampang,post_secondary,male,2025-06-30,216
Sabah,Pitas,primary,both,2017-01-01,5626
Sabah,Pitas,primary,both,2018-01-01,5677
Sabah,Pitas,primary,both,2019-01-01,5872
Sabah,Pitas,primary,both,2020-01-01,6053
Sabah,Pitas,primary,both,2021-01-01,6077
Sabah,Pitas,primary,both,2022-01-01,6173
Sabah,Pitas,primary,both,2023-06-30,6011
Sabah,Pitas,primary,both,2024-06-30,5960
Sabah,Pitas,primary,both,2025-06-30,5865
Sabah,Pitas,primary,female,2017-01-01,2719
Sabah,Pitas,primary,female,2018-01-01,2787
Sabah,Pitas,primary,female,2019-01-01,2892
Sabah,Pitas,primary,female,2020-01-01,2958
Sabah,Pitas,primary,female,2021-01-01,3005
Sabah,Pitas,primary,female,2022-01-01,3049
Sabah,Pitas,primary,female,2023-06-30,2944
Sabah,Pitas,primary,female,2024-06-30,2893
Sabah,Pitas,primary,female,2025-06-30,2787
Sabah,Pitas,primary,male,2017-01-01,2907
Sabah,Pitas,primary,male,2018-01-01,2890
Sabah,Pitas,primary,male,2019-01-01,2980
Sabah,Pitas,primary,male,2020-01-01,3095
Sabah,Pitas,primary,male,2021-01-01,3072
Sabah,Pitas,primary,male,2022-01-01,3124
Sabah,Pitas,primary,male,2023-06-30,3067
Sabah,Pitas,primary,male,2024-06-30,3067
Sabah,Pitas,primary,male,2025-06-30,3078
Sabah,Pitas,secondary,both,2017-01-01,4528
Sabah,Pitas,secondary,both,2018-01-01,4047
Sabah,Pitas,secondary,both,2019-01-01,3781
Sabah,Pitas,secondary,both,2020-01-01,3712
Sabah,Pitas,secondary,both,2021-01-01,4037
Sabah,Pitas,secondary,both,2022-01-01,4130
Sabah,Pitas,secondary,both,2023-06-30,4264
Sabah,Pitas,secondary,both,2024-06-30,4320
Sabah,Pitas,secondary,both,2025-06-30,4491
Sabah,Pitas,secondary,female,2017-01-01,2378
Sabah,Pitas,secondary,female,2018-01-01,2034
Sabah,Pitas,secondary,female,2019-01-01,1884
Sabah,Pitas,secondary,female,2020-01-01,1837
Sabah,Pitas,secondary,female,2021-01-01,1967
Sabah,Pitas,secondary,female,2022-01-01,2005
Sabah,Pitas,secondary,female,2023-06-30,2092
Sabah,Pitas,secondary,female,2024-06-30,2153
Sabah,Pitas,secondary,female,2025-06-30,2287
Sabah,Pitas,secondary,male,2017-01-01,2150
Sabah,Pitas,secondary,male,2018-01-01,2013
Sabah,Pitas,secondary,male,2019-01-01,1897
Sabah,Pitas,secondary,male,2020-01-01,1875
Sabah,Pitas,secondary,male,2021-01-01,2070
Sabah,Pitas,secondary,male,2022-01-01,2125
Sabah,Pitas,secondary,male,2023-06-30,2172
Sabah,Pitas,secondary,male,2024-06-30,2167
Sabah,Pitas,secondary,male,2025-06-30,2204
Sabah,Pitas,post_secondary,both,2018-01-01,390
Sabah,Pitas,post_secondary,both,2019-01-01,449
Sabah,Pitas,post_secondary,both,2020-01-01,262
Sabah,Pitas,post_secondary,both,2021-01-01,250
Sabah,Pitas,post_secondary,both,2022-01-01,192
Sabah,Pitas,post_secondary,both,2023-06-30,225
Sabah,Pitas,post_secondary,both,2024-06-30,216
Sabah,Pitas,post_secondary,both,2025-06-30,465
Sabah,Pitas,post_secondary,female,2018-01-01,254
Sabah,Pitas,post_secondary,female,2019-01-01,300
Sabah,Pitas,post_secondary,female,2020-01-01,175
Sabah,Pitas,post_secondary,female,2021-01-01,168
Sabah,Pitas,post_secondary,female,2022-01-01,123
Sabah,Pitas,post_secondary,female,2023-06-30,156
Sabah,Pitas,post_secondary,female,2024-06-30,140
Sabah,Pitas,post_secondary,female,2025-06-30,284
Sabah,Pitas,post_secondary,male,2018-01-01,136
Sabah,Pitas,post_secondary,male,2019-01-01,149
Sabah,Pitas,post_secondary,male,2020-01-01,87
Sabah,Pitas,post_secondary,male,2021-01-01,82
Sabah,Pitas,post_secondary,male,2022-01-01,69
Sabah,Pitas,post_secondary,male,2023-06-30,69
Sabah,Pitas,post_secondary,male,2024-06-30,76
Sabah,Pitas,post_secondary,male,2025-06-30,181
Sabah,Putatan,primary,both,2018-01-01,778
Sabah,Putatan,primary,both,2019-01-01,825
Sabah,Putatan,primary,both,2020-01-01,866
Sabah,Putatan,primary,both,2021-01-01,866
Sabah,Putatan,primary,both,2022-01-01,881
Sabah,Putatan,primary,female,2018-01-01,395
Sabah,Putatan,primary,female,2019-01-01,423
Sabah,Putatan,primary,female,2020-01-01,429
Sabah,Putatan,primary,female,2021-01-01,423
Sabah,Putatan,primary,female,2022-01-01,424
Sabah,Putatan,primary,male,2018-01-01,383
Sabah,Putatan,primary,male,2019-01-01,402
Sabah,Putatan,primary,male,2020-01-01,437
Sabah,Putatan,primary,male,2021-01-01,443
Sabah,Putatan,primary,male,2022-01-01,457
Sabah,Putatan,secondary,both,2018-01-01,0
Sabah,Putatan,secondary,both,2019-01-01,0
Sabah,Putatan,secondary,both,2020-01-01,0
Sabah,Putatan,secondary,both,2021-01-01,0
Sabah,Putatan,secondary,both,2022-01-01,0
Sabah,Putatan,secondary,female,2018-01-01,0
Sabah,Putatan,secondary,female,2019-01-01,0
Sabah,Putatan,secondary,female,2020-01-01,0
Sabah,Putatan,secondary,female,2021-01-01,0
Sabah,Putatan,secondary,female,2022-01-01,0
Sabah,Putatan,secondary,male,2018-01-01,0
Sabah,Putatan,secondary,male,2019-01-01,0
Sabah,Putatan,secondary,male,2020-01-01,0
Sabah,Putatan,secondary,male,2021-01-01,0
Sabah,Putatan,secondary,male,2022-01-01,0
Sabah,Putatan,post_secondary,both,2018-01-01,0
Sabah,Putatan,post_secondary,both,2019-01-01,0
Sabah,Putatan,post_secondary,both,2020-01-01,0
Sabah,Putatan,post_secondary,both,2021-01-01,0
Sabah,Putatan,post_secondary,both,2022-01-01,0
Sabah,Putatan,post_secondary,female,2018-01-01,0
Sabah,Putatan,post_secondary,female,2019-01-01,0
Sabah,Putatan,post_secondary,female,2020-01-01,0
Sabah,Putatan,post_secondary,female,2021-01-01,0
Sabah,Putatan,post_secondary,female,2022-01-01,0
Sabah,Putatan,post_secondary,male,2018-01-01,0
Sabah,Putatan,post_secondary,male,2019-01-01,0
Sabah,Putatan,post_secondary,male,2020-01-01,0
Sabah,Putatan,post_secondary,male,2021-01-01,0
Sabah,Putatan,post_secondary,male,2022-01-01,0
Sabah,Ranau,primary,both,2017-01-01,10844
Sabah,Ranau,primary,both,2018-01-01,11108
Sabah,Ranau,primary,both,2019-01-01,11312
Sabah,Ranau,primary,both,2020-01-01,11639
Sabah,Ranau,primary,both,2021-01-01,11693
Sabah,Ranau,primary,both,2022-01-01,11596
Sabah,Ranau,primary,both,2023-06-30,11486
Sabah,Ranau,primary,both,2024-06-30,11221
Sabah,Ranau,primary,both,2025-06-30,11052
Sabah,Ranau,primary,female,2017-01-01,5243
Sabah,Ranau,primary,female,2018-01-01,5353
Sabah,Ranau,primary,female,2019-01-01,5445
Sabah,Ranau,primary,female,2020-01-01,5610
Sabah,Ranau,primary,female,2021-01-01,5569
Sabah,Ranau,primary,female,2022-01-01,5541
Sabah,Ranau,primary,female,2023-06-30,5495
Sabah,Ranau,primary,female,2024-06-30,5349
Sabah,Ranau,primary,female,2025-06-30,5295
Sabah,Ranau,primary,male,2017-01-01,5601
Sabah,Ranau,primary,male,2018-01-01,5755
Sabah,Ranau,primary,male,2019-01-01,5867
Sabah,Ranau,primary,male,2020-01-01,6029
Sabah,Ranau,primary,male,2021-01-01,6124
Sabah,Ranau,primary,male,2022-01-01,6055
Sabah,Ranau,primary,male,2023-06-30,5991
Sabah,Ranau,primary,male,2024-06-30,5872
Sabah,Ranau,primary,male,2025-06-30,5757
Sabah,Ranau,secondary,both,2017-01-01,8485
Sabah,Ranau,secondary,both,2018-01-01,7644
Sabah,Ranau,secondary,both,2019-01-01,7608
Sabah,Ranau,secondary,both,2020-01-01,7673
Sabah,Ranau,secondary,both,2021-01-01,8164
Sabah,Ranau,secondary,both,2022-01-01,8555
Sabah,Ranau,secondary,both,2023-06-30,8653
Sabah,Ranau,secondary,both,2024-06-30,8773
Sabah,Ranau,secondary,both,2025-06-30,8852
Sabah,Ranau,secondary,female,2017-01-01,4397
Sabah,Ranau,secondary,female,2018-01-01,3859
Sabah,Ranau,secondary,female,2019-01-01,3792
Sabah,Ranau,secondary,female,2020-01-01,3821
Sabah,Ranau,secondary,female,2021-01-01,4030
Sabah,Ranau,secondary,female,2022-01-01,4199
Sabah,Ranau,secondary,female,2023-06-30,4255
Sabah,Ranau,secondary,female,2024-06-30,4346
Sabah,Ranau,secondary,female,2025-06-30,4397
Sabah,Ranau,secondary,male,2017-01-01,4088
Sabah,Ranau,secondary,male,2018-01-01,3785
Sabah,Ranau,secondary,male,2019-01-01,3816
Sabah,Ranau,secondary,male,2020-01-01,3852
Sabah,Ranau,secondary,male,2021-01-01,4134
Sabah,Ranau,secondary,male,2022-01-01,4356
Sabah,Ranau,secondary,male,2023-06-30,4398
Sabah,Ranau,secondary,male,2024-06-30,4427
Sabah,Ranau,secondary,male,2025-06-30,4455
Sabah,Ranau,post_secondary,both,2018-01-01,829
Sabah,Ranau,post_secondary,both,2019-01-01,802
Sabah,Ranau,post_secondary,both,2020-01-01,346
Sabah,Ranau,post_secondary,both,2021-01-01,442
Sabah,Ranau,post_secondary,both,2022-01-01,333
Sabah,Ranau,post_secondary,both,2023-06-30,442
Sabah,Ranau,post_secondary,both,2024-06-30,466
Sabah,Ranau,post_secondary,both,2025-06-30,962
Sabah,Ranau,post_secondary,female,2018-01-01,555
Sabah,Ranau,post_secondary,female,2019-01-01,551
Sabah,Ranau,post_secondary,female,2020-01-01,233
Sabah,Ranau,post_secondary,female,2021-01-01,308
Sabah,Ranau,post_secondary,female,2022-01-01,215
Sabah,Ranau,post_secondary,female,2023-06-30,283
Sabah,Ranau,post_secondary,female,2024-06-30,281
Sabah,Ranau,post_secondary,female,2025-06-30,608
Sabah,Ranau,post_secondary,male,2018-01-01,274
Sabah,Ranau,post_secondary,male,2019-01-01,251
Sabah,Ranau,post_secondary,male,2020-01-01,113
Sabah,Ranau,post_secondary,male,2021-01-01,134
Sabah,Ranau,post_secondary,male,2022-01-01,118
Sabah,Ranau,post_secondary,male,2023-06-30,159
Sabah,Ranau,post_secondary,male,2024-06-30,185
Sabah,Ranau,post_secondary,male,2025-06-30,354
Sabah,Sandakan,primary,both,2017-01-01,27327
Sabah,Sandakan,primary,both,2018-01-01,27246
Sabah,Sandakan,primary,both,2019-01-01,27572
Sabah,Sandakan,primary,both,2020-01-01,27612
Sabah,Sandakan,primary,both,2021-01-01,27473
Sabah,Sandakan,primary,both,2022-01-01,27395
Sabah,Sandakan,primary,both,2023-06-30,27514
Sabah,Sandakan,primary,both,2024-06-30,27174
Sabah,Sandakan,primary,both,2025-06-30,26529
Sabah,Sandakan,primary,female,2017-01-01,13245
Sabah,Sandakan,primary,female,2018-01-01,13148
Sabah,Sandakan,primary,female,2019-01-01,13240
Sabah,Sandakan,primary,female,2020-01-01,13274
Sabah,Sandakan,primary,female,2021-01-01,13263
Sabah,Sandakan,primary,female,2022-01-01,13228
Sabah,Sandakan,primary,female,2023-06-30,13287
Sabah,Sandakan,primary,female,2024-06-30,13198
Sabah,Sandakan,primary,female,2025-06-30,12896
Sabah,Sandakan,primary,male,2017-01-01,14082
Sabah,Sandakan,primary,male,2018-01-01,14098
Sabah,Sandakan,primary,male,2019-01-01,14332
Sabah,Sandakan,primary,male,2020-01-01,14338
Sabah,Sandakan,primary,male,2021-01-01,14210
Sabah,Sandakan,primary,male,2022-01-01,14167
Sabah,Sandakan,primary,male,2023-06-30,14227
Sabah,Sandakan,primary,male,2024-06-30,13976
Sabah,Sandakan,primary,male,2025-06-30,13633
Sabah,Sandakan,secondary,both,2017-01-01,20841
Sabah,Sandakan,secondary,both,2018-01-01,18948
Sabah,Sandakan,secondary,both,2019-01-01,18897
Sabah,Sandakan,secondary,both,2020-01-01,18992
Sabah,Sandakan,secondary,both,2021-01-01,19686
Sabah,Sandakan,secondary,both,2022-01-01,20024
Sabah,Sandakan,secondary,both,2023-06-30,19912
Sabah,Sandakan,secondary,both,2024-06-30,20079
Sabah,Sandakan,secondary,both,2025-06-30,20669
Sabah,Sandakan,secondary,female,2017-01-01,10596
Sabah,Sandakan,secondary,female,2018-01-01,9469
Sabah,Sandakan,secondary,female,2019-01-01,9476
Sabah,Sandakan,secondary,female,2020-01-01,9467
Sabah,Sandakan,secondary,female,2021-01-01,9675
Sabah,Sandakan,secondary,female,2022-01-01,9758
Sabah,Sandakan,secondary,female,2023-06-30,9684
Sabah,Sandakan,secondary,female,2024-06-30,9822
Sabah,Sandakan,secondary,female,2025-06-30,10049
Sabah,Sandakan,secondary,male,2017-01-01,10245
Sabah,Sandakan,secondary,male,2018-01-01,9479
Sabah,Sandakan,secondary,male,2019-01-01,9421
Sabah,Sandakan,secondary,male,2020-01-01,9525
Sabah,Sandakan,secondary,male,2021-01-01,10011
Sabah,Sandakan,secondary,male,2022-01-01,10266
Sabah,Sandakan,secondary,male,2023-06-30,10228
Sabah,Sandakan,secondary,male,2024-06-30,10257
Sabah,Sandakan,secondary,male,2025-06-30,10620
Sabah,Sandakan,post_secondary,both,2018-01-01,1803
Sabah,Sandakan,post_secondary,both,2019-01-01,1950
Sabah,Sandakan,post_secondary,both,2020-01-01,996
Sabah,Sandakan,post_secondary,both,2021-01-01,1051
Sabah,Sandakan,post_secondary,both,2022-01-01,962
Sabah,Sandakan,post_secondary,both,2023-06-30,1063
Sabah,Sandakan,post_secondary,both,2024-06-30,1003
Sabah,Sandakan,post_secondary,both,2025-06-30,2041
Sabah,Sandakan,post_secondary,female,2018-01-01,1161
Sabah,Sandakan,post_secondary,female,2019-01-01,1231
Sabah,Sandakan,post_secondary,female,2020-01-01,620
Sabah,Sandakan,post_secondary,female,2021-01-01,692
Sabah,Sandakan,post_secondary,female,2022-01-01,592
Sabah,Sandakan,post_secondary,female,2023-06-30,695
Sabah,Sandakan,post_secondary,female,2024-06-30,655
Sabah,Sandakan,post_secondary,female,2025-06-30,1244
Sabah,Sandakan,post_secondary,male,2018-01-01,642
Sabah,Sandakan,post_secondary,male,2019-01-01,719
Sabah,Sandakan,post_secondary,male,2020-01-01,376
Sabah,Sandakan,post_secondary,male,2021-01-01,359
Sabah,Sandakan,post_secondary,male,2022-01-01,370
Sabah,Sandakan,post_secondary,male,2023-06-30,368
Sabah,Sandakan,post_secondary,male,2024-06-30,348
Sabah,Sandakan,post_secondary,male,2025-06-30,797
Sabah,Semporna,primary,both,2017-01-01,14998
Sabah,Semporna,primary,both,2018-01-01,14903
Sabah,Semporna,primary,both,2019-01-01,15170
Sabah,Semporna,primary,both,2020-01-01,15336
Sabah,Semporna,primary,both,2021-01-01,15647
Sabah,Semporna,primary,both,2022-01-01,15560
Sabah,Semporna,primary,both,2023-06-30,15412
Sabah,Semporna,primary,both,2024-06-30,15252
Sabah,Semporna,primary,both,2025-06-30,14873
Sabah,Semporna,primary,female,2017-01-01,7279
Sabah,Semporna,primary,female,2018-01-01,7212
Sabah,Semporna,primary,female,2019-01-01,7347
Sabah,Semporna,primary,female,2020-01-01,7394
Sabah,Semporna,primary,female,2021-01-01,7551
Sabah,Semporna,primary,female,2022-01-01,7546
Sabah,Semporna,primary,female,2023-06-30,7484
Sabah,Semporna,primary,female,2024-06-30,7451
Sabah,Semporna,primary,female,2025-06-30,7246
Sabah,Semporna,primary,male,2017-01-01,7719
Sabah,Semporna,primary,male,2018-01-01,7691
Sabah,Semporna,primary,male,2019-01-01,7823
Sabah,Semporna,primary,male,2020-01-01,7942
Sabah,Semporna,primary,male,2021-01-01,8096
Sabah,Semporna,primary,male,2022-01-01,8014
Sabah,Semporna,primary,male,2023-06-30,7928
Sabah,Semporna,primary,male,2024-06-30,7801
Sabah,Semporna,primary,male,2025-06-30,7627
Sabah,Semporna,secondary,both,2017-01-01,11012
Sabah,Semporna,secondary,both,2018-01-01,10221
Sabah,Semporna,secondary,both,2019-01-01,10206
Sabah,Semporna,secondary,both,2020-01-01,10178
Sabah,Semporna,secondary,both,2021-01-01,10656
Sabah,Semporna,secondary,both,2022-01-01,10749
Sabah,Semporna,secondary,both,2023-06-30,10518
Sabah,Semporna,secondary,both,2024-06-30,10561
Sabah,Semporna,secondary,both,2025-06-30,10485
Sabah,Semporna,secondary,female,2017-01-01,5707
Sabah,Semporna,secondary,female,2018-01-01,5142
Sabah,Semporna,secondary,female,2019-01-01,5146
Sabah,Semporna,secondary,female,2020-01-01,5168
Sabah,Semporna,secondary,female,2021-01-01,5309
Sabah,Semporna,secondary,female,2022-01-01,5235
Sabah,Semporna,secondary,female,2023-06-30,5147
Sabah,Semporna,secondary,female,2024-06-30,5223
Sabah,Semporna,secondary,female,2025-06-30,5129
Sabah,Semporna,secondary,male,2017-01-01,5305
Sabah,Semporna,secondary,male,2018-01-01,5079
Sabah,Semporna,secondary,male,2019-01-01,5060
Sabah,Semporna,secondary,male,2020-01-01,5010
Sabah,Semporna,secondary,male,2021-01-01,5347
Sabah,Semporna,secondary,male,2022-01-01,5514
Sabah,Semporna,secondary,male,2023-06-30,5371
Sabah,Semporna,secondary,male,2024-06-30,5338
Sabah,Semporna,secondary,male,2025-06-30,5356
Sabah,Semporna,post_secondary,both,2018-01-01,847
Sabah,Semporna,post_secondary,both,2019-01-01,973
Sabah,Semporna,post_secondary,both,2020-01-01,448
Sabah,Semporna,post_secondary,both,2021-01-01,559
Sabah,Semporna,post_secondary,both,2022-01-01,490
Sabah,Semporna,post_secondary,both,2023-06-30,488
Sabah,Semporna,post_secondary,both,2024-06-30,437
Sabah,Semporna,post_secondary,both,2025-06-30,1097
Sabah,Semporna,post_secondary,female,2018-01-01,560
Sabah,Semporna,post_secondary,female,2019-01-01,647
Sabah,Semporna,post_secondary,female,2020-01-01,308
Sabah,Semporna,post_secondary,female,2021-01-01,344
Sabah,Semporna,post_secondary,female,2022-01-01,353
Sabah,Semporna,post_secondary,female,2023-06-30,332
Sabah,Semporna,post_secondary,female,2024-06-30,291
Sabah,Semporna,post_secondary,female,2025-06-30,700
Sabah,Semporna,post_secondary,male,2018-01-01,287
Sabah,Semporna,post_secondary,male,2019-01-01,326
Sabah,Semporna,post_secondary,male,2020-01-01,140
Sabah,Semporna,post_secondary,male,2021-01-01,215
Sabah,Semporna,post_secondary,male,2022-01-01,137
Sabah,Semporna,post_secondary,male,2023-06-30,156
Sabah,Semporna,post_secondary,male,2024-06-30,146
Sabah,Semporna,post_secondary,male,2025-06-30,397
Sabah,Sipitang,primary,both,2017-01-01,3581
Sabah,Sipitang,primary,both,2018-01-01,3553
Sabah,Sipitang,primary,both,2019-01-01,3569
Sabah,Sipitang,primary,both,2020-01-01,3585
Sabah,Sipitang,primary,both,2021-01-01,3574
Sabah,Sipitang,primary,both,2022-01-01,3619
Sabah,Sipitang,primary,both,2023-06-30,3639
Sabah,Sipitang,primary,both,2024-06-30,3706
Sabah,Sipitang,primary,both,2025-06-30,3721
Sabah,Sipitang,primary,female,2017-01-01,1759
Sabah,Sipitang,primary,female,2018-01-01,1749
Sabah,Sipitang,primary,female,2019-01-01,1755
Sabah,Sipitang,primary,female,2020-01-01,1728
Sabah,Sipitang,primary,female,2021-01-01,1738
Sabah,Sipitang,primary,female,2022-01-01,1738
Sabah,Sipitang,primary,female,2023-06-30,1750
Sabah,Sipitang,primary,female,2024-06-30,1750
Sabah,Sipitang,primary,female,2025-06-30,1714
Sabah,Sipitang,primary,male,2017-01-01,1822
Sabah,Sipitang,primary,male,2018-01-01,1804
Sabah,Sipitang,primary,male,2019-01-01,1814
Sabah,Sipitang,primary,male,2020-01-01,1857
Sabah,Sipitang,primary,male,2021-01-01,1836
Sabah,Sipitang,primary,male,2022-01-01,1881
Sabah,Sipitang,primary,male,2023-06-30,1889
Sabah,Sipitang,primary,male,2024-06-30,1956
Sabah,Sipitang,primary,male,2025-06-30,2007
Sabah,Sipitang,secondary,both,2017-01-01,2717
Sabah,Sipitang,secondary,both,2018-01-01,2454
Sabah,Sipitang,secondary,both,2019-01-01,2473
Sabah,Sipitang,secondary,both,2020-01-01,2488
Sabah,Sipitang,secondary,both,2021-01-01,2455
Sabah,Sipitang,secondary,both,2022-01-01,2491
Sabah,Sipitang,secondary,both,2023-06-30,2430
Sabah,Sipitang,secondary,both,2024-06-30,2440
Sabah,Sipitang,secondary,both,2025-06-30,2513
Sabah,Sipitang,secondary,female,2017-01-01,1344
Sabah,Sipitang,secondary,female,2018-01-01,1187
Sabah,Sipitang,secondary,female,2019-01-01,1195
Sabah,Sipitang,secondary,female,2020-01-01,1202
Sabah,Sipitang,secondary,female,2021-01-01,1182
Sabah,Sipitang,secondary,female,2022-01-01,1227
Sabah,Sipitang,secondary,female,2023-06-30,1213
Sabah,Sipitang,secondary,female,2024-06-30,1200
Sabah,Sipitang,secondary,female,2025-06-30,1248
Sabah,Sipitang,secondary,male,2017-01-01,1373
Sabah,Sipitang,secondary,male,2018-01-01,1267
Sabah,Sipitang,secondary,male,2019-01-01,1278
Sabah,Sipitang,secondary,male,2020-01-01,1286
Sabah,Sipitang,secondary,male,2021-01-01,1273
Sabah,Sipitang,secondary,male,2022-01-01,1264
Sabah,Sipitang,secondary,male,2023-06-30,1217
Sabah,Sipitang,secondary,male,2024-06-30,1240
Sabah,Sipitang,secondary,male,2025-06-30,1265
Sabah,Sipitang,post_secondary,both,2018-01-01,192
Sabah,Sipitang,post_secondary,both,2019-01-01,223
Sabah,Sipitang,post_secondary,both,2020-01-01,113
Sabah,Sipitang,post_secondary,both,2021-01-01,108
Sabah,Sipitang,post_secondary,both,2022-01-01,104
Sabah,Sipitang,post_secondary,both,2023-06-30,96
Sabah,Sipitang,post_secondary,both,2024-06-30,103
Sabah,Sipitang,post_secondary,both,2025-06-30,223
Sabah,Sipitang,post_secondary,female,2018-01-01,145
Sabah,Sipitang,post_secondary,female,2019-01-01,153
Sabah,Sipitang,post_secondary,female,2020-01-01,73
Sabah,Sipitang,post_secondary,female,2021-01-01,76
Sabah,Sipitang,post_secondary,female,2022-01-01,69
Sabah,Sipitang,post_secondary,female,2023-06-30,61
Sabah,Sipitang,post_secondary,female,2024-06-30,65
Sabah,Sipitang,post_secondary,female,2025-06-30,161
Sabah,Sipitang,post_secondary,male,2018-01-01,47
Sabah,Sipitang,post_secondary,male,2019-01-01,70
Sabah,Sipitang,post_secondary,male,2020-01-01,40
Sabah,Sipitang,post_secondary,male,2021-01-01,32
Sabah,Sipitang,post_secondary,male,2022-01-01,35
Sabah,Sipitang,post_secondary,male,2023-06-30,35
Sabah,Sipitang,post_secondary,male,2024-06-30,38
Sabah,Sipitang,post_secondary,male,2025-06-30,62
Sabah,Tambunan,primary,both,2017-01-01,3585
Sabah,Tambunan,primary,both,2018-01-01,3584
Sabah,Tambunan,primary,both,2019-01-01,3648
Sabah,Tambunan,primary,both,2020-01-01,3767
Sabah,Tambunan,primary,both,2021-01-01,3846
Sabah,Tambunan,primary,both,2022-01-01,3852
Sabah,Tambunan,primary,both,2023-06-30,3824
Sabah,Tambunan,primary,both,2024-06-30,3804
Sabah,Tambunan,primary,both,2025-06-30,3752
Sabah,Tambunan,primary,female,2017-01-01,1758
Sabah,Tambunan,primary,female,2018-01-01,1750
Sabah,Tambunan,primary,female,2019-01-01,1770
Sabah,Tambunan,primary,female,2020-01-01,1839
Sabah,Tambunan,primary,female,2021-01-01,1860
Sabah,Tambunan,primary,female,2022-01-01,1880
Sabah,Tambunan,primary,female,2023-06-30,1869
Sabah,Tambunan,primary,female,2024-06-30,1860
Sabah,Tambunan,primary,female,2025-06-30,1842
Sabah,Tambunan,primary,male,2017-01-01,1827
Sabah,Tambunan,primary,male,2018-01-01,1834
Sabah,Tambunan,primary,male,2019-01-01,1878
Sabah,Tambunan,primary,male,2020-01-01,1928
Sabah,Tambunan,primary,male,2021-01-01,1986
Sabah,Tambunan,primary,male,2022-01-01,1972
Sabah,Tambunan,primary,male,2023-06-30,1955
Sabah,Tambunan,primary,male,2024-06-30,1944
Sabah,Tambunan,primary,male,2025-06-30,1910
Sabah,Tambunan,secondary,both,2017-01-01,3292
Sabah,Tambunan,secondary,both,2018-01-01,2972
Sabah,Tambunan,secondary,both,2019-01-01,2823
Sabah,Tambunan,secondary,both,2020-01-01,2711
Sabah,Tambunan,secondary,both,2021-01-01,2808
Sabah,Tambunan,secondary,both,2022-01-01,2906
Sabah,Tambunan,secondary,both,2023-06-30,2878
Sabah,Tambunan,secondary,both,2024-06-30,2921
Sabah,Tambunan,secondary,both,2025-06-30,3023
Sabah,Tambunan,secondary,female,2017-01-01,1660
Sabah,Tambunan,secondary,female,2018-01-01,1468
Sabah,Tambunan,secondary,female,2019-01-01,1422
Sabah,Tambunan,secondary,female,2020-01-01,1355
Sabah,Tambunan,secondary,female,2021-01-01,1378
Sabah,Tambunan,secondary,female,2022-01-01,1436
Sabah,Tambunan,secondary,female,2023-06-30,1413
Sabah,Tambunan,secondary,female,2024-06-30,1441
Sabah,Tambunan,secondary,female,2025-06-30,1468
Sabah,Tambunan,secondary,male,2017-01-01,1632
Sabah,Tambunan,secondary,male,2018-01-01,1504
Sabah,Tambunan,secondary,male,2019-01-01,1401
Sabah,Tambunan,secondary,male,2020-01-01,1356
Sabah,Tambunan,secondary,male,2021-01-01,1430
Sabah,Tambunan,secondary,male,2022-01-01,1470
Sabah,Tambunan,secondary,male,2023-06-30,1465
Sabah,Tambunan,secondary,male,2024-06-30,1480
Sabah,Tambunan,secondary,male,2025-06-30,1555
Sabah,Tambunan,post_secondary,both,2018-01-01,311
Sabah,Tambunan,post_secondary,both,2019-01-01,365
Sabah,Tambunan,post_secondary,both,2020-01-01,164
Sabah,Tambunan,post_secondary,both,2021-01-01,165
Sabah,Tambunan,post_secondary,both,2022-01-01,102
Sabah,Tambunan,post_secondary,both,2023-06-30,131
Sabah,Tambunan,post_secondary,both,2024-06-30,165
Sabah,Tambunan,post_secondary,both,2025-06-30,380
Sabah,Tambunan,post_secondary,female,2018-01-01,206
Sabah,Tambunan,post_secondary,female,2019-01-01,232
Sabah,Tambunan,post_secondary,female,2020-01-01,103
Sabah,Tambunan,post_secondary,female,2021-01-01,103
Sabah,Tambunan,post_secondary,female,2022-01-01,69
Sabah,Tambunan,post_secondary,female,2023-06-30,80
Sabah,Tambunan,post_secondary,female,2024-06-30,106
Sabah,Tambunan,post_secondary,female,2025-06-30,235
Sabah,Tambunan,post_secondary,male,2018-01-01,105
Sabah,Tambunan,post_secondary,male,2019-01-01,133
Sabah,Tambunan,post_secondary,male,2020-01-01,61
Sabah,Tambunan,post_secondary,male,2021-01-01,62
Sabah,Tambunan,post_secondary,male,2022-01-01,33
Sabah,Tambunan,post_secondary,male,2023-06-30,51
Sabah,Tambunan,post_secondary,male,2024-06-30,59
Sabah,Tambunan,post_secondary,male,2025-06-30,145
Sabah,Tawau,primary,both,2017-01-01,26845
Sabah,Tawau,primary,both,2018-01-01,26631
Sabah,Tawau,primary,both,2019-01-01,27031
Sabah,Tawau,primary,both,2020-01-01,27397
Sabah,Tawau,primary,both,2021-01-01,27893
Sabah,Tawau,primary,both,2022-01-01,28213
Sabah,Tawau,primary,both,2023-06-30,28398
Sabah,Tawau,primary,both,2024-06-30,28289
Sabah,Tawau,primary,both,2025-06-30,27663
Sabah,Tawau,primary,female,2017-01-01,13139
Sabah,Tawau,primary,female,2018-01-01,13050
Sabah,Tawau,primary,female,2019-01-01,13238
Sabah,Tawau,primary,female,2020-01-01,13346
Sabah,Tawau,primary,female,2021-01-01,13576
Sabah,Tawau,primary,female,2022-01-01,13744
Sabah,Tawau,primary,female,2023-06-30,13794
Sabah,Tawau,primary,female,2024-06-30,13741
Sabah,Tawau,primary,female,2025-06-30,13342
Sabah,Tawau,primary,male,2017-01-01,13706
Sabah,Tawau,primary,male,2018-01-01,13581
Sabah,Tawau,primary,male,2019-01-01,13793
Sabah,Tawau,primary,male,2020-01-01,14051
Sabah,Tawau,primary,male,2021-01-01,14317
Sabah,Tawau,primary,male,2022-01-01,14469
Sabah,Tawau,primary,male,2023-06-30,14604
Sabah,Tawau,primary,male,2024-06-30,14548
Sabah,Tawau,primary,male,2025-06-30,14321
Sabah,Tawau,secondary,both,2017-01-01,21051
Sabah,Tawau,secondary,both,2018-01-01,18972
Sabah,Tawau,secondary,both,2019-01-01,18831
Sabah,Tawau,secondary,both,2020-01-01,18914
Sabah,Tawau,secondary,both,2021-01-01,19434
Sabah,Tawau,secondary,both,2022-01-01,19447
Sabah,Tawau,secondary,both,2023-06-30,19530
Sabah,Tawau,secondary,both,2024-06-30,20299
Sabah,Tawau,secondary,both,2025-06-30,20861
Sabah,Tawau,secondary,female,2017-01-01,10617
Sabah,Tawau,secondary,female,2018-01-01,9342
Sabah,Tawau,secondary,female,2019-01-01,9358
Sabah,Tawau,secondary,female,2020-01-01,9439
Sabah,Tawau,secondary,female,2021-01-01,9700
Sabah,Tawau,secondary,female,2022-01-01,9658
Sabah,Tawau,secondary,female,2023-06-30,9776
Sabah,Tawau,secondary,female,2024-06-30,10101
Sabah,Tawau,secondary,female,2025-06-30,10328
Sabah,Tawau,secondary,male,2017-01-01,10434
Sabah,Tawau,secondary,male,2018-01-01,9630
Sabah,Tawau,secondary,male,2019-01-01,9473
Sabah,Tawau,secondary,male,2020-01-01,9475
Sabah,Tawau,secondary,male,2021-01-01,9734
Sabah,Tawau,secondary,male,2022-01-01,9789
Sabah,Tawau,secondary,male,2023-06-30,9754
Sabah,Tawau,secondary,male,2024-06-30,10198
Sabah,Tawau,secondary,male,2025-06-30,10533
Sabah,Tawau,post_secondary,both,2018-01-01,1910
Sabah,Tawau,post_secondary,both,2019-01-01,2011
Sabah,Tawau,post_secondary,both,2020-01-01,1186
Sabah,Tawau,post_secondary,both,2021-01-01,1114
Sabah,Tawau,post_secondary,both,2022-01-01,1135
Sabah,Tawau,post_secondary,both,2023-06-30,1277
Sabah,Tawau,post_secondary,both,2024-06-30,1226
Sabah,Tawau,post_secondary,both,2025-06-30,2222
Sabah,Tawau,post_secondary,female,2018-01-01,1186
Sabah,Tawau,post_secondary,female,2019-01-01,1192
Sabah,Tawau,post_secondary,female,2020-01-01,680
Sabah,Tawau,post_secondary,female,2021-01-01,724
Sabah,Tawau,post_secondary,female,2022-01-01,683
Sabah,Tawau,post_secondary,female,2023-06-30,812
Sabah,Tawau,post_secondary,female,2024-06-30,740
Sabah,Tawau,post_secondary,female,2025-06-30,1380
Sabah,Tawau,post_secondary,male,2018-01-01,724
Sabah,Tawau,post_secondary,male,2019-01-01,819
Sabah,Tawau,post_secondary,male,2020-01-01,506
Sabah,Tawau,post_secondary,male,2021-01-01,390
Sabah,Tawau,post_secondary,male,2022-01-01,452
Sabah,Tawau,post_secondary,male,2023-06-30,465
Sabah,Tawau,post_secondary,male,2024-06-30,486
Sabah,Tawau,post_secondary,male,2025-06-30,842
Sabah,Telupid,primary,both,2018-01-01,1850
Sabah,Telupid,primary,both,2019-01-01,1858
Sabah,Telupid,primary,both,2020-01-01,1849
Sabah,Telupid,primary,both,2021-01-01,1867
Sabah,Telupid,primary,both,2022-01-01,1870
Sabah,Telupid,primary,female,2018-01-01,891
Sabah,Telupid,primary,female,2019-01-01,920
Sabah,Telupid,primary,female,2020-01-01,901
Sabah,Telupid,primary,female,2021-01-01,917
Sabah,Telupid,primary,female,2022-01-01,914
Sabah,Telupid,primary,male,2018-01-01,959
Sabah,Telupid,primary,male,2019-01-01,938
Sabah,Telupid,primary,male,2020-01-01,948
Sabah,Telupid,primary,male,2021-01-01,950
Sabah,Telupid,primary,male,2022-01-01,956
Sabah,Telupid,secondary,both,2018-01-01,1629
Sabah,Telupid,secondary,both,2019-01-01,1621
Sabah,Telupid,secondary,both,2020-01-01,1610
Sabah,Telupid,secondary,both,2021-01-01,1660
Sabah,Telupid,secondary,both,2022-01-01,1764
Sabah,Telupid,secondary,female,2018-01-01,803
Sabah,Telupid,secondary,female,2019-01-01,777
Sabah,Telupid,secondary,female,2020-01-01,793
Sabah,Telupid,secondary,female,2021-01-01,816
Sabah,Telupid,secondary,female,2022-01-01,876
Sabah,Telupid,secondary,male,2018-01-01,826
Sabah,Telupid,secondary,male,2019-01-01,844
Sabah,Telupid,secondary,male,2020-01-01,817
Sabah,Telupid,secondary,male,2021-01-01,844
Sabah,Telupid,secondary,male,2022-01-01,888
Sabah,Telupid,post_secondary,both,2018-01-01,182
Sabah,Telupid,post_secondary,both,2019-01-01,152
Sabah,Telupid,post_secondary,both,2020-01-01,71
Sabah,Telupid,post_secondary,both,2021-01-01,68
Sabah,Telupid,post_secondary,both,2022-01-01,66
Sabah,Telupid,post_secondary,female,2018-01-01,134
Sabah,Telupid,post_secondary,female,2019-01-01,104
Sabah,Telupid,post_secondary,female,2020-01-01,50
Sabah,Telupid,post_secondary,female,2021-01-01,46
Sabah,Telupid,post_secondary,female,2022-01-01,38
Sabah,Telupid,post_secondary,male,2018-01-01,48
Sabah,Telupid,post_secondary,male,2019-01-01,48
Sabah,Telupid,post_secondary,male,2020-01-01,21
Sabah,Telupid,post_secondary,male,2021-01-01,22
Sabah,Telupid,post_secondary,male,2022-01-01,28
Sabah,Tenom,primary,both,2017-01-01,5948
Sabah,Tenom,primary,both,2018-01-01,6010
Sabah,Tenom,primary,both,2019-01-01,6130
Sabah,Tenom,primary,both,2020-01-01,6191
Sabah,Tenom,primary,both,2021-01-01,6222
Sabah,Tenom,primary,both,2022-01-01,6190
Sabah,Tenom,primary,both,2023-06-30,6042
Sabah,Tenom,primary,both,2024-06-30,5923
Sabah,Tenom,primary,both,2025-06-30,5804
Sabah,Tenom,primary,female,2017-01-01,2831
Sabah,Tenom,primary,female,2018-01-01,2897
Sabah,Tenom,primary,female,2019-01-01,2948
Sabah,Tenom,primary,female,2020-01-01,3002
Sabah,Tenom,primary,female,2021-01-01,3027
Sabah,Tenom,primary,female,2022-01-01,3009
Sabah,Tenom,primary,female,2023-06-30,2907
Sabah,Tenom,primary,female,2024-06-30,2885
Sabah,Tenom,primary,female,2025-06-30,2824
Sabah,Tenom,primary,male,2017-01-01,3117
Sabah,Tenom,primary,male,2018-01-01,3113
Sabah,Tenom,primary,male,2019-01-01,3182
Sabah,Tenom,primary,male,2020-01-01,3189
Sabah,Tenom,primary,male,2021-01-01,3195
Sabah,Tenom,primary,male,2022-01-01,3181
Sabah,Tenom,primary,male,2023-06-30,3135
Sabah,Tenom,primary,male,2024-06-30,3038
Sabah,Tenom,primary,male,2025-06-30,2980
Sabah,Tenom,secondary,both,2017-01-01,4866
Sabah,Tenom,secondary,both,2018-01-01,4349
Sabah,Tenom,secondary,both,2019-01-01,4344
Sabah,Tenom,secondary,both,2020-01-01,4380
Sabah,Tenom,secondary,both,2021-01-01,4572
Sabah,Tenom,secondary,both,2022-01-01,4727
Sabah,Tenom,secondary,both,2023-06-30,4839
Sabah,Tenom,secondary,both,2024-06-30,4864
Sabah,Tenom,secondary,both,2025-06-30,4865
Sabah,Tenom,secondary,female,2017-01-01,2484
Sabah,Tenom,secondary,female,2018-01-01,2184
Sabah,Tenom,secondary,female,2019-01-01,2163
Sabah,Tenom,secondary,female,2020-01-01,2186
Sabah,Tenom,secondary,female,2021-01-01,2213
Sabah,Tenom,secondary,female,2022-01-01,2274
Sabah,Tenom,secondary,female,2023-06-30,2345
Sabah,Tenom,secondary,female,2024-06-30,2390
Sabah,Tenom,secondary,female,2025-06-30,2393
Sabah,Tenom,secondary,male,2017-01-01,2382
Sabah,Tenom,secondary,male,2018-01-01,2165
Sabah,Tenom,secondary,male,2019-01-01,2181
Sabah,Tenom,secondary,male,2020-01-01,2194
Sabah,Tenom,secondary,male,2021-01-01,2359
Sabah,Tenom,secondary,male,2022-01-01,2453
Sabah,Tenom,secondary,male,2023-06-30,2494
Sabah,Tenom,secondary,male,2024-06-30,2474
Sabah,Tenom,secondary,male,2025-06-30,2472
Sabah,Tenom,post_secondary,both,2018-01-01,418
Sabah,Tenom,post_secondary,both,2019-01-01,386
Sabah,Tenom,post_secondary,both,2020-01-01,160
Sabah,Tenom,post_secondary,both,2021-01-01,166
Sabah,Tenom,post_secondary,both,2022-01-01,162
Sabah,Tenom,post_secondary,both,2023-06-30,165
Sabah,Tenom,post_secondary,both,2024-06-30,157
Sabah,Tenom,post_secondary,both,2025-06-30,462
Sabah,Tenom,post_secondary,female,2018-01-01,271
Sabah,Tenom,post_secondary,female,2019-01-01,249
Sabah,Tenom,post_secondary,female,2020-01-01,102
Sabah,Tenom,post_secondary,female,2021-01-01,109
Sabah,Tenom,post_secondary,female,2022-01-01,120
Sabah,Tenom,post_secondary,female,2023-06-30,101
Sabah,Tenom,post_secondary,female,2024-06-30,102
Sabah,Tenom,post_secondary,female,2025-06-30,292
Sabah,Tenom,post_secondary,male,2018-01-01,147
Sabah,Tenom,post_secondary,male,2019-01-01,137
Sabah,Tenom,post_secondary,male,2020-01-01,58
Sabah,Tenom,post_secondary,male,2021-01-01,57
Sabah,Tenom,post_secondary,male,2022-01-01,42
Sabah,Tenom,post_secondary,male,2023-06-30,64
Sabah,Tenom,post_secondary,male,2024-06-30,55
Sabah,Tenom,post_secondary,male,2025-06-30,170
Sabah,Tongod,primary,both,2017-01-01,5318
Sabah,Tongod,primary,both,2018-01-01,3597
Sabah,Tongod,primary,both,2019-01-01,3719
Sabah,Tongod,primary,both,2020-01-01,3675
Sabah,Tongod,primary,both,2021-01-01,3614
Sabah,Tongod,primary,both,2022-01-01,3612
Sabah,Tongod,primary,female,2017-01-01,2603
Sabah,Tongod,primary,female,2018-01-01,1769
Sabah,Tongod,primary,female,2019-01-01,1815
Sabah,Tongod,primary,female,2020-01-01,1773
Sabah,Tongod,primary,female,2021-01-01,1757
Sabah,Tongod,primary,female,2022-01-01,1709
Sabah,Tongod,primary,male,2017-01-01,2715
Sabah,Tongod,primary,male,2018-01-01,1828
Sabah,Tongod,primary,male,2019-01-01,1904
Sabah,Tongod,primary,male,2020-01-01,1902
Sabah,Tongod,primary,male,2021-01-01,1857
Sabah,Tongod,primary,male,2022-01-01,1903
Sabah,Tongod,secondary,both,2017-01-01,3884
Sabah,Tongod,secondary,both,2018-01-01,2006
Sabah,Tongod,secondary,both,2019-01-01,1982
Sabah,Tongod,secondary,both,2020-01-01,2013
Sabah,Tongod,secondary,both,2021-01-01,2163
Sabah,Tongod,secondary,both,2022-01-01,2214
Sabah,Tongod,secondary,female,2017-01-01,2053
Sabah,Tongod,secondary,female,2018-01-01,1058
Sabah,Tongod,secondary,female,2019-01-01,1056
Sabah,Tongod,secondary,female,2020-01-01,1043
Sabah,Tongod,secondary,female,2021-01-01,1083
Sabah,Tongod,secondary,female,2022-01-01,1105
Sabah,Tongod,secondary,male,2017-01-01,1831
Sabah,Tongod,secondary,male,2018-01-01,948
Sabah,Tongod,secondary,male,2019-01-01,926
Sabah,Tongod,secondary,male,2020-01-01,970
Sabah,Tongod,secondary,male,2021-01-01,1080
Sabah,Tongod,secondary,male,2022-01-01,1109
Sabah,Tongod,post_secondary,both,2018-01-01,103
Sabah,Tongod,post_secondary,both,2019-01-01,165
Sabah,Tongod,post_secondary,both,2020-01-01,82
Sabah,Tongod,post_secondary,both,2021-01-01,87
Sabah,Tongod,post_secondary,both,2022-01-01,103
Sabah,Tongod,post_secondary,female,2018-01-01,66
Sabah,Tongod,post_secondary,female,2019-01-01,119
Sabah,Tongod,post_secondary,female,2020-01-01,61
Sabah,Tongod,post_secondary,female,2021-01-01,57
Sabah,Tongod,post_secondary,female,2022-01-01,69
Sabah,Tongod,post_secondary,male,2018-01-01,37
Sabah,Tongod,post_secondary,male,2019-01-01,46
Sabah,Tongod,post_secondary,male,2020-01-01,21
Sabah,Tongod,post_secondary,male,2021-01-01,30
Sabah,Tongod,post_secondary,male,2022-01-01,34
Sabah,Tuaran,primary,both,2017-01-01,13273
Sabah,Tuaran,primary,both,2018-01-01,13733
Sabah,Tuaran,primary,both,2019-01-01,14378
Sabah,Tuaran,primary,both,2020-01-01,14936
Sabah,Tuaran,primary,both,2021-01-01,15316
Sabah,Tuaran,primary,both,2022-01-01,15588
Sabah,Tuaran,primary,both,2023-06-30,15857
Sabah,Tuaran,primary,both,2024-06-30,16143
Sabah,Tuaran,primary,both,2025-06-30,16319
Sabah,Tuaran,primary,female,2017-01-01,6357
Sabah,Tuaran,primary,female,2018-01-01,6598
Sabah,Tuaran,primary,female,2019-01-01,6925
Sabah,Tuaran,primary,female,2020-01-01,7151
Sabah,Tuaran,primary,female,2021-01-01,7361
Sabah,Tuaran,primary,female,2022-01-01,7595
Sabah,Tuaran,primary,female,2023-06-30,7723
Sabah,Tuaran,primary,female,2024-06-30,7861
Sabah,Tuaran,primary,female,2025-06-30,7909
Sabah,Tuaran,primary,male,2017-01-01,6916
Sabah,Tuaran,primary,male,2018-01-01,7135
Sabah,Tuaran,primary,male,2019-01-01,7453
Sabah,Tuaran,primary,male,2020-01-01,7785
Sabah,Tuaran,primary,male,2021-01-01,7955
Sabah,Tuaran,primary,male,2022-01-01,7993
Sabah,Tuaran,primary,male,2023-06-30,8134
Sabah,Tuaran,primary,male,2024-06-30,8282
Sabah,Tuaran,primary,male,2025-06-30,8410
Sabah,Tuaran,secondary,both,2017-01-01,9945
Sabah,Tuaran,secondary,both,2018-01-01,9261
Sabah,Tuaran,secondary,both,2019-01-01,9287
Sabah,Tuaran,secondary,both,2020-01-01,9495
Sabah,Tuaran,secondary,both,2021-01-01,10107
Sabah,Tuaran,secondary,both,2022-01-01,10782
Sabah,Tuaran,secondary,both,2023-06-30,11168
Sabah,Tuaran,secondary,both,2024-06-30,11564
Sabah,Tuaran,secondary,both,2025-06-30,12030
Sabah,Tuaran,secondary,female,2017-01-01,5149
Sabah,Tuaran,secondary,female,2018-01-01,4674
Sabah,Tuaran,secondary,female,2019-01-01,4717
Sabah,Tuaran,secondary,female,2020-01-01,4762
Sabah,Tuaran,secondary,female,2021-01-01,4993
Sabah,Tuaran,secondary,female,2022-01-01,5182
Sabah,Tuaran,secondary,female,2023-06-30,5395
Sabah,Tuaran,secondary,female,2024-06-30,5657
Sabah,Tuaran,secondary,female,2025-06-30,5868
Sabah,Tuaran,secondary,male,2017-01-01,4796
Sabah,Tuaran,secondary,male,2018-01-01,4587
Sabah,Tuaran,secondary,male,2019-01-01,4570
Sabah,Tuaran,secondary,male,2020-01-01,4733
Sabah,Tuaran,secondary,male,2021-01-01,5114
Sabah,Tuaran,secondary,male,2022-01-01,5600
Sabah,Tuaran,secondary,male,2023-06-30,5773
Sabah,Tuaran,secondary,male,2024-06-30,5907
Sabah,Tuaran,secondary,male,2025-06-30,6162
Sabah,Tuaran,post_secondary,both,2018-01-01,687
Sabah,Tuaran,post_secondary,both,2019-01-01,740
Sabah,Tuaran,post_secondary,both,2020-01-01,325
Sabah,Tuaran,post_secondary,both,2021-01-01,386
Sabah,Tuaran,post_secondary,both,2022-01-01,309
Sabah,Tuaran,post_secondary,both,2023-06-30,396
Sabah,Tuaran,post_secondary,both,2024-06-30,401
Sabah,Tuaran,post_secondary,both,2025-06-30,863
Sabah,Tuaran,post_secondary,female,2018-01-01,473
Sabah,Tuaran,post_secondary,female,2019-01-01,519
Sabah,Tuaran,post_secondary,female,2020-01-01,232
Sabah,Tuaran,post_secondary,female,2021-01-01,286
Sabah,Tuaran,post_secondary,female,2022-01-01,210
Sabah,Tuaran,post_secondary,female,2023-06-30,276
Sabah,Tuaran,post_secondary,female,2024-06-30,262
Sabah,Tuaran,post_secondary,female,2025-06-30,592
Sabah,Tuaran,post_secondary,male,2018-01-01,214
Sabah,Tuaran,post_secondary,male,2019-01-01,221
Sabah,Tuaran,post_secondary,male,2020-01-01,93
Sabah,Tuaran,post_secondary,male,2021-01-01,100
Sabah,Tuaran,post_secondary,male,2022-01-01,99
Sabah,Tuaran,post_secondary,male,2023-06-30,120
Sabah,Tuaran,post_secondary,male,2024-06-30,139
Sabah,Tuaran,post_secondary,male,2025-06-30,271
Sabah,Pensiangan,primary,both,2023-06-30,3805
Sabah,Pensiangan,primary,both,2024-06-30,3730
Sabah,Pensiangan,primary,both,2025-06-30,3661
Sabah,Pensiangan,primary,female,2023-06-30,1828
Sabah,Pensiangan,primary,female,2024-06-30,1783
Sabah,Pensiangan,primary,female,2025-06-30,1724
Sabah,Pensiangan,primary,male,2023-06-30,1977
Sabah,Pensiangan,primary,male,2024-06-30,1947
Sabah,Pensiangan,primary,male,2025-06-30,1937
Sabah,Pensiangan,secondary,both,2023-06-30,2975
Sabah,Pensiangan,secondary,both,2024-06-30,3036
Sabah,Pensiangan,secondary,both,2025-06-30,2854
Sabah,Pensiangan,secondary,female,2023-06-30,1440
Sabah,Pensiangan,secondary,female,2024-06-30,1455
Sabah,Pensiangan,secondary,female,2025-06-30,1389
Sabah,Pensiangan,secondary,male,2023-06-30,1535
Sabah,Pensiangan,secondary,male,2024-06-30,1581
Sabah,Pensiangan,secondary,male,2025-06-30,1465
Sabah,Pensiangan,post_secondary,both,2023-06-30,156
Sabah,Pensiangan,post_secondary,both,2024-06-30,141
Sabah,Pensiangan,post_secondary,both,2025-06-30,277
Sabah,Pensiangan,post_secondary,female,2023-06-30,118
Sabah,Pensiangan,post_secondary,female,2024-06-30,99
Sabah,Pensiangan,post_secondary,female,2025-06-30,190
Sabah,Pensiangan,post_secondary,male,2023-06-30,38
Sabah,Pensiangan,post_secondary,male,2024-06-30,42
Sabah,Pensiangan,post_secondary,male,2025-06-30,87
Sabah,Telupid/Tongod,primary,both,2023-06-30,5505
Sabah,Telupid/Tongod,primary,both,2024-06-30,5430
Sabah,Telupid/Tongod,primary,both,2025-06-30,5280
Sabah,Telupid/Tongod,primary,female,2023-06-30,2635
Sabah,Telupid/Tongod,primary,female,2024-06-30,2652
Sabah,Telupid/Tongod,primary,female,2025-06-30,2599
Sabah,Telupid/Tongod,primary,male,2023-06-30,2870
Sabah,Telupid/Tongod,primary,male,2024-06-30,2778
Sabah,Telupid/Tongod,primary,male,2025-06-30,2681
Sabah,Telupid/Tongod,secondary,both,2023-06-30,4127
Sabah,Telupid/Tongod,secondary,both,2024-06-30,4187
Sabah,Telupid/Tongod,secondary,both,2025-06-30,4297
Sabah,Telupid/Tongod,secondary,female,2023-06-30,2054
Sabah,Telupid/Tongod,secondary,female,2024-06-30,2074
Sabah,Telupid/Tongod,secondary,female,2025-06-30,2140
Sabah,Telupid/Tongod,secondary,male,2023-06-30,2073
Sabah,Telupid/Tongod,secondary,male,2024-06-30,2113
Sabah,Telupid/Tongod,secondary,male,2025-06-30,2157
Sabah,Telupid/Tongod,post_secondary,both,2023-06-30,178
Sabah,Telupid/Tongod,post_secondary,both,2024-06-30,196
Sabah,Telupid/Tongod,post_secondary,both,2025-06-30,435
Sabah,Telupid/Tongod,post_secondary,female,2023-06-30,121
Sabah,Telupid/Tongod,post_secondary,female,2024-06-30,124
Sabah,Telupid/Tongod,post_secondary,female,2025-06-30,254
Sabah,Telupid/Tongod,post_secondary,male,2023-06-30,57
Sabah,Telupid/Tongod,post_secondary,male,2024-06-30,72
Sabah,Telupid/Tongod,post_secondary,male,2025-06-30,181
Sarawak,All Districts,primary,both,2017-01-01,245423
Sarawak,All Districts,primary,both,2018-01-01,244941
Sarawak,All Districts,primary,both,2019-01-01,244813
Sarawak,All Districts,primary,both,2020-01-01,242258
Sarawak,All Districts,primary,both,2021-01-01,239373
Sarawak,All Districts,primary,both,2022-01-01,235319
Sarawak,All Districts,primary,both,2023-06-30,231170
Sarawak,All Districts,primary,both,2024-06-30,225114
Sarawak,All Districts,primary,both,2025-06-30,218457
Sarawak,All Districts,primary,female,2017-01-01,118569
Sarawak,All Districts,primary,female,2018-01-01,118572
Sarawak,All Districts,primary,female,2019-01-01,118348
Sarawak,All Districts,primary,female,2020-01-01,116944
Sarawak,All Districts,primary,female,2021-01-01,115678
Sarawak,All Districts,primary,female,2022-01-01,113656
Sarawak,All Districts,primary,female,2023-06-30,111673
Sarawak,All Districts,primary,female,2024-06-30,108550
Sarawak,All Districts,primary,female,2025-06-30,105614
Sarawak,All Districts,primary,male,2017-01-01,126854
Sarawak,All Districts,primary,male,2018-01-01,126369
Sarawak,All Districts,primary,male,2019-01-01,126465
Sarawak,All Districts,primary,male,2020-01-01,125314
Sarawak,All Districts,primary,male,2021-01-01,123695
Sarawak,All Districts,primary,male,2022-01-01,121663
Sarawak,All Districts,primary,male,2023-06-30,119497
Sarawak,All Districts,primary,male,2024-06-30,116564
Sarawak,All Districts,primary,male,2025-06-30,112843
Sarawak,All Districts,secondary,both,2017-01-01,202744
Sarawak,All Districts,secondary,both,2018-01-01,185852
Sarawak,All Districts,secondary,both,2019-01-01,183866
Sarawak,All Districts,secondary,both,2020-01-01,184190
Sarawak,All Districts,secondary,both,2021-01-01,188147
Sarawak,All Districts,secondary,both,2022-01-01,189658
Sarawak,All Districts,secondary,both,2023-06-30,186420
Sarawak,All Districts,secondary,both,2024-06-30,186655
Sarawak,All Districts,secondary,both,2025-06-30,186496
Sarawak,All Districts,secondary,female,2017-01-01,103475
Sarawak,All Districts,secondary,female,2018-01-01,92615
Sarawak,All Districts,secondary,female,2019-01-01,91421
Sarawak,All Districts,secondary,female,2020-01-01,91356
Sarawak,All Districts,secondary,female,2021-01-01,92593
Sarawak,All Districts,secondary,female,2022-01-01,92723
Sarawak,All Districts,secondary,female,2023-06-30,91422
Sarawak,All Districts,secondary,female,2024-06-30,91483
Sarawak,All Districts,secondary,female,2025-06-30,91275
Sarawak,All Districts,secondary,male,2017-01-01,99269
Sarawak,All Districts,secondary,male,2018-01-01,93237
Sarawak,All Districts,secondary,male,2019-01-01,92445
Sarawak,All Districts,secondary,male,2020-01-01,92834
Sarawak,All Districts,secondary,male,2021-01-01,95554
Sarawak,All Districts,secondary,male,2022-01-01,96935
Sarawak,All Districts,secondary,male,2023-06-30,94998
Sarawak,All Districts,secondary,male,2024-06-30,95172
Sarawak,All Districts,secondary,male,2025-06-30,95221
Sarawak,All Districts,post_secondary,both,2018-01-01,14963
Sarawak,All Districts,post_secondary,both,2019-01-01,14722
Sarawak,All Districts,post_secondary,both,2020-01-01,7597
Sarawak,All Districts,post_secondary,both,2021-01-01,7793
Sarawak,All Districts,post_secondary,both,2022-01-01,7502
Sarawak,All Districts,post_secondary,both,2023-06-30,8106
Sarawak,All Districts,post_secondary,both,2024-06-30,7867
Sarawak,All Districts,post_secondary,both,2025-06-30,14250
Sarawak,All Districts,post_secondary,female,2018-01-01,9515
Sarawak,All Districts,post_secondary,female,2019-01-01,9353
Sarawak,All Districts,post_secondary,female,2020-01-01,4697
Sarawak,All Districts,post_secondary,female,2021-01-01,4910
Sarawak,All Districts,post_secondary,female,2022-01-01,4580
Sarawak,All Districts,post_secondary,female,2023-06-30,4831
Sarawak,All Districts,post_secondary,female,2024-06-30,4691
Sarawak,All Districts,post_secondary,female,2025-06-30,8797
Sarawak,All Districts,post_secondary,male,2018-01-01,5448
Sarawak,All Districts,post_secondary,male,2019-01-01,5369
Sarawak,All Districts,post_secondary,male,2020-01-01,2900
Sarawak,All Districts,post_secondary,male,2021-01-01,2883
Sarawak,All Districts,post_secondary,male,2022-01-01,2922
Sarawak,All Districts,post_secondary,male,2023-06-30,3275
Sarawak,All Districts,post_secondary,male,2024-06-30,3176
Sarawak,All Districts,post_secondary,male,2025-06-30,5453
Sarawak,Asajaya,primary,both,2018-01-01,4108
Sarawak,Asajaya,primary,both,2019-01-01,4120
Sarawak,Asajaya,primary,both,2020-01-01,4097
Sarawak,Asajaya,primary,both,2021-01-01,4095
Sarawak,Asajaya,primary,both,2022-01-01,3974
Sarawak,Asajaya,primary,female,2018-01-01,2007
Sarawak,Asajaya,primary,female,2019-01-01,2039
Sarawak,Asajaya,primary,female,2020-01-01,2032
Sarawak,Asajaya,primary,female,2021-01-01,2031
Sarawak,Asajaya,primary,female,2022-01-01,1917
Sarawak,Asajaya,primary,male,2018-01-01,2101
Sarawak,Asajaya,primary,male,2019-01-01,2081
Sarawak,Asajaya,primary,male,2020-01-01,2065
Sarawak,Asajaya,primary,male,2021-01-01,2064
Sarawak,Asajaya,primary,male,2022-01-01,2057
Sarawak,Asajaya,secondary,both,2018-01-01,3860
Sarawak,Asajaya,secondary,both,2019-01-01,3835
Sarawak,Asajaya,secondary,both,2020-01-01,3979
Sarawak,Asajaya,secondary,both,2021-01-01,4237
Sarawak,Asajaya,secondary,both,2022-01-01,4411
Sarawak,Asajaya,secondary,female,2018-01-01,1954
Sarawak,Asajaya,secondary,female,2019-01-01,1910
Sarawak,Asajaya,secondary,female,2020-01-01,1985
Sarawak,Asajaya,secondary,female,2021-01-01,2126
Sarawak,Asajaya,secondary,female,2022-01-01,2180
Sarawak,Asajaya,secondary,male,2018-01-01,1906
Sarawak,Asajaya,secondary,male,2019-01-01,1925
Sarawak,Asajaya,secondary,male,2020-01-01,1994
Sarawak,Asajaya,secondary,male,2021-01-01,2111
Sarawak,Asajaya,secondary,male,2022-01-01,2231
Sarawak,Asajaya,post_secondary,both,2018-01-01,290
Sarawak,Asajaya,post_secondary,both,2019-01-01,331
Sarawak,Asajaya,post_secondary,both,2020-01-01,170
Sarawak,Asajaya,post_secondary,both,2021-01-01,153
Sarawak,Asajaya,post_secondary,both,2022-01-01,155
Sarawak,Asajaya,post_secondary,female,2018-01-01,177
Sarawak,Asajaya,post_secondary,female,2019-01-01,233
Sarawak,Asajaya,post_secondary,female,2020-01-01,123
Sarawak,Asajaya,post_secondary,female,2021-01-01,104
Sarawak,Asajaya,post_secondary,female,2022-01-01,109
Sarawak,Asajaya,post_secondary,male,2018-01-01,113
Sarawak,Asajaya,post_secondary,male,2019-01-01,98
Sarawak,Asajaya,post_secondary,male,2020-01-01,47
Sarawak,Asajaya,post_secondary,male,2021-01-01,49
Sarawak,Asajaya,post_secondary,male,2022-01-01,46
Sarawak,Bau,primary,both,2017-01-01,5422
Sarawak,Bau,primary,both,2018-01-01,5382
Sarawak,Bau,primary,both,2019-01-01,5394
Sarawak,Bau,primary,both,2020-01-01,5313
Sarawak,Bau,primary,both,2021-01-01,5210
Sarawak,Bau,primary,both,2022-01-01,5101
Sarawak,Bau,primary,both,2023-06-30,5016
Sarawak,Bau,primary,both,2024-06-30,4920
Sarawak,Bau,primary,both,2025-06-30,4797
Sarawak,Bau,primary,female,2017-01-01,2601
Sarawak,Bau,primary,female,2018-01-01,2581
Sarawak,Bau,primary,female,2019-01-01,2565
Sarawak,Bau,primary,female,2020-01-01,2541
Sarawak,Bau,primary,female,2021-01-01,2477
Sarawak,Bau,primary,female,2022-01-01,2436
Sarawak,Bau,primary,female,2023-06-30,2419
Sarawak,Bau,primary,female,2024-06-30,2330
Sarawak,Bau,primary,female,2025-06-30,2287
Sarawak,Bau,primary,male,2017-01-01,2821
Sarawak,Bau,primary,male,2018-01-01,2801
Sarawak,Bau,primary,male,2019-01-01,2829
Sarawak,Bau,primary,male,2020-01-01,2772
Sarawak,Bau,primary,male,2021-01-01,2733
Sarawak,Bau,primary,male,2022-01-01,2665
Sarawak,Bau,primary,male,2023-06-30,2597
Sarawak,Bau,primary,male,2024-06-30,2590
Sarawak,Bau,primary,male,2025-06-30,2510
Sarawak,Bau,secondary,both,2017-01-01,5513
Sarawak,Bau,secondary,both,2018-01-01,4948
Sarawak,Bau,secondary,both,2019-01-01,4862
Sarawak,Bau,secondary,both,2020-01-01,4868
Sarawak,Bau,secondary,both,2021-01-01,4820
Sarawak,Bau,secondary,both,2022-01-01,4750
Sarawak,Bau,secondary,both,2023-06-30,4654
Sarawak,Bau,secondary,both,2024-06-30,4552
Sarawak,Bau,secondary,both,2025-06-30,4561
Sarawak,Bau,secondary,female,2017-01-01,2806
Sarawak,Bau,secondary,female,2018-01-01,2408
Sarawak,Bau,secondary,female,2019-01-01,2359
Sarawak,Bau,secondary,female,2020-01-01,2360
Sarawak,Bau,secondary,female,2021-01-01,2367
Sarawak,Bau,secondary,female,2022-01-01,2338
Sarawak,Bau,secondary,female,2023-06-30,2265
Sarawak,Bau,secondary,female,2024-06-30,2192
Sarawak,Bau,secondary,female,2025-06-30,2219
Sarawak,Bau,secondary,male,2017-01-01,2707
Sarawak,Bau,secondary,male,2018-01-01,2540
Sarawak,Bau,secondary,male,2019-01-01,2503
Sarawak,Bau,secondary,male,2020-01-01,2508
Sarawak,Bau,secondary,male,2021-01-01,2453
Sarawak,Bau,secondary,male,2022-01-01,2412
Sarawak,Bau,secondary,male,2023-06-30,2389
Sarawak,Bau,secondary,male,2024-06-30,2360
Sarawak,Bau,secondary,male,2025-06-30,2342
Sarawak,Bau,post_secondary,both,2018-01-01,458
Sarawak,Bau,post_secondary,both,2019-01-01,432
Sarawak,Bau,post_secondary,both,2020-01-01,172
Sarawak,Bau,post_secondary,both,2021-01-01,165
Sarawak,Bau,post_secondary,both,2022-01-01,184
Sarawak,Bau,post_secondary,both,2023-06-30,205
Sarawak,Bau,post_secondary,both,2024-06-30,187
Sarawak,Bau,post_secondary,both,2025-06-30,466
Sarawak,Bau,post_secondary,female,2018-01-01,334
Sarawak,Bau,post_secondary,female,2019-01-01,319
Sarawak,Bau,post_secondary,female,2020-01-01,122
Sarawak,Bau,post_secondary,female,2021-01-01,113
Sarawak,Bau,post_secondary,female,2022-01-01,111
Sarawak,Bau,post_secondary,female,2023-06-30,150
Sarawak,Bau,post_secondary,female,2024-06-30,129
Sarawak,Bau,post_secondary,female,2025-06-30,304
Sarawak,Bau,post_secondary,male,2018-01-01,124
Sarawak,Bau,post_secondary,male,2019-01-01,113
Sarawak,Bau,post_secondary,male,2020-01-01,50
Sarawak,Bau,post_secondary,male,2021-01-01,52
Sarawak,Bau,post_secondary,male,2022-01-01,73
Sarawak,Bau,post_secondary,male,2023-06-30,55
Sarawak,Bau,post_secondary,male,2024-06-30,58
Sarawak,Bau,post_secondary,male,2025-06-30,162
Sarawak,Belaga,primary,both,2017-01-01,2928
Sarawak,Belaga,primary,both,2018-01-01,2026
Sarawak,Belaga,primary,both,2019-01-01,1954
Sarawak,Belaga,primary,both,2020-01-01,1823
Sarawak,Belaga,primary,both,2021-01-01,1846
Sarawak,Belaga,primary,both,2022-01-01,1776
Sarawak,Belaga,primary,both,2023-06-30,2429
Sarawak,Belaga,primary,both,2024-06-30,2340
Sarawak,Belaga,primary,both,2025-06-30,2262
Sarawak,Belaga,primary,female,2017-01-01,1400
Sarawak,Belaga,primary,female,2018-01-01,966
Sarawak,Belaga,primary,female,2019-01-01,964
Sarawak,Belaga,primary,female,2020-01-01,885
Sarawak,Belaga,primary,female,2021-01-01,885
Sarawak,Belaga,primary,female,2022-01-01,857
Sarawak,Belaga,primary,female,2023-06-30,1194
Sarawak,Belaga,primary,female,2024-06-30,1155
Sarawak,Belaga,primary,female,2025-06-30,1133
Sarawak,Belaga,primary,male,2017-01-01,1528
Sarawak,Belaga,primary,male,2018-01-01,1060
Sarawak,Belaga,primary,male,2019-01-01,990
Sarawak,Belaga,primary,male,2020-01-01,938
Sarawak,Belaga,primary,male,2021-01-01,961
Sarawak,Belaga,primary,male,2022-01-01,919
Sarawak,Belaga,primary,male,2023-06-30,1235
Sarawak,Belaga,primary,male,2024-06-30,1185
Sarawak,Belaga,primary,male,2025-06-30,1129
Sarawak,Belaga,secondary,both,2017-01-01,1963
Sarawak,Belaga,secondary,both,2018-01-01,1864
Sarawak,Belaga,secondary,both,2019-01-01,1855
Sarawak,Belaga,secondary,both,2020-01-01,1851
Sarawak,Belaga,secondary,both,2021-01-01,1887
Sarawak,Belaga,secondary,both,2022-01-01,2017
Sarawak,Belaga,secondary,both,2023-06-30,1931
Sarawak,Belaga,secondary,both,2024-06-30,1903
Sarawak,Belaga,secondary,both,2025-06-30,1776
Sarawak,Belaga,secondary,female,2017-01-01,1052
Sarawak,Belaga,secondary,female,2018-01-01,955
Sarawak,Belaga,secondary,female,2019-01-01,948
Sarawak,Belaga,secondary,female,2020-01-01,927
Sarawak,Belaga,secondary,female,2021-01-01,957
Sarawak,Belaga,secondary,female,2022-01-01,1001
Sarawak,Belaga,secondary,female,2023-06-30,969
Sarawak,Belaga,secondary,female,2024-06-30,950
Sarawak,Belaga,secondary,female,2025-06-30,887
Sarawak,Belaga,secondary,male,2017-01-01,911
Sarawak,Belaga,secondary,male,2018-01-01,909
Sarawak,Belaga,secondary,male,2019-01-01,907
Sarawak,Belaga,secondary,male,2020-01-01,924
Sarawak,Belaga,secondary,male,2021-01-01,930
Sarawak,Belaga,secondary,male,2022-01-01,1016
Sarawak,Belaga,secondary,male,2023-06-30,962
Sarawak,Belaga,secondary,male,2024-06-30,953
Sarawak,Belaga,secondary,male,2025-06-30,889
Sarawak,Belaga,post_secondary,both,2018-01-01,67
Sarawak,Belaga,post_secondary,both,2019-01-01,69
Sarawak,Belaga,post_secondary,both,2020-01-01,41
Sarawak,Belaga,post_secondary,both,2021-01-01,55
Sarawak,Belaga,post_secondary,both,2022-01-01,38
Sarawak,Belaga,post_secondary,both,2023-06-30,42
Sarawak,Belaga,post_secondary,both,2024-06-30,29
Sarawak,Belaga,post_secondary,both,2025-06-30,88
Sarawak,Belaga,post_secondary,female,2018-01-01,47
Sarawak,Belaga,post_secondary,female,2019-01-01,47
Sarawak,Belaga,post_secondary,female,2020-01-01,27
Sarawak,Belaga,post_secondary,female,2021-01-01,40
Sarawak,Belaga,post_secondary,female,2022-01-01,28
Sarawak,Belaga,post_secondary,female,2023-06-30,31
Sarawak,Belaga,post_secondary,female,2024-06-30,19
Sarawak,Belaga,post_secondary,female,2025-06-30,64
Sarawak,Belaga,post_secondary,male,2018-01-01,20
Sarawak,Belaga,post_secondary,male,2019-01-01,22
Sarawak,Belaga,post_secondary,male,2020-01-01,14
Sarawak,Belaga,post_secondary,male,2021-01-01,15
Sarawak,Belaga,post_secondary,male,2022-01-01,10
Sarawak,Belaga,post_secondary,male,2023-06-30,11
Sarawak,Belaga,post_secondary,male,2024-06-30,10
Sarawak,Belaga,post_secondary,male,2025-06-30,24
Sarawak,Betong,primary,both,2017-01-01,7076
Sarawak,Betong,primary,both,2018-01-01,7112
Sarawak,Betong,primary,both,2019-01-01,7065
Sarawak,Betong,primary,both,2020-01-01,6999
Sarawak,Betong,primary,both,2021-01-01,6965
Sarawak,Betong,primary,both,2022-01-01,6936
Sarawak,Betong,primary,both,2023-06-30,6930
Sarawak,Betong,primary,both,2024-06-30,6676
Sarawak,Betong,primary,both,2025-06-30,6412
Sarawak,Betong,primary,female,2017-01-01,3493
Sarawak,Betong,primary,female,2018-01-01,3476
Sarawak,Betong,primary,female,2019-01-01,3408
Sarawak,Betong,primary,female,2020-01-01,3334
Sarawak,Betong,primary,female,2021-01-01,3343
Sarawak,Betong,primary,female,2022-01-01,3320
Sarawak,Betong,primary,female,2023-06-30,3348
Sarawak,Betong,primary,female,2024-06-30,3215
Sarawak,Betong,primary,female,2025-06-30,3114
Sarawak,Betong,primary,male,2017-01-01,3583
Sarawak,Betong,primary,male,2018-01-01,3636
Sarawak,Betong,primary,male,2019-01-01,3657
Sarawak,Betong,primary,male,2020-01-01,3665
Sarawak,Betong,primary,male,2021-01-01,3622
Sarawak,Betong,primary,male,2022-01-01,3616
Sarawak,Betong,primary,male,2023-06-30,3582
Sarawak,Betong,primary,male,2024-06-30,3461
Sarawak,Betong,primary,male,2025-06-30,3298
Sarawak,Betong,secondary,both,2017-01-01,6714
Sarawak,Betong,secondary,both,2018-01-01,5775
Sarawak,Betong,secondary,both,2019-01-01,5615
Sarawak,Betong,secondary,both,2020-01-01,5612
Sarawak,Betong,secondary,both,2021-01-01,5768
Sarawak,Betong,secondary,both,2022-01-01,5845
Sarawak,Betong,secondary,both,2023-06-30,5704
Sarawak,Betong,secondary,both,2024-06-30,5812
Sarawak,Betong,secondary,both,2025-06-30,5784
Sarawak,Betong,secondary,female,2017-01-01,3343
Sarawak,Betong,secondary,female,2018-01-01,2870
Sarawak,Betong,secondary,female,2019-01-01,2839
Sarawak,Betong,secondary,female,2020-01-01,2823
Sarawak,Betong,secondary,female,2021-01-01,2846
Sarawak,Betong,secondary,female,2022-01-01,2858
Sarawak,Betong,secondary,female,2023-06-30,2768
Sarawak,Betong,secondary,female,2024-06-30,2805
Sarawak,Betong,secondary,female,2025-06-30,2731
Sarawak,Betong,secondary,male,2017-01-01,3371
Sarawak,Betong,secondary,male,2018-01-01,2905
Sarawak,Betong,secondary,male,2019-01-01,2776
Sarawak,Betong,secondary,male,2020-01-01,2789
Sarawak,Betong,secondary,male,2021-01-01,2922
Sarawak,Betong,secondary,male,2022-01-01,2987
Sarawak,Betong,secondary,male,2023-06-30,2936
Sarawak,Betong,secondary,male,2024-06-30,3007
Sarawak,Betong,secondary,male,2025-06-30,3053
Sarawak,Betong,post_secondary,both,2018-01-01,835
Sarawak,Betong,post_secondary,both,2019-01-01,760
Sarawak,Betong,post_secondary,both,2020-01-01,506
Sarawak,Betong,post_secondary,both,2021-01-01,473
Sarawak,Betong,post_secondary,both,2022-01-01,513
Sarawak,Betong,post_secondary,both,2023-06-30,559
Sarawak,Betong,post_secondary,both,2024-06-30,566
Sarawak,Betong,post_secondary,both,2025-06-30,741
Sarawak,Betong,post_secondary,female,2018-01-01,460
Sarawak,Betong,post_secondary,female,2019-01-01,406
Sarawak,Betong,post_secondary,female,2020-01-01,254
Sarawak,Betong,post_secondary,female,2021-01-01,275
Sarawak,Betong,post_secondary,female,2022-01-01,247
Sarawak,Betong,post_secondary,female,2023-06-30,253
Sarawak,Betong,post_secondary,female,2024-06-30,276
Sarawak,Betong,post_secondary,female,2025-06-30,397
Sarawak,Betong,post_secondary,male,2018-01-01,375
Sarawak,Betong,post_secondary,male,2019-01-01,354
Sarawak,Betong,post_secondary,male,2020-01-01,252
Sarawak,Betong,post_secondary,male,2021-01-01,198
Sarawak,Betong,post_secondary,male,2022-01-01,266
Sarawak,Betong,post_secondary,male,2023-06-30,306
Sarawak,Betong,post_secondary,male,2024-06-30,290
Sarawak,Betong,post_secondary,male,2025-06-30,344
Sarawak,Bintulu,primary,both,2017-01-01,17402
Sarawak,Bintulu,primary,both,2018-01-01,17749
Sarawak,Bintulu,primary,both,2019-01-01,17877
Sarawak,Bintulu,primary,both,2020-01-01,17994
Sarawak,Bintulu,primary,both,2021-01-01,17890
Sarawak,Bintulu,primary,both,2022-01-01,17859
Sarawak,Bintulu,primary,both,2023-06-30,17552
Sarawak,Bintulu,primary,both,2024-06-30,17599
Sarawak,Bintulu,primary,both,2025-06-30,17409
Sarawak,Bintulu,primary,female,2017-01-01,8432
Sarawak,Bintulu,primary,female,2018-01-01,8628
Sarawak,Bintulu,primary,female,2019-01-01,8650
Sarawak,Bintulu,primary,female,2020-01-01,8745
Sarawak,Bintulu,primary,female,2021-01-01,8773
Sarawak,Bintulu,primary,female,2022-01-01,8679
Sarawak,Bintulu,primary,female,2023-06-30,8574
Sarawak,Bintulu,primary,female,2024-06-30,8574
Sarawak,Bintulu,primary,female,2025-06-30,8472
Sarawak,Bintulu,primary,male,2017-01-01,8970
Sarawak,Bintulu,primary,male,2018-01-01,9121
Sarawak,Bintulu,primary,male,2019-01-01,9227
Sarawak,Bintulu,primary,male,2020-01-01,9249
Sarawak,Bintulu,primary,male,2021-01-01,9117
Sarawak,Bintulu,primary,male,2022-01-01,9180
Sarawak,Bintulu,primary,male,2023-06-30,8978
Sarawak,Bintulu,primary,male,2024-06-30,9025
Sarawak,Bintulu,primary,male,2025-06-30,8937
Sarawak,Bintulu,secondary,both,2017-01-01,14475
Sarawak,Bintulu,secondary,both,2018-01-01,13216
Sarawak,Bintulu,secondary,both,2019-01-01,13150
Sarawak,Bintulu,secondary,both,2020-01-01,13295
Sarawak,Bintulu,secondary,both,2021-01-01,13580
Sarawak,Bintulu,secondary,both,2022-01-01,13788
Sarawak,Bintulu,secondary,both,2023-06-30,13648
Sarawak,Bintulu,secondary,both,2024-06-30,13798
Sarawak,Bintulu,secondary,both,2025-06-30,13944
Sarawak,Bintulu,secondary,female,2017-01-01,7302
Sarawak,Bintulu,secondary,female,2018-01-01,6585
Sarawak,Bintulu,secondary,female,2019-01-01,6535
Sarawak,Bintulu,secondary,female,2020-01-01,6604
Sarawak,Bintulu,secondary,female,2021-01-01,6635
Sarawak,Bintulu,secondary,female,2022-01-01,6732
Sarawak,Bintulu,secondary,female,2023-06-30,6653
Sarawak,Bintulu,secondary,female,2024-06-30,6688
Sarawak,Bintulu,secondary,female,2025-06-30,6744
Sarawak,Bintulu,secondary,male,2017-01-01,7173
Sarawak,Bintulu,secondary,male,2018-01-01,6631
Sarawak,Bintulu,secondary,male,2019-01-01,6615
Sarawak,Bintulu,secondary,male,2020-01-01,6691
Sarawak,Bintulu,secondary,male,2021-01-01,6945
Sarawak,Bintulu,secondary,male,2022-01-01,7056
Sarawak,Bintulu,secondary,male,2023-06-30,6995
Sarawak,Bintulu,secondary,male,2024-06-30,7110
Sarawak,Bintulu,secondary,male,2025-06-30,7200
Sarawak,Bintulu,post_secondary,both,2018-01-01,1139
Sarawak,Bintulu,post_secondary,both,2019-01-01,1120
Sarawak,Bintulu,post_secondary,both,2020-01-01,668
Sarawak,Bintulu,post_secondary,both,2021-01-01,598
Sarawak,Bintulu,post_secondary,both,2022-01-01,673
Sarawak,Bintulu,post_secondary,both,2023-06-30,815
Sarawak,Bintulu,post_secondary,both,2024-06-30,698
Sarawak,Bintulu,post_secondary,both,2025-06-30,1074
Sarawak,Bintulu,post_secondary,female,2018-01-01,665
Sarawak,Bintulu,post_secondary,female,2019-01-01,681
Sarawak,Bintulu,post_secondary,female,2020-01-01,384
Sarawak,Bintulu,post_secondary,female,2021-01-01,377
Sarawak,Bintulu,post_secondary,female,2022-01-01,384
Sarawak,Bintulu,post_secondary,female,2023-06-30,398
Sarawak,Bintulu,post_secondary,female,2024-06-30,344
Sarawak,Bintulu,post_secondary,female,2025-06-30,620
Sarawak,Bintulu,post_secondary,male,2018-01-01,474
Sarawak,Bintulu,post_secondary,male,2019-01-01,439
Sarawak,Bintulu,post_secondary,male,2020-01-01,284
Sarawak,Bintulu,post_secondary,male,2021-01-01,221
Sarawak,Bintulu,post_secondary,male,2022-01-01,289
Sarawak,Bintulu,post_secondary,male,2023-06-30,417
Sarawak,Bintulu,post_secondary,male,2024-06-30,354
Sarawak,Bintulu,post_secondary,male,2025-06-30,454
Sarawak,Dalat,primary,both,2017-01-01,2691
Sarawak,Dalat,primary,both,2018-01-01,2616
Sarawak,Dalat,primary,both,2019-01-01,2615
Sarawak,Dalat,primary,both,2020-01-01,2581
Sarawak,Dalat,primary,both,2021-01-01,2502
Sarawak,Dalat,primary,both,2022-01-01,2444
Sarawak,Dalat,primary,both,2023-06-30,2349
Sarawak,Dalat,primary,both,2024-06-30,2277
Sarawak,Dalat,primary,both,2025-06-30,2182
Sarawak,Dalat,primary,female,2017-01-01,1298
Sarawak,Dalat,primary,female,2018-01-01,1246
Sarawak,Dalat,primary,female,2019-01-01,1238
Sarawak,Dalat,primary,female,2020-01-01,1208
Sarawak,Dalat,primary,female,2021-01-01,1184
Sarawak,Dalat,primary,female,2022-01-01,1180
Sarawak,Dalat,primary,female,2023-06-30,1155
Sarawak,Dalat,primary,female,2024-06-30,1123
Sarawak,Dalat,primary,female,2025-06-30,1078
Sarawak,Dalat,primary,male,2017-01-01,1393
Sarawak,Dalat,primary,male,2018-01-01,1370
Sarawak,Dalat,primary,male,2019-01-01,1377
Sarawak,Dalat,primary,male,2020-01-01,1373
Sarawak,Dalat,primary,male,2021-01-01,1318
Sarawak,Dalat,primary,male,2022-01-01,1264
Sarawak,Dalat,primary,male,2023-06-30,1194
Sarawak,Dalat,primary,male,2024-06-30,1154
Sarawak,Dalat,primary,male,2025-06-30,1104
Sarawak,Dalat,secondary,both,2017-01-01,2584
Sarawak,Dalat,secondary,both,2018-01-01,2374
Sarawak,Dalat,secondary,both,2019-01-01,2321
Sarawak,Dalat,secondary,both,2020-01-01,2358
Sarawak,Dalat,secondary,both,2021-01-01,2414
Sarawak,Dalat,secondary,both,2022-01-01,2436
Sarawak,Dalat,secondary,both,2023-06-30,2398
Sarawak,Dalat,secondary,both,2024-06-30,2355
Sarawak,Dalat,secondary,both,2025-06-30,2338
Sarawak,Dalat,secondary,female,2017-01-01,1330
Sarawak,Dalat,secondary,female,2018-01-01,1183
Sarawak,Dalat,secondary,female,2019-01-01,1141
Sarawak,Dalat,secondary,female,2020-01-01,1178
Sarawak,Dalat,secondary,female,2021-01-01,1208
Sarawak,Dalat,secondary,female,2022-01-01,1198
Sarawak,Dalat,secondary,female,2023-06-30,1164
Sarawak,Dalat,secondary,female,2024-06-30,1147
Sarawak,Dalat,secondary,female,2025-06-30,1128
Sarawak,Dalat,secondary,male,2017-01-01,1254
Sarawak,Dalat,secondary,male,2018-01-01,1191
Sarawak,Dalat,secondary,male,2019-01-01,1180
Sarawak,Dalat,secondary,male,2020-01-01,1180
Sarawak,Dalat,secondary,male,2021-01-01,1206
Sarawak,Dalat,secondary,male,2022-01-01,1238
Sarawak,Dalat,secondary,male,2023-06-30,1234
Sarawak,Dalat,secondary,male,2024-06-30,1208
Sarawak,Dalat,secondary,male,2025-06-30,1210
Sarawak,Dalat,post_secondary,both,2018-01-01,205
Sarawak,Dalat,post_secondary,both,2019-01-01,246
Sarawak,Dalat,post_secondary,both,2020-01-01,123
Sarawak,Dalat,post_secondary,both,2021-01-01,120
Sarawak,Dalat,post_secondary,both,2022-01-01,103
Sarawak,Dalat,post_secondary,both,2023-06-30,116
Sarawak,Dalat,post_secondary,both,2024-06-30,112
Sarawak,Dalat,post_secondary,both,2025-06-30,170
Sarawak,Dalat,post_secondary,female,2018-01-01,137
Sarawak,Dalat,post_secondary,female,2019-01-01,167
Sarawak,Dalat,post_secondary,female,2020-01-01,82
Sarawak,Dalat,post_secondary,female,2021-01-01,79
Sarawak,Dalat,post_secondary,female,2022-01-01,68
Sarawak,Dalat,post_secondary,female,2023-06-30,80
Sarawak,Dalat,post_secondary,female,2024-06-30,64
Sarawak,Dalat,post_secondary,female,2025-06-30,119
Sarawak,Dalat,post_secondary,male,2018-01-01,68
Sarawak,Dalat,post_secondary,male,2019-01-01,79
Sarawak,Dalat,post_secondary,male,2020-01-01,41
Sarawak,Dalat,post_secondary,male,2021-01-01,41
Sarawak,Dalat,post_secondary,male,2022-01-01,35
Sarawak,Dalat,post_secondary,male,2023-06-30,36
Sarawak,Dalat,post_secondary,male,2024-06-30,48
Sarawak,Dalat,post_secondary,male,2025-06-30,51
Sarawak,Daro,primary,both,2017-01-01,4972
Sarawak,Daro,primary,both,2018-01-01,5027
Sarawak,Daro,primary,both,2019-01-01,5016
Sarawak,Daro,primary,both,2020-01-01,4948
Sarawak,Daro,primary,both,2021-01-01,4857
Sarawak,Daro,primary,both,2022-01-01,4766
Sarawak,Daro,primary,both,2023-06-30,4593
Sarawak,Daro,primary,both,2024-06-30,4444
Sarawak,Daro,primary,both,2025-06-30,4344
Sarawak,Daro,primary,female,2017-01-01,2395
Sarawak,Daro,primary,female,2018-01-01,2434
Sarawak,Daro,primary,female,2019-01-01,2448
Sarawak,Daro,primary,female,2020-01-01,2387
Sarawak,Daro,primary,female,2021-01-01,2363
Sarawak,Daro,primary,female,2022-01-01,2310
Sarawak,Daro,primary,female,2023-06-30,2206
Sarawak,Daro,primary,female,2024-06-30,2141
Sarawak,Daro,primary,female,2025-06-30,2069
Sarawak,Daro,primary,male,2017-01-01,2577
Sarawak,Daro,primary,male,2018-01-01,2593
Sarawak,Daro,primary,male,2019-01-01,2568
Sarawak,Daro,primary,male,2020-01-01,2561
Sarawak,Daro,primary,male,2021-01-01,2494
Sarawak,Daro,primary,male,2022-01-01,2456
Sarawak,Daro,primary,male,2023-06-30,2387
Sarawak,Daro,primary,male,2024-06-30,2303
Sarawak,Daro,primary,male,2025-06-30,2275
Sarawak,Daro,secondary,both,2017-01-01,2844
Sarawak,Daro,secondary,both,2018-01-01,2142
Sarawak,Daro,secondary,both,2019-01-01,2175
Sarawak,Daro,secondary,both,2020-01-01,2185
Sarawak,Daro,secondary,both,2021-01-01,2355
Sarawak,Daro,secondary,both,2022-01-01,2455
Sarawak,Daro,secondary,both,2023-06-30,3088
Sarawak,Daro,secondary,both,2024-06-30,3120
Sarawak,Daro,secondary,both,2025-06-30,3070
Sarawak,Daro,secondary,female,2017-01-01,1396
Sarawak,Daro,secondary,female,2018-01-01,1036
Sarawak,Daro,secondary,female,2019-01-01,1083
Sarawak,Daro,secondary,female,2020-01-01,1099
Sarawak,Daro,secondary,female,2021-01-01,1144
Sarawak,Daro,secondary,female,2022-01-01,1181
Sarawak,Daro,secondary,female,2023-06-30,1517
Sarawak,Daro,secondary,female,2024-06-30,1505
Sarawak,Daro,secondary,female,2025-06-30,1496
Sarawak,Daro,secondary,male,2017-01-01,1448
Sarawak,Daro,secondary,male,2018-01-01,1106
Sarawak,Daro,secondary,male,2019-01-01,1092
Sarawak,Daro,secondary,male,2020-01-01,1086
Sarawak,Daro,secondary,male,2021-01-01,1211
Sarawak,Daro,secondary,male,2022-01-01,1274
Sarawak,Daro,secondary,male,2023-06-30,1571
Sarawak,Daro,secondary,male,2024-06-30,1615
Sarawak,Daro,secondary,male,2025-06-30,1574
Sarawak,Daro,post_secondary,both,2018-01-01,168
Sarawak,Daro,post_secondary,both,2019-01-01,199
Sarawak,Daro,post_secondary,both,2020-01-01,96
Sarawak,Daro,post_secondary,both,2021-01-01,97
Sarawak,Daro,post_secondary,both,2022-01-01,94
Sarawak,Daro,post_secondary,both,2023-06-30,91
Sarawak,Daro,post_secondary,both,2024-06-30,94
Sarawak,Daro,post_secondary,both,2025-06-30,186
Sarawak,Daro,post_secondary,female,2018-01-01,115
Sarawak,Daro,post_secondary,female,2019-01-01,128
Sarawak,Daro,post_secondary,female,2020-01-01,64
Sarawak,Daro,post_secondary,female,2021-01-01,70
Sarawak,Daro,post_secondary,female,2022-01-01,61
Sarawak,Daro,post_secondary,female,2023-06-30,64
Sarawak,Daro,post_secondary,female,2024-06-30,65
Sarawak,Daro,post_secondary,female,2025-06-30,126
Sarawak,Daro,post_secondary,male,2018-01-01,53
Sarawak,Daro,post_secondary,male,2019-01-01,71
Sarawak,Daro,post_secondary,male,2020-01-01,32
Sarawak,Daro,post_secondary,male,2021-01-01,27
Sarawak,Daro,post_secondary,male,2022-01-01,33
Sarawak,Daro,post_secondary,male,2023-06-30,27
Sarawak,Daro,post_secondary,male,2024-06-30,29
Sarawak,Daro,post_secondary,male,2025-06-30,60
Sarawak,Julau,primary,both,2017-01-01,3235
Sarawak,Julau,primary,both,2018-01-01,3172
Sarawak,Julau,primary,both,2019-01-01,3056
Sarawak,Julau,primary,both,2020-01-01,3014
Sarawak,Julau,primary,both,2021-01-01,2940
Sarawak,Julau,primary,both,2022-01-01,2809
Sarawak,Julau,primary,both,2023-06-30,2704
Sarawak,Julau,primary,both,2024-06-30,2567
Sarawak,Julau,primary,both,2025-06-30,2425
Sarawak,Julau,primary,female,2017-01-01,1584
Sarawak,Julau,primary,female,2018-01-01,1549
Sarawak,Julau,primary,female,2019-01-01,1503
Sarawak,Julau,primary,female,2020-01-01,1454
Sarawak,Julau,primary,female,2021-01-01,1392
Sarawak,Julau,primary,female,2022-01-01,1326
Sarawak,Julau,primary,female,2023-06-30,1253
Sarawak,Julau,primary,female,2024-06-30,1192
Sarawak,Julau,primary,female,2025-06-30,1142
Sarawak,Julau,primary,male,2017-01-01,1651
Sarawak,Julau,primary,male,2018-01-01,1623
Sarawak,Julau,primary,male,2019-01-01,1553
Sarawak,Julau,primary,male,2020-01-01,1560
Sarawak,Julau,primary,male,2021-01-01,1548
Sarawak,Julau,primary,male,2022-01-01,1483
Sarawak,Julau,primary,male,2023-06-30,1451
Sarawak,Julau,primary,male,2024-06-30,1375
Sarawak,Julau,primary,male,2025-06-30,1283
Sarawak,Julau,secondary,both,2017-01-01,2214
Sarawak,Julau,secondary,both,2018-01-01,2217
Sarawak,Julau,secondary,both,2019-01-01,2189
Sarawak,Julau,secondary,both,2020-01-01,2130
Sarawak,Julau,secondary,both,2021-01-01,2191
Sarawak,Julau,secondary,both,2022-01-01,2181
Sarawak,Julau,secondary,both,2023-06-30,2063
Sarawak,Julau,secondary,both,2024-06-30,2041
Sarawak,Julau,secondary,both,2025-06-30,1977
Sarawak,Julau,secondary,female,2017-01-01,1191
Sarawak,Julau,secondary,female,2018-01-01,1161
Sarawak,Julau,secondary,female,2019-01-01,1148
Sarawak,Julau,secondary,female,2020-01-01,1119
Sarawak,Julau,secondary,female,2021-01-01,1133
Sarawak,Julau,secondary,female,2022-01-01,1110
Sarawak,Julau,secondary,female,2023-06-30,1054
Sarawak,Julau,secondary,female,2024-06-30,1051
Sarawak,Julau,secondary,female,2025-06-30,1009
Sarawak,Julau,secondary,male,2017-01-01,1023
Sarawak,Julau,secondary,male,2018-01-01,1056
Sarawak,Julau,secondary,male,2019-01-01,1041
Sarawak,Julau,secondary,male,2020-01-01,1011
Sarawak,Julau,secondary,male,2021-01-01,1058
Sarawak,Julau,secondary,male,2022-01-01,1071
Sarawak,Julau,secondary,male,2023-06-30,1009
Sarawak,Julau,secondary,male,2024-06-30,990
Sarawak,Julau,secondary,male,2025-06-30,968
Sarawak,Julau,post_secondary,both,2018-01-01,0
Sarawak,Julau,post_secondary,both,2019-01-01,0
Sarawak,Julau,post_secondary,both,2020-01-01,0
Sarawak,Julau,post_secondary,both,2021-01-01,0
Sarawak,Julau,post_secondary,both,2022-01-01,0
Sarawak,Julau,post_secondary,both,2023-06-30,0
Sarawak,Julau,post_secondary,both,2024-06-30,0
Sarawak,Julau,post_secondary,both,2025-06-30,0
Sarawak,Julau,post_secondary,female,2018-01-01,0
Sarawak,Julau,post_secondary,female,2019-01-01,0
Sarawak,Julau,post_secondary,female,2020-01-01,0
Sarawak,Julau,post_secondary,female,2021-01-01,0
Sarawak,Julau,post_secondary,female,2022-01-01,0
Sarawak,Julau,post_secondary,female,2023-06-30,0
Sarawak,Julau,post_secondary,female,2024-06-30,0
Sarawak,Julau,post_secondary,female,2025-06-30,0
Sarawak,Julau,post_secondary,male,2018-01-01,0
Sarawak,Julau,post_secondary,male,2019-01-01,0
Sarawak,Julau,post_secondary,male,2020-01-01,0
Sarawak,Julau,post_secondary,male,2021-01-01,0
Sarawak,Julau,post_secondary,male,2022-01-01,0
Sarawak,Julau,post_secondary,male,2023-06-30,0
Sarawak,Julau,post_secondary,male,2024-06-30,0
Sarawak,Julau,post_secondary,male,2025-06-30,0
Sarawak,Kabong,primary,both,2018-01-01,398
Sarawak,Kabong,primary,both,2019-01-01,381
Sarawak,Kabong,primary,both,2020-01-01,378
Sarawak,Kabong,primary,both,2021-01-01,389
Sarawak,Kabong,primary,both,2022-01-01,377
Sarawak,Kabong,primary,female,2018-01-01,195
Sarawak,Kabong,primary,female,2019-01-01,182
Sarawak,Kabong,primary,female,2020-01-01,171
Sarawak,Kabong,primary,female,2021-01-01,183
Sarawak,Kabong,primary,female,2022-01-01,181
Sarawak,Kabong,primary,male,2018-01-01,203
Sarawak,Kabong,primary,male,2019-01-01,199
Sarawak,Kabong,primary,male,2020-01-01,207
Sarawak,Kabong,primary,male,2021-01-01,206
Sarawak,Kabong,primary,male,2022-01-01,196
Sarawak,Kabong,secondary,both,2018-01-01,1015
Sarawak,Kabong,secondary,both,2019-01-01,977
Sarawak,Kabong,secondary,both,2020-01-01,947
Sarawak,Kabong,secondary,both,2021-01-01,1009
Sarawak,Kabong,secondary,both,2022-01-01,1008
Sarawak,Kabong,secondary,female,2018-01-01,492
Sarawak,Kabong,secondary,female,2019-01-01,475
Sarawak,Kabong,secondary,female,2020-01-01,466
Sarawak,Kabong,secondary,female,2021-01-01,481
Sarawak,Kabong,secondary,female,2022-01-01,483
Sarawak,Kabong,secondary,male,2018-01-01,523
Sarawak,Kabong,secondary,male,2019-01-01,502
Sarawak,Kabong,secondary,male,2020-01-01,481
Sarawak,Kabong,secondary,male,2021-01-01,528
Sarawak,Kabong,secondary,male,2022-01-01,525
Sarawak,Kabong,post_secondary,both,2018-01-01,0
Sarawak,Kabong,post_secondary,both,2019-01-01,0
Sarawak,Kabong,post_secondary,both,2020-01-01,0
Sarawak,Kabong,post_secondary,both,2021-01-01,0
Sarawak,Kabong,post_secondary,both,2022-01-01,0
Sarawak,Kabong,post_secondary,female,2018-01-01,0
Sarawak,Kabong,post_secondary,female,2019-01-01,0
Sarawak,Kabong,post_secondary,female,2020-01-01,0
Sarawak,Kabong,post_secondary,female,2021-01-01,0
Sarawak,Kabong,post_secondary,female,2022-01-01,0
Sarawak,Kabong,post_secondary,male,2018-01-01,0
Sarawak,Kabong,post_secondary,male,2019-01-01,0
Sarawak,Kabong,post_secondary,male,2020-01-01,0
Sarawak,Kabong,post_secondary,male,2021-01-01,0
Sarawak,Kabong,post_secondary,male,2022-01-01,0
Sarawak,Kanowit,primary,both,2017-01-01,3129
Sarawak,Kanowit,primary,both,2018-01-01,3076
Sarawak,Kanowit,primary,both,2019-01-01,3053
Sarawak,Kanowit,primary,both,2020-01-01,2990
Sarawak,Kanowit,primary,both,2021-01-01,2935
Sarawak,Kanowit,primary,both,2022-01-01,2877
Sarawak,Kanowit,primary,both,2023-06-30,2772
Sarawak,Kanowit,primary,both,2024-06-30,2667
Sarawak,Kanowit,primary,both,2025-06-30,2570
Sarawak,Kanowit,primary,female,2017-01-01,1550
Sarawak,Kanowit,primary,female,2018-01-01,1509
Sarawak,Kanowit,primary,female,2019-01-01,1514
Sarawak,Kanowit,primary,female,2020-01-01,1466
Sarawak,Kanowit,primary,female,2021-01-01,1435
Sarawak,Kanowit,primary,female,2022-01-01,1412
Sarawak,Kanowit,primary,female,2023-06-30,1359
Sarawak,Kanowit,primary,female,2024-06-30,1295
Sarawak,Kanowit,primary,female,2025-06-30,1227
Sarawak,Kanowit,primary,male,2017-01-01,1579
Sarawak,Kanowit,primary,male,2018-01-01,1567
Sarawak,Kanowit,primary,male,2019-01-01,1539
Sarawak,Kanowit,primary,male,2020-01-01,1524
Sarawak,Kanowit,primary,male,2021-01-01,1500
Sarawak,Kanowit,primary,male,2022-01-01,1465
Sarawak,Kanowit,primary,male,2023-06-30,1413
Sarawak,Kanowit,primary,male,2024-06-30,1372
Sarawak,Kanowit,primary,male,2025-06-30,1343
Sarawak,Kanowit,secondary,both,2017-01-01,2368
Sarawak,Kanowit,secondary,both,2018-01-01,2219
Sarawak,Kanowit,secondary,both,2019-01-01,2209
Sarawak,Kanowit,secondary,both,2020-01-01,2231
Sarawak,Kanowit,secondary,both,2021-01-01,2277
Sarawak,Kanowit,secondary,both,2022-01-01,2226
Sarawak,Kanowit,secondary,both,2023-06-30,2108
Sarawak,Kanowit,secondary,both,2024-06-30,2057
Sarawak,Kanowit,secondary,both,2025-06-30,2049
Sarawak,Kanowit,secondary,female,2017-01-01,1209
Sarawak,Kanowit,secondary,female,2018-01-01,1139
Sarawak,Kanowit,secondary,female,2019-01-01,1123
Sarawak,Kanowit,secondary,female,2020-01-01,1145
Sarawak,Kanowit,secondary,female,2021-01-01,1168
Sarawak,Kanowit,secondary,female,2022-01-01,1095
Sarawak,Kanowit,secondary,female,2023-06-30,1053
Sarawak,Kanowit,secondary,female,2024-06-30,1045
Sarawak,Kanowit,secondary,female,2025-06-30,1036
Sarawak,Kanowit,secondary,male,2017-01-01,1159
Sarawak,Kanowit,secondary,male,2018-01-01,1080
Sarawak,Kanowit,secondary,male,2019-01-01,1086
Sarawak,Kanowit,secondary,male,2020-01-01,1086
Sarawak,Kanowit,secondary,male,2021-01-01,1109
Sarawak,Kanowit,secondary,male,2022-01-01,1131
Sarawak,Kanowit,secondary,male,2023-06-30,1055
Sarawak,Kanowit,secondary,male,2024-06-30,1012
Sarawak,Kanowit,secondary,male,2025-06-30,1013
Sarawak,Kanowit,post_secondary,both,2018-01-01,132
Sarawak,Kanowit,post_secondary,both,2019-01-01,144
Sarawak,Kanowit,post_secondary,both,2020-01-01,75
Sarawak,Kanowit,post_secondary,both,2021-01-01,62
Sarawak,Kanowit,post_secondary,both,2022-01-01,62
Sarawak,Kanowit,post_secondary,both,2023-06-30,85
Sarawak,Kanowit,post_secondary,both,2024-06-30,57
Sarawak,Kanowit,post_secondary,both,2025-06-30,118
Sarawak,Kanowit,post_secondary,female,2018-01-01,70
Sarawak,Kanowit,post_secondary,female,2019-01-01,88
Sarawak,Kanowit,post_secondary,female,2020-01-01,50
Sarawak,Kanowit,post_secondary,female,2021-01-01,41
Sarawak,Kanowit,post_secondary,female,2022-01-01,42
Sarawak,Kanowit,post_secondary,female,2023-06-30,55
Sarawak,Kanowit,post_secondary,female,2024-06-30,40
Sarawak,Kanowit,post_secondary,female,2025-06-30,75
Sarawak,Kanowit,post_secondary,male,2018-01-01,62
Sarawak,Kanowit,post_secondary,male,2019-01-01,56
Sarawak,Kanowit,post_secondary,male,2020-01-01,25
Sarawak,Kanowit,post_secondary,male,2021-01-01,21
Sarawak,Kanowit,post_secondary,male,2022-01-01,20
Sarawak,Kanowit,post_secondary,male,2023-06-30,30
Sarawak,Kanowit,post_secondary,male,2024-06-30,17
Sarawak,Kanowit,post_secondary,male,2025-06-30,43
Sarawak,Kapit,primary,both,2017-01-01,6234
Sarawak,Kapit,primary,both,2018-01-01,6927
Sarawak,Kapit,primary,both,2019-01-01,6823
Sarawak,Kapit,primary,both,2020-01-01,6632
Sarawak,Kapit,primary,both,2021-01-01,6484
Sarawak,Kapit,primary,both,2022-01-01,6234
Sarawak,Kapit,primary,both,2023-06-30,5275
Sarawak,Kapit,primary,both,2024-06-30,5036
Sarawak,Kapit,primary,both,2025-06-30,4768
Sarawak,Kapit,primary,female,2017-01-01,2980
Sarawak,Kapit,primary,female,2018-01-01,3346
Sarawak,Kapit,primary,female,2019-01-01,3283
Sarawak,Kapit,primary,female,2020-01-01,3195
Sarawak,Kapit,primary,female,2021-01-01,3107
Sarawak,Kapit,primary,female,2022-01-01,2980
Sarawak,Kapit,primary,female,2023-06-30,2557
Sarawak,Kapit,primary,female,2024-06-30,2416
Sarawak,Kapit,primary,female,2025-06-30,2341
Sarawak,Kapit,primary,male,2017-01-01,3254
Sarawak,Kapit,primary,male,2018-01-01,3581
Sarawak,Kapit,primary,male,2019-01-01,3540
Sarawak,Kapit,primary,male,2020-01-01,3437
Sarawak,Kapit,primary,male,2021-01-01,3377
Sarawak,Kapit,primary,male,2022-01-01,3254
Sarawak,Kapit,primary,male,2023-06-30,2718
Sarawak,Kapit,primary,male,2024-06-30,2620
Sarawak,Kapit,primary,male,2025-06-30,2427
Sarawak,Kapit,secondary,both,2017-01-01,4661
Sarawak,Kapit,secondary,both,2018-01-01,4238
Sarawak,Kapit,secondary,both,2019-01-01,4208
Sarawak,Kapit,secondary,both,2020-01-01,4343
Sarawak,Kapit,secondary,both,2021-01-01,4460
Sarawak,Kapit,secondary,both,2022-01-01,4534
Sarawak,Kapit,secondary,both,2023-06-30,4420
Sarawak,Kapit,secondary,both,2024-06-30,4333
Sarawak,Kapit,secondary,both,2025-06-30,4303
Sarawak,Kapit,secondary,female,2017-01-01,2496
Sarawak,Kapit,secondary,female,2018-01-01,2178
Sarawak,Kapit,secondary,female,2019-01-01,2146
Sarawak,Kapit,secondary,female,2020-01-01,2204
Sarawak,Kapit,secondary,female,2021-01-01,2232
Sarawak,Kapit,secondary,female,2022-01-01,2203
Sarawak,Kapit,secondary,female,2023-06-30,2162
Sarawak,Kapit,secondary,female,2024-06-30,2140
Sarawak,Kapit,secondary,female,2025-06-30,2083
Sarawak,Kapit,secondary,male,2017-01-01,2165
Sarawak,Kapit,secondary,male,2018-01-01,2060
Sarawak,Kapit,secondary,male,2019-01-01,2062
Sarawak,Kapit,secondary,male,2020-01-01,2139
Sarawak,Kapit,secondary,male,2021-01-01,2228
Sarawak,Kapit,secondary,male,2022-01-01,2331
Sarawak,Kapit,secondary,male,2023-06-30,2258
Sarawak,Kapit,secondary,male,2024-06-30,2193
Sarawak,Kapit,secondary,male,2025-06-30,2220
Sarawak,Kapit,post_secondary,both,2018-01-01,374
Sarawak,Kapit,post_secondary,both,2019-01-01,389
Sarawak,Kapit,post_secondary,both,2020-01-01,202
Sarawak,Kapit,post_secondary,both,2021-01-01,223
Sarawak,Kapit,post_secondary,both,2022-01-01,277
Sarawak,Kapit,post_secondary,both,2023-06-30,216
Sarawak,Kapit,post_secondary,both,2024-06-30,194
Sarawak,Kapit,post_secondary,both,2025-06-30,438
Sarawak,Kapit,post_secondary,female,2018-01-01,264
Sarawak,Kapit,post_secondary,female,2019-01-01,266
Sarawak,Kapit,post_secondary,female,2020-01-01,133
Sarawak,Kapit,post_secondary,female,2021-01-01,144
Sarawak,Kapit,post_secondary,female,2022-01-01,171
Sarawak,Kapit,post_secondary,female,2023-06-30,157
Sarawak,Kapit,post_secondary,female,2024-06-30,141
Sarawak,Kapit,post_secondary,female,2025-06-30,286
Sarawak,Kapit,post_secondary,male,2018-01-01,110
Sarawak,Kapit,post_secondary,male,2019-01-01,123
Sarawak,Kapit,post_secondary,male,2020-01-01,69
Sarawak,Kapit,post_secondary,male,2021-01-01,79
Sarawak,Kapit,post_secondary,male,2022-01-01,106
Sarawak,Kapit,post_secondary,male,2023-06-30,59
Sarawak,Kapit,post_secondary,male,2024-06-30,53
Sarawak,Kapit,post_secondary,male,2025-06-30,152
Sarawak,Kuching,primary,both,2017-01-01,56927
Sarawak,Kuching,primary,both,2018-01-01,56634
Sarawak,Kuching,primary,both,2019-01-01,56495
Sarawak,Kuching,primary,both,2020-01-01,55775
Sarawak,Kuching,primary,both,2021-01-01,55018
Sarawak,Kuching,primary,both,2022-01-01,54150
Sarawak,Kuching,primary,both,2023-06-30,29624
Sarawak,Kuching,primary,both,2024-06-30,29058
Sarawak,Kuching,primary,both,2025-06-30,28160
Sarawak,Kuching,primary,female,2017-01-01,27459
Sarawak,Kuching,primary,female,2018-01-01,27432
Sarawak,Kuching,primary,female,2019-01-01,27313
Sarawak,Kuching,primary,female,2020-01-01,27009
Sarawak,Kuching,primary,female,2021-01-01,26640
Sarawak,Kuching,primary,female,2022-01-01,26209
Sarawak,Kuching,primary,female,2023-06-30,14355
Sarawak,Kuching,primary,female,2024-06-30,14032
Sarawak,Kuching,primary,female,2025-06-30,13646
Sarawak,Kuching,primary,male,2017-01-01,29468
Sarawak,Kuching,primary,male,2018-01-01,29202
Sarawak,Kuching,primary,male,2019-01-01,29182
Sarawak,Kuching,primary,male,2020-01-01,28766
Sarawak,Kuching,primary,male,2021-01-01,28378
Sarawak,Kuching,primary,male,2022-01-01,27941
Sarawak,Kuching,primary,male,2023-06-30,15269
Sarawak,Kuching,primary,male,2024-06-30,15026
Sarawak,Kuching,primary,male,2025-06-30,14514
Sarawak,Kuching,secondary,both,2017-01-01,48973
Sarawak,Kuching,secondary,both,2018-01-01,44480
Sarawak,Kuching,secondary,both,2019-01-01,43488
Sarawak,Kuching,secondary,both,2020-01-01,43123
Sarawak,Kuching,secondary,both,2021-01-01,43500
Sarawak,Kuching,secondary,both,2022-01-01,43533
Sarawak,Kuching,secondary,both,2023-06-30,24254
Sarawak,Kuching,secondary,both,2024-06-30,24166
Sarawak,Kuching,secondary,both,2025-06-30,23971
Sarawak,Kuching,secondary,female,2017-01-01,24445
Sarawak,Kuching,secondary,female,2018-01-01,21754
Sarawak,Kuching,secondary,female,2019-01-01,21336
Sarawak,Kuching,secondary,female,2020-01-01,21035
Sarawak,Kuching,secondary,female,2021-01-01,21133
Sarawak,Kuching,secondary,female,2022-01-01,21103
Sarawak,Kuching,secondary,female,2023-06-30,11775
Sarawak,Kuching,secondary,female,2024-06-30,11694
Sarawak,Kuching,secondary,female,2025-06-30,11622
Sarawak,Kuching,secondary,male,2017-01-01,24528
Sarawak,Kuching,secondary,male,2018-01-01,22726
Sarawak,Kuching,secondary,male,2019-01-01,22152
Sarawak,Kuching,secondary,male,2020-01-01,22088
Sarawak,Kuching,secondary,male,2021-01-01,22367
Sarawak,Kuching,secondary,male,2022-01-01,22430
Sarawak,Kuching,secondary,male,2023-06-30,12479
Sarawak,Kuching,secondary,male,2024-06-30,12472
Sarawak,Kuching,secondary,male,2025-06-30,12349
Sarawak,Kuching,post_secondary,both,2018-01-01,3351
Sarawak,Kuching,post_secondary,both,2019-01-01,3163
Sarawak,Kuching,post_secondary,both,2020-01-01,1696
Sarawak,Kuching,post_secondary,both,2021-01-01,1725
Sarawak,Kuching,post_secondary,both,2022-01-01,1661
Sarawak,Kuching,post_secondary,both,2023-06-30,908
Sarawak,Kuching,post_secondary,both,2024-06-30,903
Sarawak,Kuching,post_secondary,both,2025-06-30,1657
Sarawak,Kuching,post_secondary,female,2018-01-01,2085
Sarawak,Kuching,post_secondary,female,2019-01-01,1934
Sarawak,Kuching,post_secondary,female,2020-01-01,1037
Sarawak,Kuching,post_secondary,female,2021-01-01,1053
Sarawak,Kuching,post_secondary,female,2022-01-01,943
Sarawak,Kuching,post_secondary,female,2023-06-30,533
Sarawak,Kuching,post_secondary,female,2024-06-30,530
Sarawak,Kuching,post_secondary,female,2025-06-30,988
Sarawak,Kuching,post_secondary,male,2018-01-01,1266
Sarawak,Kuching,post_secondary,male,2019-01-01,1229
Sarawak,Kuching,post_secondary,male,2020-01-01,659
Sarawak,Kuching,post_secondary,male,2021-01-01,672
Sarawak,Kuching,post_secondary,male,2022-01-01,718
Sarawak,Kuching,post_secondary,male,2023-06-30,375
Sarawak,Kuching,post_secondary,male,2024-06-30,373
Sarawak,Kuching,post_secondary,male,2025-06-30,669
Sarawak,Lawas,primary,both,2017-01-01,4220
Sarawak,Lawas,primary,both,2018-01-01,4254
Sarawak,Lawas,primary,both,2019-01-01,4299
Sarawak,Lawas,primary,both,2020-01-01,4267
Sarawak,Lawas,primary,both,2021-01-01,4112
Sarawak,Lawas,primary,both,2022-01-01,4079
Sarawak,Lawas,primary,both,2023-06-30,3995
Sarawak,Lawas,primary,both,2024-06-30,3897
Sarawak,Lawas,primary,both,2025-06-30,3806
Sarawak,Lawas,primary,female,2017-01-01,2024
Sarawak,Lawas,primary,female,2018-01-01,2032
Sarawak,Lawas,primary,female,2019-01-01,2091
Sarawak,Lawas,primary,female,2020-01-01,2087
Sarawak,Lawas,primary,female,2021-01-01,2034
Sarawak,Lawas,primary,female,2022-01-01,2034
Sarawak,Lawas,primary,female,2023-06-30,1975
Sarawak,Lawas,primary,female,2024-06-30,1930
Sarawak,Lawas,primary,female,2025-06-30,1855
Sarawak,Lawas,primary,male,2017-01-01,2196
Sarawak,Lawas,primary,male,2018-01-01,2222
Sarawak,Lawas,primary,male,2019-01-01,2208
Sarawak,Lawas,primary,male,2020-01-01,2180
Sarawak,Lawas,primary,male,2021-01-01,2078
Sarawak,Lawas,primary,male,2022-01-01,2045
Sarawak,Lawas,primary,male,2023-06-30,2020
Sarawak,Lawas,primary,male,2024-06-30,1967
Sarawak,Lawas,primary,male,2025-06-30,1951
Sarawak,Lawas,secondary,both,2017-01-01,2941
Sarawak,Lawas,secondary,both,2018-01-01,2706
Sarawak,Lawas,secondary,both,2019-01-01,2616
Sarawak,Lawas,secondary,both,2020-01-01,2645
Sarawak,Lawas,secondary,both,2021-01-01,2844
Sarawak,Lawas,secondary,both,2022-01-01,2847
Sarawak,Lawas,secondary,both,2023-06-30,2809
Sarawak,Lawas,secondary,both,2024-06-30,2892
Sarawak,Lawas,secondary,both,2025-06-30,2922
Sarawak,Lawas,secondary,female,2017-01-01,1485
Sarawak,Lawas,secondary,female,2018-01-01,1350
Sarawak,Lawas,secondary,female,2019-01-01,1265
Sarawak,Lawas,secondary,female,2020-01-01,1277
Sarawak,Lawas,secondary,female,2021-01-01,1350
Sarawak,Lawas,secondary,female,2022-01-01,1341
Sarawak,Lawas,secondary,female,2023-06-30,1329
Sarawak,Lawas,secondary,female,2024-06-30,1392
Sarawak,Lawas,secondary,female,2025-06-30,1431
Sarawak,Lawas,secondary,male,2017-01-01,1456
Sarawak,Lawas,secondary,male,2018-01-01,1356
Sarawak,Lawas,secondary,male,2019-01-01,1351
Sarawak,Lawas,secondary,male,2020-01-01,1368
Sarawak,Lawas,secondary,male,2021-01-01,1494
Sarawak,Lawas,secondary,male,2022-01-01,1506
Sarawak,Lawas,secondary,male,2023-06-30,1480
Sarawak,Lawas,secondary,male,2024-06-30,1500
Sarawak,Lawas,secondary,male,2025-06-30,1491
Sarawak,Lawas,post_secondary,both,2018-01-01,132
Sarawak,Lawas,post_secondary,both,2019-01-01,183
Sarawak,Lawas,post_secondary,both,2020-01-01,84
Sarawak,Lawas,post_secondary,both,2021-01-01,69
Sarawak,Lawas,post_secondary,both,2022-01-01,72
Sarawak,Lawas,post_secondary,both,2023-06-30,108
Sarawak,Lawas,post_secondary,both,2024-06-30,105
Sarawak,Lawas,post_secondary,both,2025-06-30,158
Sarawak,Lawas,post_secondary,female,2018-01-01,88
Sarawak,Lawas,post_secondary,female,2019-01-01,133
Sarawak,Lawas,post_secondary,female,2020-01-01,64
Sarawak,Lawas,post_secondary,female,2021-01-01,50
Sarawak,Lawas,post_secondary,female,2022-01-01,44
Sarawak,Lawas,post_secondary,female,2023-06-30,76
Sarawak,Lawas,post_secondary,female,2024-06-30,67
Sarawak,Lawas,post_secondary,female,2025-06-30,102
Sarawak,Lawas,post_secondary,male,2018-01-01,44
Sarawak,Lawas,post_secondary,male,2019-01-01,50
Sarawak,Lawas,post_secondary,male,2020-01-01,20
Sarawak,Lawas,post_secondary,male,2021-01-01,19
Sarawak,Lawas,post_secondary,male,2022-01-01,28
Sarawak,Lawas,post_secondary,male,2023-06-30,32
Sarawak,Lawas,post_secondary,male,2024-06-30,38
Sarawak,Lawas,post_secondary,male,2025-06-30,56
Sarawak,Limbang,primary,both,2017-01-01,5064
Sarawak,Limbang,primary,both,2018-01-01,4977
Sarawak,Limbang,primary,both,2019-01-01,4936
Sarawak,Limbang,primary,both,2020-01-01,4861
Sarawak,Limbang,primary,both,2021-01-01,4734
Sarawak,Limbang,primary,both,2022-01-01,4578
Sarawak,Limbang,primary,both,2023-06-30,4393
Sarawak,Limbang,primary,both,2024-06-30,4227
Sarawak,Limbang,primary,both,2025-06-30,4086
Sarawak,Limbang,primary,female,2017-01-01,2422
Sarawak,Limbang,primary,female,2018-01-01,2413
Sarawak,Limbang,primary,female,2019-01-01,2377
Sarawak,Limbang,primary,female,2020-01-01,2327
Sarawak,Limbang,primary,female,2021-01-01,2280
Sarawak,Limbang,primary,female,2022-01-01,2201
Sarawak,Limbang,primary,female,2023-06-30,2115
Sarawak,Limbang,primary,female,2024-06-30,2022
Sarawak,Limbang,primary,female,2025-06-30,1953
Sarawak,Limbang,primary,male,2017-01-01,2642
Sarawak,Limbang,primary,male,2018-01-01,2564
Sarawak,Limbang,primary,male,2019-01-01,2559
Sarawak,Limbang,primary,male,2020-01-01,2534
Sarawak,Limbang,primary,male,2021-01-01,2454
Sarawak,Limbang,primary,male,2022-01-01,2377
Sarawak,Limbang,primary,male,2023-06-30,2278
Sarawak,Limbang,primary,male,2024-06-30,2205
Sarawak,Limbang,primary,male,2025-06-30,2133
Sarawak,Limbang,secondary,both,2017-01-01,4458
Sarawak,Limbang,secondary,both,2018-01-01,3971
Sarawak,Limbang,secondary,both,2019-01-01,3953
Sarawak,Limbang,secondary,both,2020-01-01,3915
Sarawak,Limbang,secondary,both,2021-01-01,3963
Sarawak,Limbang,secondary,both,2022-01-01,3940
Sarawak,Limbang,secondary,both,2023-06-30,3784
Sarawak,Limbang,secondary,both,2024-06-30,3694
Sarawak,Limbang,secondary,both,2025-06-30,3648
Sarawak,Limbang,secondary,female,2017-01-01,2335
Sarawak,Limbang,secondary,female,2018-01-01,1985
Sarawak,Limbang,secondary,female,2019-01-01,1982
Sarawak,Limbang,secondary,female,2020-01-01,1943
Sarawak,Limbang,secondary,female,2021-01-01,1943
Sarawak,Limbang,secondary,female,2022-01-01,1940
Sarawak,Limbang,secondary,female,2023-06-30,1876
Sarawak,Limbang,secondary,female,2024-06-30,1815
Sarawak,Limbang,secondary,female,2025-06-30,1815
Sarawak,Limbang,secondary,male,2017-01-01,2123
Sarawak,Limbang,secondary,male,2018-01-01,1986
Sarawak,Limbang,secondary,male,2019-01-01,1971
Sarawak,Limbang,secondary,male,2020-01-01,1972
Sarawak,Limbang,secondary,male,2021-01-01,2020
Sarawak,Limbang,secondary,male,2022-01-01,2000
Sarawak,Limbang,secondary,male,2023-06-30,1908
Sarawak,Limbang,secondary,male,2024-06-30,1879
Sarawak,Limbang,secondary,male,2025-06-30,1833
Sarawak,Limbang,post_secondary,both,2018-01-01,475
Sarawak,Limbang,post_secondary,both,2019-01-01,414
Sarawak,Limbang,post_secondary,both,2020-01-01,163
Sarawak,Limbang,post_secondary,both,2021-01-01,210
Sarawak,Limbang,post_secondary,both,2022-01-01,175
Sarawak,Limbang,post_secondary,both,2023-06-30,160
Sarawak,Limbang,post_secondary,both,2024-06-30,204
Sarawak,Limbang,post_secondary,both,2025-06-30,401
Sarawak,Limbang,post_secondary,female,2018-01-01,312
Sarawak,Limbang,post_secondary,female,2019-01-01,265
Sarawak,Limbang,post_secondary,female,2020-01-01,112
Sarawak,Limbang,post_secondary,female,2021-01-01,140
Sarawak,Limbang,post_secondary,female,2022-01-01,112
Sarawak,Limbang,post_secondary,female,2023-06-30,106
Sarawak,Limbang,post_secondary,female,2024-06-30,130
Sarawak,Limbang,post_secondary,female,2025-06-30,247
Sarawak,Limbang,post_secondary,male,2018-01-01,163
Sarawak,Limbang,post_secondary,male,2019-01-01,149
Sarawak,Limbang,post_secondary,male,2020-01-01,51
Sarawak,Limbang,post_secondary,male,2021-01-01,70
Sarawak,Limbang,post_secondary,male,2022-01-01,63
Sarawak,Limbang,post_secondary,male,2023-06-30,54
Sarawak,Limbang,post_secondary,male,2024-06-30,74
Sarawak,Limbang,post_secondary,male,2025-06-30,154
Sarawak,Lubok Antu,primary,both,2017-01-01,2627
Sarawak,Lubok Antu,primary,both,2018-01-01,2645
Sarawak,Lubok Antu,primary,both,2019-01-01,2540
Sarawak,Lubok Antu,primary,both,2020-01-01,2476
Sarawak,Lubok Antu,primary,both,2021-01-01,2388
Sarawak,Lubok Antu,primary,both,2022-01-01,2327
Sarawak,Lubok Antu,primary,both,2023-06-30,2259
Sarawak,Lubok Antu,primary,both,2024-06-30,2117
Sarawak,Lubok Antu,primary,both,2025-06-30,2001
Sarawak,Lubok Antu,primary,female,2017-01-01,1267
Sarawak,Lubok Antu,primary,female,2018-01-01,1288
Sarawak,Lubok Antu,primary,female,2019-01-01,1239
Sarawak,Lubok Antu,primary,female,2020-01-01,1196
Sarawak,Lubok Antu,primary,female,2021-01-01,1144
Sarawak,Lubok Antu,primary,female,2022-01-01,1131
Sarawak,Lubok Antu,primary,female,2023-06-30,1071
Sarawak,Lubok Antu,primary,female,2024-06-30,1007
Sarawak,Lubok Antu,primary,female,2025-06-30,974
Sarawak,Lubok Antu,primary,male,2017-01-01,1360
Sarawak,Lubok Antu,primary,male,2018-01-01,1357
Sarawak,Lubok Antu,primary,male,2019-01-01,1301
Sarawak,Lubok Antu,primary,male,2020-01-01,1280
Sarawak,Lubok Antu,primary,male,2021-01-01,1244
Sarawak,Lubok Antu,primary,male,2022-01-01,1196
Sarawak,Lubok Antu,primary,male,2023-06-30,1188
Sarawak,Lubok Antu,primary,male,2024-06-30,1110
Sarawak,Lubok Antu,primary,male,2025-06-30,1027
Sarawak,Lubok Antu,secondary,both,2017-01-01,1840
Sarawak,Lubok Antu,secondary,both,2018-01-01,1753
Sarawak,Lubok Antu,secondary,both,2019-01-01,1838
Sarawak,Lubok Antu,secondary,both,2020-01-01,1803
Sarawak,Lubok Antu,secondary,both,2021-01-01,1831
Sarawak,Lubok Antu,secondary,both,2022-01-01,1814
Sarawak,Lubok Antu,secondary,both,2023-06-30,1726
Sarawak,Lubok Antu,secondary,both,2024-06-30,1680
Sarawak,Lubok Antu,secondary,both,2025-06-30,1686
Sarawak,Lubok Antu,secondary,female,2017-01-01,996
Sarawak,Lubok Antu,secondary,female,2018-01-01,910
Sarawak,Lubok Antu,secondary,female,2019-01-01,930
Sarawak,Lubok Antu,secondary,female,2020-01-01,923
Sarawak,Lubok Antu,secondary,female,2021-01-01,923
Sarawak,Lubok Antu,secondary,female,2022-01-01,882
Sarawak,Lubok Antu,secondary,female,2023-06-30,842
Sarawak,Lubok Antu,secondary,female,2024-06-30,839
Sarawak,Lubok Antu,secondary,female,2025-06-30,845
Sarawak,Lubok Antu,secondary,male,2017-01-01,844
Sarawak,Lubok Antu,secondary,male,2018-01-01,843
Sarawak,Lubok Antu,secondary,male,2019-01-01,908
Sarawak,Lubok Antu,secondary,male,2020-01-01,880
Sarawak,Lubok Antu,secondary,male,2021-01-01,908
Sarawak,Lubok Antu,secondary,male,2022-01-01,932
Sarawak,Lubok Antu,secondary,male,2023-06-30,884
Sarawak,Lubok Antu,secondary,male,2024-06-30,841
Sarawak,Lubok Antu,secondary,male,2025-06-30,841
Sarawak,Lubok Antu,post_secondary,both,2018-01-01,150
Sarawak,Lubok Antu,post_secondary,both,2019-01-01,142
Sarawak,Lubok Antu,post_secondary,both,2020-01-01,64
Sarawak,Lubok Antu,post_secondary,both,2021-01-01,83
Sarawak,Lubok Antu,post_secondary,both,2022-01-01,82
Sarawak,Lubok Antu,post_secondary,both,2023-06-30,74
Sarawak,Lubok Antu,post_secondary,both,2024-06-30,71
Sarawak,Lubok Antu,post_secondary,both,2025-06-30,144
Sarawak,Lubok Antu,post_secondary,female,2018-01-01,110
Sarawak,Lubok Antu,post_secondary,female,2019-01-01,95
Sarawak,Lubok Antu,post_secondary,female,2020-01-01,38
Sarawak,Lubok Antu,post_secondary,female,2021-01-01,48
Sarawak,Lubok Antu,post_secondary,female,2022-01-01,58
Sarawak,Lubok Antu,post_secondary,female,2023-06-30,52
Sarawak,Lubok Antu,post_secondary,female,2024-06-30,51
Sarawak,Lubok Antu,post_secondary,female,2025-06-30,97
Sarawak,Lubok Antu,post_secondary,male,2018-01-01,40
Sarawak,Lubok Antu,post_secondary,male,2019-01-01,47
Sarawak,Lubok Antu,post_secondary,male,2020-01-01,26
Sarawak,Lubok Antu,post_secondary,male,2021-01-01,35
Sarawak,Lubok Antu,post_secondary,male,2022-01-01,24
Sarawak,Lubok Antu,post_secondary,male,2023-06-30,22
Sarawak,Lubok Antu,post_secondary,male,2024-06-30,20
Sarawak,Lubok Antu,post_secondary,male,2025-06-30,47
Sarawak,Lundu,primary,both,2017-01-01,3834
Sarawak,Lundu,primary,both,2018-01-01,3884
Sarawak,Lundu,primary,both,2019-01-01,3887
Sarawak,Lundu,primary,both,2020-01-01,3781
Sarawak,Lundu,primary,both,2021-01-01,3727
Sarawak,Lundu,primary,both,2022-01-01,3638
Sarawak,Lundu,primary,both,2023-06-30,3632
Sarawak,Lundu,primary,both,2024-06-30,3495
Sarawak,Lundu,primary,both,2025-06-30,3415
Sarawak,Lundu,primary,female,2017-01-01,1824
Sarawak,Lundu,primary,female,2018-01-01,1822
Sarawak,Lundu,primary,female,2019-01-01,1832
Sarawak,Lundu,primary,female,2020-01-01,1775
Sarawak,Lundu,primary,female,2021-01-01,1774
Sarawak,Lundu,primary,female,2022-01-01,1702
Sarawak,Lundu,primary,female,2023-06-30,1713
Sarawak,Lundu,primary,female,2024-06-30,1661
Sarawak,Lundu,primary,female,2025-06-30,1623
Sarawak,Lundu,primary,male,2017-01-01,2010
Sarawak,Lundu,primary,male,2018-01-01,2062
Sarawak,Lundu,primary,male,2019-01-01,2055
Sarawak,Lundu,primary,male,2020-01-01,2006
Sarawak,Lundu,primary,male,2021-01-01,1953
Sarawak,Lundu,primary,male,2022-01-01,1936
Sarawak,Lundu,primary,male,2023-06-30,1919
Sarawak,Lundu,primary,male,2024-06-30,1834
Sarawak,Lundu,primary,male,2025-06-30,1792
Sarawak,Lundu,secondary,both,2017-01-01,2875
Sarawak,Lundu,secondary,both,2018-01-01,2722
Sarawak,Lundu,secondary,both,2019-01-01,2660
Sarawak,Lundu,secondary,both,2020-01-01,2734
Sarawak,Lundu,secondary,both,2021-01-01,2767
Sarawak,Lundu,secondary,both,2022-01-01,2847
Sarawak,Lundu,secondary,both,2023-06-30,2803
Sarawak,Lundu,secondary,both,2024-06-30,2812
Sarawak,Lundu,secondary,both,2025-06-30,2755
Sarawak,Lundu,secondary,female,2017-01-01,1445
Sarawak,Lundu,secondary,female,2018-01-01,1347
Sarawak,Lundu,secondary,female,2019-01-01,1324
Sarawak,Lundu,secondary,female,2020-01-01,1378
Sarawak,Lundu,secondary,female,2021-01-01,1362
Sarawak,Lundu,secondary,female,2022-01-01,1398
Sarawak,Lundu,secondary,female,2023-06-30,1338
Sarawak,Lundu,secondary,female,2024-06-30,1345
Sarawak,Lundu,secondary,female,2025-06-30,1306
Sarawak,Lundu,secondary,male,2017-01-01,1430
Sarawak,Lundu,secondary,male,2018-01-01,1375
Sarawak,Lundu,secondary,male,2019-01-01,1336
Sarawak,Lundu,secondary,male,2020-01-01,1356
Sarawak,Lundu,secondary,male,2021-01-01,1405
Sarawak,Lundu,secondary,male,2022-01-01,1449
Sarawak,Lundu,secondary,male,2023-06-30,1465
Sarawak,Lundu,secondary,male,2024-06-30,1467
Sarawak,Lundu,secondary,male,2025-06-30,1449
Sarawak,Lundu,post_secondary,both,2018-01-01,163
Sarawak,Lundu,post_secondary,both,2019-01-01,150
Sarawak,Lundu,post_secondary,both,2020-01-01,68
Sarawak,Lundu,post_secondary,both,2021-01-01,81
Sarawak,Lundu,post_secondary,both,2022-01-01,80
Sarawak,Lundu,post_secondary,both,2023-06-30,64
Sarawak,Lundu,post_secondary,both,2024-06-30,74
Sarawak,Lundu,post_secondary,both,2025-06-30,173
Sarawak,Lundu,post_secondary,female,2018-01-01,114
Sarawak,Lundu,post_secondary,female,2019-01-01,99
Sarawak,Lundu,post_secondary,female,2020-01-01,46
Sarawak,Lundu,post_secondary,female,2021-01-01,47
Sarawak,Lundu,post_secondary,female,2022-01-01,58
Sarawak,Lundu,post_secondary,female,2023-06-30,45
Sarawak,Lundu,post_secondary,female,2024-06-30,64
Sarawak,Lundu,post_secondary,female,2025-06-30,106
Sarawak,Lundu,post_secondary,male,2018-01-01,49
Sarawak,Lundu,post_secondary,male,2019-01-01,51
Sarawak,Lundu,post_secondary,male,2020-01-01,22
Sarawak,Lundu,post_secondary,male,2021-01-01,34
Sarawak,Lundu,post_secondary,male,2022-01-01,22
Sarawak,Lundu,post_secondary,male,2023-06-30,19
Sarawak,Lundu,post_secondary,male,2024-06-30,10
Sarawak,Lundu,post_secondary,male,2025-06-30,67
Sarawak,Maradong,primary,both,2017-01-01,2760
Sarawak,Maradong,primary,both,2018-01-01,2710
Sarawak,Maradong,primary,both,2019-01-01,2718
Sarawak,Maradong,primary,both,2020-01-01,2649
Sarawak,Maradong,primary,both,2021-01-01,2603
Sarawak,Maradong,primary,both,2022-01-01,2547
Sarawak,Maradong,primary,female,2017-01-01,1342
Sarawak,Maradong,primary,female,2018-01-01,1329
Sarawak,Maradong,primary,female,2019-01-01,1341
Sarawak,Maradong,primary,female,2020-01-01,1278
Sarawak,Maradong,primary,female,2021-01-01,1253
Sarawak,Maradong,primary,female,2022-01-01,1235
Sarawak,Maradong,primary,male,2017-01-01,1418
Sarawak,Maradong,primary,male,2018-01-01,1381
Sarawak,Maradong,primary,male,2019-01-01,1377
Sarawak,Maradong,primary,male,2020-01-01,1371
Sarawak,Maradong,primary,male,2021-01-01,1350
Sarawak,Maradong,primary,male,2022-01-01,1312
Sarawak,Maradong,secondary,both,2017-01-01,3226
Sarawak,Maradong,secondary,both,2018-01-01,2768
Sarawak,Maradong,secondary,both,2019-01-01,2714
Sarawak,Maradong,secondary,both,2020-01-01,2663
Sarawak,Maradong,secondary,both,2021-01-01,2704
Sarawak,Maradong,secondary,both,2022-01-01,2727
Sarawak,Maradong,secondary,female,2017-01-01,1757
Sarawak,Maradong,secondary,female,2018-01-01,1442
Sarawak,Maradong,secondary,female,2019-01-01,1394
Sarawak,Maradong,secondary,female,2020-01-01,1372
Sarawak,Maradong,secondary,female,2021-01-01,1365
Sarawak,Maradong,secondary,female,2022-01-01,1362
Sarawak,Maradong,secondary,male,2017-01-01,1469
Sarawak,Maradong,secondary,male,2018-01-01,1326
Sarawak,Maradong,secondary,male,2019-01-01,1320
Sarawak,Maradong,secondary,male,2020-01-01,1291
Sarawak,Maradong,secondary,male,2021-01-01,1339
Sarawak,Maradong,secondary,male,2022-01-01,1365
Sarawak,Maradong,post_secondary,both,2018-01-01,529
Sarawak,Maradong,post_secondary,both,2019-01-01,601
Sarawak,Maradong,post_secondary,both,2020-01-01,290
Sarawak,Maradong,post_secondary,both,2021-01-01,255
Sarawak,Maradong,post_secondary,both,2022-01-01,200
Sarawak,Maradong,post_secondary,female,2018-01-01,354
Sarawak,Maradong,post_secondary,female,2019-01-01,386
Sarawak,Maradong,post_secondary,female,2020-01-01,175
Sarawak,Maradong,post_secondary,female,2021-01-01,169
Sarawak,Maradong,post_secondary,female,2022-01-01,129
Sarawak,Maradong,post_secondary,male,2018-01-01,175
Sarawak,Maradong,post_secondary,male,2019-01-01,215
Sarawak,Maradong,post_secondary,male,2020-01-01,115
Sarawak,Maradong,post_secondary,male,2021-01-01,86
Sarawak,Maradong,post_secondary,male,2022-01-01,71
Sarawak,Marudi,primary,both,2017-01-01,5529
Sarawak,Marudi,primary,both,2018-01-01,6376
Sarawak,Marudi,primary,both,2019-01-01,6273
Sarawak,Marudi,primary,both,2020-01-01,6195
Sarawak,Marudi,primary,both,2021-01-01,5984
Sarawak,Marudi,primary,both,2022-01-01,5771
Sarawak,Marudi,primary,female,2017-01-01,2670
Sarawak,Marudi,primary,female,2018-01-01,3073
Sarawak,Marudi,primary,female,2019-01-01,3064
Sarawak,Marudi,primary,female,2020-01-01,3024
Sarawak,Marudi,primary,female,2021-01-01,2943
Sarawak,Marudi,primary,female,2022-01-01,2826
Sarawak,Marudi,primary,male,2017-01-01,2859
Sarawak,Marudi,primary,male,2018-01-01,3303
Sarawak,Marudi,primary,male,2019-01-01,3209
Sarawak,Marudi,primary,male,2020-01-01,3171
Sarawak,Marudi,primary,male,2021-01-01,3041
Sarawak,Marudi,primary,male,2022-01-01,2945
Sarawak,Marudi,secondary,both,2017-01-01,4215
Sarawak,Marudi,secondary,both,2018-01-01,4500
Sarawak,Marudi,secondary,both,2019-01-01,4404
Sarawak,Marudi,secondary,both,2020-01-01,4348
Sarawak,Marudi,secondary,both,2021-01-01,4488
Sarawak,Marudi,secondary,both,2022-01-01,4527
Sarawak,Marudi,secondary,female,2017-01-01,2218
Sarawak,Marudi,secondary,female,2018-01-01,2307
Sarawak,Marudi,secondary,female,2019-01-01,2236
Sarawak,Marudi,secondary,female,2020-01-01,2182
Sarawak,Marudi,secondary,female,2021-01-01,2209
Sarawak,Marudi,secondary,female,2022-01-01,2231
Sarawak,Marudi,secondary,male,2017-01-01,1997
Sarawak,Marudi,secondary,male,2018-01-01,2193
Sarawak,Marudi,secondary,male,2019-01-01,2168
Sarawak,Marudi,secondary,male,2020-01-01,2166
Sarawak,Marudi,secondary,male,2021-01-01,2279
Sarawak,Marudi,secondary,male,2022-01-01,2296
Sarawak,Marudi,post_secondary,both,2018-01-01,264
Sarawak,Marudi,post_secondary,both,2019-01-01,246
Sarawak,Marudi,post_secondary,both,2020-01-01,118
Sarawak,Marudi,post_secondary,both,2021-01-01,130
Sarawak,Marudi,post_secondary,both,2022-01-01,131
Sarawak,Marudi,post_secondary,female,2018-01-01,171
Sarawak,Marudi,post_secondary,female,2019-01-01,164
Sarawak,Marudi,post_secondary,female,2020-01-01,74
Sarawak,Marudi,post_secondary,female,2021-01-01,89
Sarawak,Marudi,post_secondary,female,2022-01-01,84
Sarawak,Marudi,post_secondary,male,2018-01-01,93
Sarawak,Marudi,post_secondary,male,2019-01-01,82
Sarawak,Marudi,post_secondary,male,2020-01-01,44
Sarawak,Marudi,post_secondary,male,2021-01-01,41
Sarawak,Marudi,post_secondary,male,2022-01-01,47
Sarawak,Miri,primary,both,2017-01-01,24964
Sarawak,Miri,primary,both,2018-01-01,26889
Sarawak,Miri,primary,both,2019-01-01,26997
Sarawak,Miri,primary,both,2020-01-01,26737
Sarawak,Miri,primary,both,2021-01-01,26586
Sarawak,Miri,primary,both,2022-01-01,26172
Sarawak,Miri,primary,both,2023-06-30,24118
Sarawak,Miri,primary,both,2024-06-30,23642
Sarawak,Miri,primary,both,2025-06-30,23154
Sarawak,Miri,primary,female,2017-01-01,12053
Sarawak,Miri,primary,female,2018-01-01,13007
Sarawak,Miri,primary,female,2019-01-01,12957
Sarawak,Miri,primary,female,2020-01-01,12885
Sarawak,Miri,primary,female,2021-01-01,12833
Sarawak,Miri,primary,female,2022-01-01,12684
Sarawak,Miri,primary,female,2023-06-30,11710
Sarawak,Miri,primary,female,2024-06-30,11528
Sarawak,Miri,primary,female,2025-06-30,11320
Sarawak,Miri,primary,male,2017-01-01,12911
Sarawak,Miri,primary,male,2018-01-01,13882
Sarawak,Miri,primary,male,2019-01-01,14040
Sarawak,Miri,primary,male,2020-01-01,13852
Sarawak,Miri,primary,male,2021-01-01,13753
Sarawak,Miri,primary,male,2022-01-01,13488
Sarawak,Miri,primary,male,2023-06-30,12408
Sarawak,Miri,primary,male,2024-06-30,12114
Sarawak,Miri,primary,male,2025-06-30,11834
Sarawak,Miri,secondary,both,2017-01-01,19887
Sarawak,Miri,secondary,both,2018-01-01,20668
Sarawak,Miri,secondary,both,2019-01-01,20689
Sarawak,Miri,secondary,both,2020-01-01,20977
Sarawak,Miri,secondary,both,2021-01-01,21400
Sarawak,Miri,secondary,both,2022-01-01,21618
Sarawak,Miri,secondary,both,2023-06-30,19205
Sarawak,Miri,secondary,both,2024-06-30,19328
Sarawak,Miri,secondary,both,2025-06-30,19606
Sarawak,Miri,secondary,female,2017-01-01,9965
Sarawak,Miri,secondary,female,2018-01-01,10279
Sarawak,Miri,secondary,female,2019-01-01,10321
Sarawak,Miri,secondary,female,2020-01-01,10411
Sarawak,Miri,secondary,female,2021-01-01,10561
Sarawak,Miri,secondary,female,2022-01-01,10590
Sarawak,Miri,secondary,female,2023-06-30,9346
Sarawak,Miri,secondary,female,2024-06-30,9350
Sarawak,Miri,secondary,female,2025-06-30,9500
Sarawak,Miri,secondary,male,2017-01-01,9922
Sarawak,Miri,secondary,male,2018-01-01,10389
Sarawak,Miri,secondary,male,2019-01-01,10368
Sarawak,Miri,secondary,male,2020-01-01,10566
Sarawak,Miri,secondary,male,2021-01-01,10839
Sarawak,Miri,secondary,male,2022-01-01,11028
Sarawak,Miri,secondary,male,2023-06-30,9859
Sarawak,Miri,secondary,male,2024-06-30,9978
Sarawak,Miri,secondary,male,2025-06-30,10106
Sarawak,Miri,post_secondary,both,2018-01-01,1333
Sarawak,Miri,post_secondary,both,2019-01-01,1315
Sarawak,Miri,post_secondary,both,2020-01-01,759
Sarawak,Miri,post_secondary,both,2021-01-01,693
Sarawak,Miri,post_secondary,both,2022-01-01,700
Sarawak,Miri,post_secondary,both,2023-06-30,647
Sarawak,Miri,post_secondary,both,2024-06-30,630
Sarawak,Miri,post_secondary,both,2025-06-30,1061
Sarawak,Miri,post_secondary,female,2018-01-01,790
Sarawak,Miri,post_secondary,female,2019-01-01,754
Sarawak,Miri,post_secondary,female,2020-01-01,393
Sarawak,Miri,post_secondary,female,2021-01-01,419
Sarawak,Miri,post_secondary,female,2022-01-01,403
Sarawak,Miri,post_secondary,female,2023-06-30,332
Sarawak,Miri,post_secondary,female,2024-06-30,336
Sarawak,Miri,post_secondary,female,2025-06-30,609
Sarawak,Miri,post_secondary,male,2018-01-01,543
Sarawak,Miri,post_secondary,male,2019-01-01,561
Sarawak,Miri,post_secondary,male,2020-01-01,366
Sarawak,Miri,post_secondary,male,2021-01-01,274
Sarawak,Miri,post_secondary,male,2022-01-01,297
Sarawak,Miri,post_secondary,male,2023-06-30,315
Sarawak,Miri,post_secondary,male,2024-06-30,294
Sarawak,Miri,post_secondary,male,2025-06-30,452
Sarawak,Mukah,primary,both,2017-01-01,4620
Sarawak,Mukah,primary,both,2018-01-01,4720
Sarawak,Mukah,primary,both,2019-01-01,4790
Sarawak,Mukah,primary,both,2020-01-01,4821
Sarawak,Mukah,primary,both,2021-01-01,4843
Sarawak,Mukah,primary,both,2022-01-01,4887
Sarawak,Mukah,primary,both,2023-06-30,4834
Sarawak,Mukah,primary,both,2024-06-30,4732
Sarawak,Mukah,primary,both,2025-06-30,4670
Sarawak,Mukah,primary,female,2017-01-01,2249
Sarawak,Mukah,primary,female,2018-01-01,2290
Sarawak,Mukah,primary,female,2019-01-01,2315
Sarawak,Mukah,primary,female,2020-01-01,2306
Sarawak,Mukah,primary,female,2021-01-01,2316
Sarawak,Mukah,primary,female,2022-01-01,2363
Sarawak,Mukah,primary,female,2023-06-30,2350
Sarawak,Mukah,primary,female,2024-06-30,2295
Sarawak,Mukah,primary,female,2025-06-30,2265
Sarawak,Mukah,primary,male,2017-01-01,2371
Sarawak,Mukah,primary,male,2018-01-01,2430
Sarawak,Mukah,primary,male,2019-01-01,2475
Sarawak,Mukah,primary,male,2020-01-01,2515
Sarawak,Mukah,primary,male,2021-01-01,2527
Sarawak,Mukah,primary,male,2022-01-01,2524
Sarawak,Mukah,primary,male,2023-06-30,2484
Sarawak,Mukah,primary,male,2024-06-30,2437
Sarawak,Mukah,primary,male,2025-06-30,2405
Sarawak,Mukah,secondary,both,2017-01-01,3169
Sarawak,Mukah,secondary,both,2018-01-01,2971
Sarawak,Mukah,secondary,both,2019-01-01,3048
Sarawak,Mukah,secondary,both,2020-01-01,3124
Sarawak,Mukah,secondary,both,2021-01-01,3316
Sarawak,Mukah,secondary,both,2022-01-01,3333
Sarawak,Mukah,secondary,both,2023-06-30,3394
Sarawak,Mukah,secondary,both,2024-06-30,3423
Sarawak,Mukah,secondary,both,2025-06-30,3388
Sarawak,Mukah,secondary,female,2017-01-01,1656
Sarawak,Mukah,secondary,female,2018-01-01,1484
Sarawak,Mukah,secondary,female,2019-01-01,1530
Sarawak,Mukah,secondary,female,2020-01-01,1579
Sarawak,Mukah,secondary,female,2021-01-01,1668
Sarawak,Mukah,secondary,female,2022-01-01,1659
Sarawak,Mukah,secondary,female,2023-06-30,1708
Sarawak,Mukah,secondary,female,2024-06-30,1731
Sarawak,Mukah,secondary,female,2025-06-30,1695
Sarawak,Mukah,secondary,male,2017-01-01,1513
Sarawak,Mukah,secondary,male,2018-01-01,1487
Sarawak,Mukah,secondary,male,2019-01-01,1518
Sarawak,Mukah,secondary,male,2020-01-01,1545
Sarawak,Mukah,secondary,male,2021-01-01,1648
Sarawak,Mukah,secondary,male,2022-01-01,1674
Sarawak,Mukah,secondary,male,2023-06-30,1686
Sarawak,Mukah,secondary,male,2024-06-30,1692
Sarawak,Mukah,secondary,male,2025-06-30,1693
Sarawak,Mukah,post_secondary,both,2018-01-01,206
Sarawak,Mukah,post_secondary,both,2019-01-01,240
Sarawak,Mukah,post_secondary,both,2020-01-01,113
Sarawak,Mukah,post_secondary,both,2021-01-01,140
Sarawak,Mukah,post_secondary,both,2022-01-01,98
Sarawak,Mukah,post_secondary,both,2023-06-30,116
Sarawak,Mukah,post_secondary,both,2024-06-30,112
Sarawak,Mukah,post_secondary,both,2025-06-30,264
Sarawak,Mukah,post_secondary,female,2018-01-01,142
Sarawak,Mukah,post_secondary,female,2019-01-01,162
Sarawak,Mukah,post_secondary,female,2020-01-01,75
Sarawak,Mukah,post_secondary,female,2021-01-01,88
Sarawak,Mukah,post_secondary,female,2022-01-01,72
Sarawak,Mukah,post_secondary,female,2023-06-30,73
Sarawak,Mukah,post_secondary,female,2024-06-30,78
Sarawak,Mukah,post_secondary,female,2025-06-30,177
Sarawak,Mukah,post_secondary,male,2018-01-01,64
Sarawak,Mukah,post_secondary,male,2019-01-01,78
Sarawak,Mukah,post_secondary,male,2020-01-01,38
Sarawak,Mukah,post_secondary,male,2021-01-01,52
Sarawak,Mukah,post_secondary,male,2022-01-01,26
Sarawak,Mukah,post_secondary,male,2023-06-30,43
Sarawak,Mukah,post_secondary,male,2024-06-30,34
Sarawak,Mukah,post_secondary,male,2025-06-30,87
Sarawak,Pusa,primary,both,2018-01-01,119
Sarawak,Pusa,primary,both,2019-01-01,114
Sarawak,Pusa,primary,both,2020-01-01,121
Sarawak,Pusa,primary,both,2021-01-01,132
Sarawak,Pusa,primary,both,2022-01-01,128
Sarawak,Pusa,primary,female,2018-01-01,57
Sarawak,Pusa,primary,female,2019-01-01,53
Sarawak,Pusa,primary,female,2020-01-01,53
Sarawak,Pusa,primary,female,2021-01-01,55
Sarawak,Pusa,primary,female,2022-01-01,54
Sarawak,Pusa,primary,male,2018-01-01,62
Sarawak,Pusa,primary,male,2019-01-01,61
Sarawak,Pusa,primary,male,2020-01-01,68
Sarawak,Pusa,primary,male,2021-01-01,77
Sarawak,Pusa,primary,male,2022-01-01,74
Sarawak,Pusa,secondary,both,2018-01-01,0
Sarawak,Pusa,secondary,both,2019-01-01,0
Sarawak,Pusa,secondary,both,2020-01-01,0
Sarawak,Pusa,secondary,both,2021-01-01,0
Sarawak,Pusa,secondary,both,2022-01-01,0
Sarawak,Pusa,secondary,female,2018-01-01,0
Sarawak,Pusa,secondary,female,2019-01-01,0
Sarawak,Pusa,secondary,female,2020-01-01,0
Sarawak,Pusa,secondary,female,2021-01-01,0
Sarawak,Pusa,secondary,female,2022-01-01,0
Sarawak,Pusa,secondary,male,2018-01-01,0
Sarawak,Pusa,secondary,male,2019-01-01,0
Sarawak,Pusa,secondary,male,2020-01-01,0
Sarawak,Pusa,secondary,male,2021-01-01,0
Sarawak,Pusa,secondary,male,2022-01-01,0
Sarawak,Pusa,post_secondary,both,2018-01-01,0
Sarawak,Pusa,post_secondary,both,2019-01-01,0
Sarawak,Pusa,post_secondary,both,2020-01-01,0
Sarawak,Pusa,post_secondary,both,2021-01-01,0
Sarawak,Pusa,post_secondary,both,2022-01-01,0
Sarawak,Pusa,post_secondary,female,2018-01-01,0
Sarawak,Pusa,post_secondary,female,2019-01-01,0
Sarawak,Pusa,post_secondary,female,2020-01-01,0
Sarawak,Pusa,post_secondary,female,2021-01-01,0
Sarawak,Pusa,post_secondary,female,2022-01-01,0
Sarawak,Pusa,post_secondary,male,2018-01-01,0
Sarawak,Pusa,post_secondary,male,2019-01-01,0
Sarawak,Pusa,post_secondary,male,2020-01-01,0
Sarawak,Pusa,post_secondary,male,2021-01-01,0
Sarawak,Pusa,post_secondary,male,2022-01-01,0
Sarawak,Samarahan,primary,both,2017-01-01,13232
Sarawak,Samarahan,primary,both,2018-01-01,9404
Sarawak,Samarahan,primary,both,2019-01-01,9702
Sarawak,Samarahan,primary,both,2020-01-01,9760
Sarawak,Samarahan,primary,both,2021-01-01,9842
Sarawak,Samarahan,primary,both,2022-01-01,9939
Sarawak,Samarahan,primary,both,2023-06-30,13899
Sarawak,Samarahan,primary,both,2024-06-30,13762
Sarawak,Samarahan,primary,both,2025-06-30,13612
Sarawak,Samarahan,primary,female,2017-01-01,6427
Sarawak,Samarahan,primary,female,2018-01-01,4582
Sarawak,Samarahan,primary,female,2019-01-01,4684
Sarawak,Samarahan,primary,female,2020-01-01,4692
Sarawak,Samarahan,primary,female,2021-01-01,4732
Sarawak,Samarahan,primary,female,2022-01-01,4803
Sarawak,Samarahan,primary,female,2023-06-30,6752
Sarawak,Samarahan,primary,female,2024-06-30,6682
Sarawak,Samarahan,primary,female,2025-06-30,6582
Sarawak,Samarahan,primary,male,2017-01-01,6805
Sarawak,Samarahan,primary,male,2018-01-01,4822
Sarawak,Samarahan,primary,male,2019-01-01,5018
Sarawak,Samarahan,primary,male,2020-01-01,5068
Sarawak,Samarahan,primary,male,2021-01-01,5110
Sarawak,Samarahan,primary,male,2022-01-01,5136
Sarawak,Samarahan,primary,male,2023-06-30,7147
Sarawak,Samarahan,primary,male,2024-06-30,7080
Sarawak,Samarahan,primary,male,2025-06-30,7030
Sarawak,Samarahan,secondary,both,2017-01-01,12518
Sarawak,Samarahan,secondary,both,2018-01-01,7785
Sarawak,Samarahan,secondary,both,2019-01-01,7768
Sarawak,Samarahan,secondary,both,2020-01-01,7880
Sarawak,Samarahan,secondary,both,2021-01-01,8172
Sarawak,Samarahan,secondary,both,2022-01-01,8325
Sarawak,Samarahan,secondary,both,2023-06-30,12633
Sarawak,Samarahan,secondary,both,2024-06-30,12638
Sarawak,Samarahan,secondary,both,2025-06-30,12776
Sarawak,Samarahan,secondary,female,2017-01-01,6459
Sarawak,Samarahan,secondary,female,2018-01-01,3858
Sarawak,Samarahan,secondary,female,2019-01-01,3883
Sarawak,Samarahan,secondary,female,2020-01-01,3995
Sarawak,Samarahan,secondary,female,2021-01-01,4076
Sarawak,Samarahan,secondary,female,2022-01-01,4141
Sarawak,Samarahan,secondary,female,2023-06-30,6295
Sarawak,Samarahan,secondary,female,2024-06-30,6267
Sarawak,Samarahan,secondary,female,2025-06-30,6298
Sarawak,Samarahan,secondary,male,2017-01-01,6059
Sarawak,Samarahan,secondary,male,2018-01-01,3927
Sarawak,Samarahan,secondary,male,2019-01-01,3885
Sarawak,Samarahan,secondary,male,2020-01-01,3885
Sarawak,Samarahan,secondary,male,2021-01-01,4096
Sarawak,Samarahan,secondary,male,2022-01-01,4184
Sarawak,Samarahan,secondary,male,2023-06-30,6338
Sarawak,Samarahan,secondary,male,2024-06-30,6371
Sarawak,Samarahan,secondary,male,2025-06-30,6478
Sarawak,Samarahan,post_secondary,both,2018-01-01,699
Sarawak,Samarahan,post_secondary,both,2019-01-01,663
Sarawak,Samarahan,post_secondary,both,2020-01-01,289
Sarawak,Samarahan,post_secondary,both,2021-01-01,332
Sarawak,Samarahan,post_secondary,both,2022-01-01,331
Sarawak,Samarahan,post_secondary,both,2023-06-30,527
Sarawak,Samarahan,post_secondary,both,2024-06-30,550
Sarawak,Samarahan,post_secondary,both,2025-06-30,1090
Sarawak,Samarahan,post_secondary,female,2018-01-01,474
Sarawak,Samarahan,post_secondary,female,2019-01-01,468
Sarawak,Samarahan,post_secondary,female,2020-01-01,220
Sarawak,Samarahan,post_secondary,female,2021-01-01,229
Sarawak,Samarahan,post_secondary,female,2022-01-01,214
Sarawak,Samarahan,post_secondary,female,2023-06-30,355
Sarawak,Samarahan,post_secondary,female,2024-06-30,359
Sarawak,Samarahan,post_secondary,female,2025-06-30,737
Sarawak,Samarahan,post_secondary,male,2018-01-01,225
Sarawak,Samarahan,post_secondary,male,2019-01-01,195
Sarawak,Samarahan,post_secondary,male,2020-01-01,69
Sarawak,Samarahan,post_secondary,male,2021-01-01,103
Sarawak,Samarahan,post_secondary,male,2022-01-01,117
Sarawak,Samarahan,post_secondary,male,2023-06-30,172
Sarawak,Samarahan,post_secondary,male,2024-06-30,191
Sarawak,Samarahan,post_secondary,male,2025-06-30,353
Sarawak,Saratok,primary,both,2017-01-01,5096
Sarawak,Saratok,primary,both,2018-01-01,4742
Sarawak,Saratok,primary,both,2019-01-01,4696
Sarawak,Saratok,primary,both,2020-01-01,4665
Sarawak,Saratok,primary,both,2021-01-01,4578
Sarawak,Saratok,primary,both,2022-01-01,4544
Sarawak,Saratok,primary,both,2023-06-30,4820
Sarawak,Saratok,primary,both,2024-06-30,4634
Sarawak,Saratok,primary,both,2025-06-30,4457
Sarawak,Saratok,primary,female,2017-01-01,2507
Sarawak,Saratok,primary,female,2018-01-01,2331
Sarawak,Saratok,primary,female,2019-01-01,2346
Sarawak,Saratok,primary,female,2020-01-01,2300
Sarawak,Saratok,primary,female,2021-01-01,2256
Sarawak,Saratok,primary,female,2022-01-01,2216
Sarawak,Saratok,primary,female,2023-06-30,2356
Sarawak,Saratok,primary,female,2024-06-30,2288
Sarawak,Saratok,primary,female,2025-06-30,2210
Sarawak,Saratok,primary,male,2017-01-01,2589
Sarawak,Saratok,primary,male,2018-01-01,2411
Sarawak,Saratok,primary,male,2019-01-01,2350
Sarawak,Saratok,primary,male,2020-01-01,2365
Sarawak,Saratok,primary,male,2021-01-01,2322
Sarawak,Saratok,primary,male,2022-01-01,2328
Sarawak,Saratok,primary,male,2023-06-30,2464
Sarawak,Saratok,primary,male,2024-06-30,2346
Sarawak,Saratok,primary,male,2025-06-30,2247
Sarawak,Saratok,secondary,both,2017-01-01,4486
Sarawak,Saratok,secondary,both,2018-01-01,2945
Sarawak,Saratok,secondary,both,2019-01-01,2996
Sarawak,Saratok,secondary,both,2020-01-01,2902
Sarawak,Saratok,secondary,both,2021-01-01,2985
Sarawak,Saratok,secondary,both,2022-01-01,2993
Sarawak,Saratok,secondary,both,2023-06-30,3909
Sarawak,Saratok,secondary,both,2024-06-30,3861
Sarawak,Saratok,secondary,both,2025-06-30,3874
Sarawak,Saratok,secondary,female,2017-01-01,2350
Sarawak,Saratok,secondary,female,2018-01-01,1479
Sarawak,Saratok,secondary,female,2019-01-01,1474
Sarawak,Saratok,secondary,female,2020-01-01,1470
Sarawak,Saratok,secondary,female,2021-01-01,1516
Sarawak,Saratok,secondary,female,2022-01-01,1519
Sarawak,Saratok,secondary,female,2023-06-30,1977
Sarawak,Saratok,secondary,female,2024-06-30,1927
Sarawak,Saratok,secondary,female,2025-06-30,1940
Sarawak,Saratok,secondary,male,2017-01-01,2136
Sarawak,Saratok,secondary,male,2018-01-01,1466
Sarawak,Saratok,secondary,male,2019-01-01,1522
Sarawak,Saratok,secondary,male,2020-01-01,1432
Sarawak,Saratok,secondary,male,2021-01-01,1469
Sarawak,Saratok,secondary,male,2022-01-01,1474
Sarawak,Saratok,secondary,male,2023-06-30,1932
Sarawak,Saratok,secondary,male,2024-06-30,1934
Sarawak,Saratok,secondary,male,2025-06-30,1934
Sarawak,Saratok,post_secondary,both,2018-01-01,439
Sarawak,Saratok,post_secondary,both,2019-01-01,433
Sarawak,Saratok,post_secondary,both,2020-01-01,190
Sarawak,Saratok,post_secondary,both,2021-01-01,229
Sarawak,Saratok,post_secondary,both,2022-01-01,210
Sarawak,Saratok,post_secondary,both,2023-06-30,211
Sarawak,Saratok,post_secondary,both,2024-06-30,215
Sarawak,Saratok,post_secondary,both,2025-06-30,444
Sarawak,Saratok,post_secondary,female,2018-01-01,288
Sarawak,Saratok,post_secondary,female,2019-01-01,277
Sarawak,Saratok,post_secondary,female,2020-01-01,125
Sarawak,Saratok,post_secondary,female,2021-01-01,135
Sarawak,Saratok,post_secondary,female,2022-01-01,143
Sarawak,Saratok,post_secondary,female,2023-06-30,126
Sarawak,Saratok,post_secondary,female,2024-06-30,138
Sarawak,Saratok,post_secondary,female,2025-06-30,295
Sarawak,Saratok,post_secondary,male,2018-01-01,151
Sarawak,Saratok,post_secondary,male,2019-01-01,156
Sarawak,Saratok,post_secondary,male,2020-01-01,65
Sarawak,Saratok,post_secondary,male,2021-01-01,94
Sarawak,Saratok,post_secondary,male,2022-01-01,67
Sarawak,Saratok,post_secondary,male,2023-06-30,85
Sarawak,Saratok,post_secondary,male,2024-06-30,77
Sarawak,Saratok,post_secondary,male,2025-06-30,149
Sarawak,Sarikei,primary,both,2017-01-01,5768
Sarawak,Sarikei,primary,both,2018-01-01,5698
Sarawak,Sarikei,primary,both,2019-01-01,5662
Sarawak,Sarikei,primary,both,2020-01-01,5587
Sarawak,Sarikei,primary,both,2021-01-01,5486
Sarawak,Sarikei,primary,both,2022-01-01,5374
Sarawak,Sarikei,primary,both,2023-06-30,5304
Sarawak,Sarikei,primary,both,2024-06-30,5201
Sarawak,Sarikei,primary,both,2025-06-30,5035
Sarawak,Sarikei,primary,female,2017-01-01,2805
Sarawak,Sarikei,primary,female,2018-01-01,2783
Sarawak,Sarikei,primary,female,2019-01-01,2769
Sarawak,Sarikei,primary,female,2020-01-01,2698
Sarawak,Sarikei,primary,female,2021-01-01,2634
Sarawak,Sarikei,primary,female,2022-01-01,2591
Sarawak,Sarikei,primary,female,2023-06-30,2509
Sarawak,Sarikei,primary,female,2024-06-30,2460
Sarawak,Sarikei,primary,female,2025-06-30,2369
Sarawak,Sarikei,primary,male,2017-01-01,2963
Sarawak,Sarikei,primary,male,2018-01-01,2915
Sarawak,Sarikei,primary,male,2019-01-01,2893
Sarawak,Sarikei,primary,male,2020-01-01,2889
Sarawak,Sarikei,primary,male,2021-01-01,2852
Sarawak,Sarikei,primary,male,2022-01-01,2783
Sarawak,Sarikei,primary,male,2023-06-30,2795
Sarawak,Sarikei,primary,male,2024-06-30,2741
Sarawak,Sarikei,primary,male,2025-06-30,2666
Sarawak,Sarikei,secondary,both,2017-01-01,4839
Sarawak,Sarikei,secondary,both,2018-01-01,4913
Sarawak,Sarikei,secondary,both,2019-01-01,4961
Sarawak,Sarikei,secondary,both,2020-01-01,4941
Sarawak,Sarikei,secondary,both,2021-01-01,5047
Sarawak,Sarikei,secondary,both,2022-01-01,5171
Sarawak,Sarikei,secondary,both,2023-06-30,4442
Sarawak,Sarikei,secondary,both,2024-06-30,4366
Sarawak,Sarikei,secondary,both,2025-06-30,4350
Sarawak,Sarikei,secondary,female,2017-01-01,2461
Sarawak,Sarikei,secondary,female,2018-01-01,2422
Sarawak,Sarikei,secondary,female,2019-01-01,2410
Sarawak,Sarikei,secondary,female,2020-01-01,2431
Sarawak,Sarikei,secondary,female,2021-01-01,2465
Sarawak,Sarikei,secondary,female,2022-01-01,2495
Sarawak,Sarikei,secondary,female,2023-06-30,2199
Sarawak,Sarikei,secondary,female,2024-06-30,2187
Sarawak,Sarikei,secondary,female,2025-06-30,2152
Sarawak,Sarikei,secondary,male,2017-01-01,2378
Sarawak,Sarikei,secondary,male,2018-01-01,2491
Sarawak,Sarikei,secondary,male,2019-01-01,2551
Sarawak,Sarikei,secondary,male,2020-01-01,2510
Sarawak,Sarikei,secondary,male,2021-01-01,2582
Sarawak,Sarikei,secondary,male,2022-01-01,2676
Sarawak,Sarikei,secondary,male,2023-06-30,2243
Sarawak,Sarikei,secondary,male,2024-06-30,2179
Sarawak,Sarikei,secondary,male,2025-06-30,2198
Sarawak,Sarikei,post_secondary,both,2018-01-01,387
Sarawak,Sarikei,post_secondary,both,2019-01-01,381
Sarawak,Sarikei,post_secondary,both,2020-01-01,171
Sarawak,Sarikei,post_secondary,both,2021-01-01,191
Sarawak,Sarikei,post_secondary,both,2022-01-01,175
Sarawak,Sarikei,post_secondary,both,2023-06-30,179
Sarawak,Sarikei,post_secondary,both,2024-06-30,201
Sarawak,Sarikei,post_secondary,both,2025-06-30,399
Sarawak,Sarikei,post_secondary,female,2018-01-01,222
Sarawak,Sarikei,post_secondary,female,2019-01-01,227
Sarawak,Sarikei,post_secondary,female,2020-01-01,104
Sarawak,Sarikei,post_secondary,female,2021-01-01,111
Sarawak,Sarikei,post_secondary,female,2022-01-01,114
Sarawak,Sarikei,post_secondary,female,2023-06-30,105
Sarawak,Sarikei,post_secondary,female,2024-06-30,116
Sarawak,Sarikei,post_secondary,female,2025-06-30,234
Sarawak,Sarikei,post_secondary,male,2018-01-01,165
Sarawak,Sarikei,post_secondary,male,2019-01-01,154
Sarawak,Sarikei,post_secondary,male,2020-01-01,67
Sarawak,Sarikei,post_secondary,male,2021-01-01,80
Sarawak,Sarikei,post_secondary,male,2022-01-01,61
Sarawak,Sarikei,post_secondary,male,2023-06-30,74
Sarawak,Sarikei,post_secondary,male,2024-06-30,85
Sarawak,Sarikei,post_secondary,male,2025-06-30,165
Sarawak,Sebauh,primary,both,2018-01-01,1224
Sarawak,Sebauh,primary,both,2019-01-01,1227
Sarawak,Sebauh,primary,both,2020-01-01,1183
Sarawak,Sebauh,primary,both,2021-01-01,1200
Sarawak,Sebauh,primary,both,2022-01-01,1119
Sarawak,Sebauh,primary,female,2018-01-01,589
Sarawak,Sebauh,primary,female,2019-01-01,562
Sarawak,Sebauh,primary,female,2020-01-01,527
Sarawak,Sebauh,primary,female,2021-01-01,545
Sarawak,Sebauh,primary,female,2022-01-01,529
Sarawak,Sebauh,primary,male,2018-01-01,635
Sarawak,Sebauh,primary,male,2019-01-01,665
Sarawak,Sebauh,primary,male,2020-01-01,656
Sarawak,Sebauh,primary,male,2021-01-01,655
Sarawak,Sebauh,primary,male,2022-01-01,590
Sarawak,Sebauh,secondary,both,2018-01-01,892
Sarawak,Sebauh,secondary,both,2019-01-01,836
Sarawak,Sebauh,secondary,both,2020-01-01,827
Sarawak,Sebauh,secondary,both,2021-01-01,853
Sarawak,Sebauh,secondary,both,2022-01-01,900
Sarawak,Sebauh,secondary,female,2018-01-01,442
Sarawak,Sebauh,secondary,female,2019-01-01,416
Sarawak,Sebauh,secondary,female,2020-01-01,411
Sarawak,Sebauh,secondary,female,2021-01-01,421
Sarawak,Sebauh,secondary,female,2022-01-01,420
Sarawak,Sebauh,secondary,male,2018-01-01,450
Sarawak,Sebauh,secondary,male,2019-01-01,420
Sarawak,Sebauh,secondary,male,2020-01-01,416
Sarawak,Sebauh,secondary,male,2021-01-01,432
Sarawak,Sebauh,secondary,male,2022-01-01,480
Sarawak,Sebauh,post_secondary,both,2018-01-01,0
Sarawak,Sebauh,post_secondary,both,2019-01-01,0
Sarawak,Sebauh,post_secondary,both,2020-01-01,0
Sarawak,Sebauh,post_secondary,both,2021-01-01,0
Sarawak,Sebauh,post_secondary,both,2022-01-01,0
Sarawak,Sebauh,post_secondary,female,2018-01-01,0
Sarawak,Sebauh,post_secondary,female,2019-01-01,0
Sarawak,Sebauh,post_secondary,female,2020-01-01,0
Sarawak,Sebauh,post_secondary,female,2021-01-01,0
Sarawak,Sebauh,post_secondary,female,2022-01-01,0
Sarawak,Sebauh,post_secondary,male,2018-01-01,0
Sarawak,Sebauh,post_secondary,male,2019-01-01,0
Sarawak,Sebauh,post_secondary,male,2020-01-01,0
Sarawak,Sebauh,post_secondary,male,2021-01-01,0
Sarawak,Sebauh,post_secondary,male,2022-01-01,0
Sarawak,Selangau,primary,both,2017-01-01,2306
Sarawak,Selangau,primary,both,2023-06-30,2235
Sarawak,Selangau,primary,both,2024-06-30,2150
Sarawak,Selangau,primary,both,2025-06-30,2032
Sarawak,Selangau,primary,female,2017-01-01,1137
Sarawak,Selangau,primary,female,2023-06-30,1108
Sarawak,Selangau,primary,female,2024-06-30,1045
Sarawak,Selangau,primary,female,2025-06-30,991
Sarawak,Selangau,primary,male,2017-01-01,1169
Sarawak,Selangau,primary,male,2023-06-30,1127
Sarawak,Selangau,primary,male,2024-06-30,1105
Sarawak,Selangau,primary,male,2025-06-30,1041
Sarawak,Selangau,secondary,both,2017-01-01,547
Sarawak,Selangau,secondary,both,2023-06-30,666
Sarawak,Selangau,secondary,both,2024-06-30,641
Sarawak,Selangau,secondary,both,2025-06-30,639
Sarawak,Selangau,secondary,female,2017-01-01,285
Sarawak,Selangau,secondary,female,2023-06-30,293
Sarawak,Selangau,secondary,female,2024-06-30,302
Sarawak,Selangau,secondary,female,2025-06-30,304
Sarawak,Selangau,secondary,male,2017-01-01,262
Sarawak,Selangau,secondary,male,2023-06-30,373
Sarawak,Selangau,secondary,male,2024-06-30,339
Sarawak,Selangau,secondary,male,2025-06-30,335
Sarawak,Selangau,post_secondary,both,2023-06-30,0
Sarawak,Selangau,post_secondary,both,2024-06-30,0
Sarawak,Selangau,post_secondary,both,2025-06-30,0
Sarawak,Selangau,post_secondary,female,2023-06-30,0
Sarawak,Selangau,post_secondary,female,2024-06-30,0
Sarawak,Selangau,post_secondary,female,2025-06-30,0
Sarawak,Selangau,post_secondary,male,2023-06-30,0
Sarawak,Selangau,post_secondary,male,2024-06-30,0
Sarawak,Selangau,post_secondary,male,2025-06-30,0
Sarawak,Serian,primary,both,2017-01-01,9468
Sarawak,Serian,primary,both,2018-01-01,9593
Sarawak,Serian,primary,both,2019-01-01,9607
Sarawak,Serian,primary,both,2020-01-01,9519
Sarawak,Serian,primary,both,2021-01-01,9411
Sarawak,Serian,primary,both,2022-01-01,9253
Sarawak,Serian,primary,both,2023-06-30,12782
Sarawak,Serian,primary,both,2024-06-30,12418
Sarawak,Serian,primary,both,2025-06-30,11968
Sarawak,Serian,primary,female,2017-01-01,4568
Sarawak,Serian,primary,female,2018-01-01,4661
Sarawak,Serian,primary,female,2019-01-01,4711
Sarawak,Serian,primary,female,2020-01-01,4650
Sarawak,Serian,primary,female,2021-01-01,4515
Sarawak,Serian,primary,female,2022-01-01,4447
Sarawak,Serian,primary,female,2023-06-30,6166
Sarawak,Serian,primary,female,2024-06-30,5980
Sarawak,Serian,primary,female,2025-06-30,5777
Sarawak,Serian,primary,male,2017-01-01,4900
Sarawak,Serian,primary,male,2018-01-01,4932
Sarawak,Serian,primary,male,2019-01-01,4896
Sarawak,Serian,primary,male,2020-01-01,4869
Sarawak,Serian,primary,male,2021-01-01,4896
Sarawak,Serian,primary,male,2022-01-01,4806
Sarawak,Serian,primary,male,2023-06-30,6616
Sarawak,Serian,primary,male,2024-06-30,6438
Sarawak,Serian,primary,male,2025-06-30,6191
Sarawak,Serian,secondary,both,2017-01-01,8181
Sarawak,Serian,secondary,both,2018-01-01,7490
Sarawak,Serian,secondary,both,2019-01-01,7276
Sarawak,Serian,secondary,both,2020-01-01,7252
Sarawak,Serian,secondary,both,2021-01-01,7449
Sarawak,Serian,secondary,both,2022-01-01,7462
Sarawak,Serian,secondary,both,2023-06-30,12171
Sarawak,Serian,secondary,both,2024-06-30,12190
Sarawak,Serian,secondary,both,2025-06-30,12199
Sarawak,Serian,secondary,female,2017-01-01,4233
Sarawak,Serian,secondary,female,2018-01-01,3778
Sarawak,Serian,secondary,female,2019-01-01,3636
Sarawak,Serian,secondary,female,2020-01-01,3557
Sarawak,Serian,secondary,female,2021-01-01,3624
Sarawak,Serian,secondary,female,2022-01-01,3589
Sarawak,Serian,secondary,female,2023-06-30,5984
Sarawak,Serian,secondary,female,2024-06-30,6042
Sarawak,Serian,secondary,female,2025-06-30,6064
Sarawak,Serian,secondary,male,2017-01-01,3948
Sarawak,Serian,secondary,male,2018-01-01,3712
Sarawak,Serian,secondary,male,2019-01-01,3640
Sarawak,Serian,secondary,male,2020-01-01,3695
Sarawak,Serian,secondary,male,2021-01-01,3825
Sarawak,Serian,secondary,male,2022-01-01,3873
Sarawak,Serian,secondary,male,2023-06-30,6187
Sarawak,Serian,secondary,male,2024-06-30,6148
Sarawak,Serian,secondary,male,2025-06-30,6135
Sarawak,Serian,post_secondary,both,2018-01-01,554
Sarawak,Serian,post_secondary,both,2019-01-01,549
Sarawak,Serian,post_secondary,both,2020-01-01,256
Sarawak,Serian,post_secondary,both,2021-01-01,280
Sarawak,Serian,post_secondary,both,2022-01-01,271
Sarawak,Serian,post_secondary,both,2023-06-30,466
Sarawak,Serian,post_secondary,both,2024-06-30,465
Sarawak,Serian,post_secondary,both,2025-06-30,979
Sarawak,Serian,post_secondary,female,2018-01-01,394
Sarawak,Serian,post_secondary,female,2019-01-01,386
Sarawak,Serian,post_secondary,female,2020-01-01,173
Sarawak,Serian,post_secondary,female,2021-01-01,195
Sarawak,Serian,post_secondary,female,2022-01-01,197
Sarawak,Serian,post_secondary,female,2023-06-30,333
Sarawak,Serian,post_secondary,female,2024-06-30,309
Sarawak,Serian,post_secondary,female,2025-06-30,611
Sarawak,Serian,post_secondary,male,2018-01-01,160
Sarawak,Serian,post_secondary,male,2019-01-01,163
Sarawak,Serian,post_secondary,male,2020-01-01,83
Sarawak,Serian,post_secondary,male,2021-01-01,85
Sarawak,Serian,post_secondary,male,2022-01-01,74
Sarawak,Serian,post_secondary,male,2023-06-30,133
Sarawak,Serian,post_secondary,male,2024-06-30,156
Sarawak,Serian,post_secondary,male,2025-06-30,368
Sarawak,Sibu,primary,both,2017-01-01,25157
Sarawak,Sibu,primary,both,2018-01-01,27405
Sarawak,Sibu,primary,both,2019-01-01,27518
Sarawak,Sibu,primary,both,2020-01-01,27282
Sarawak,Sibu,primary,both,2021-01-01,27040
Sarawak,Sibu,primary,both,2022-01-01,26542
Sarawak,Sibu,primary,both,2023-06-30,23992
Sarawak,Sibu,primary,both,2024-06-30,23337
Sarawak,Sibu,primary,both,2025-06-30,22395
Sarawak,Sibu,primary,female,2017-01-01,12106
Sarawak,Sibu,primary,female,2018-01-01,13226
Sarawak,Sibu,primary,female,2019-01-01,13215
Sarawak,Sibu,primary,female,2020-01-01,13087
Sarawak,Sibu,primary,female,2021-01-01,12955
Sarawak,Sibu,primary,female,2022-01-01,12758
Sarawak,Sibu,primary,female,2023-06-30,11481
Sarawak,Sibu,primary,female,2024-06-30,11105
Sarawak,Sibu,primary,female,2025-06-30,10721
Sarawak,Sibu,primary,male,2017-01-01,13051
Sarawak,Sibu,primary,male,2018-01-01,14179
Sarawak,Sibu,primary,male,2019-01-01,14303
Sarawak,Sibu,primary,male,2020-01-01,14195
Sarawak,Sibu,primary,male,2021-01-01,14085
Sarawak,Sibu,primary,male,2022-01-01,13784
Sarawak,Sibu,primary,male,2023-06-30,12511
Sarawak,Sibu,primary,male,2024-06-30,12232
Sarawak,Sibu,primary,male,2025-06-30,11674
Sarawak,Sibu,secondary,both,2017-01-01,21486
Sarawak,Sibu,secondary,both,2018-01-01,20205
Sarawak,Sibu,secondary,both,2019-01-01,20107
Sarawak,Sibu,secondary,both,2020-01-01,20250
Sarawak,Sibu,secondary,both,2021-01-01,20634
Sarawak,Sibu,secondary,both,2022-01-01,20761
Sarawak,Sibu,secondary,both,2023-06-30,19670
Sarawak,Sibu,secondary,both,2024-06-30,19810
Sarawak,Sibu,secondary,both,2025-06-30,19813
Sarawak,Sibu,secondary,female,2017-01-01,11181
Sarawak,Sibu,secondary,female,2018-01-01,10215
Sarawak,Sibu,secondary,female,2019-01-01,10077
Sarawak,Sibu,secondary,female,2020-01-01,10128
Sarawak,Sibu,secondary,female,2021-01-01,10231
Sarawak,Sibu,secondary,female,2022-01-01,10228
Sarawak,Sibu,secondary,female,2023-06-30,9663
Sarawak,Sibu,secondary,female,2024-06-30,9748
Sarawak,Sibu,secondary,female,2025-06-30,9745
Sarawak,Sibu,secondary,male,2017-01-01,10305
Sarawak,Sibu,secondary,male,2018-01-01,9990
Sarawak,Sibu,secondary,male,2019-01-01,10030
Sarawak,Sibu,secondary,male,2020-01-01,10122
Sarawak,Sibu,secondary,male,2021-01-01,10403
Sarawak,Sibu,secondary,male,2022-01-01,10533
Sarawak,Sibu,secondary,male,2023-06-30,10007
Sarawak,Sibu,secondary,male,2024-06-30,10062
Sarawak,Sibu,secondary,male,2025-06-30,10068
Sarawak,Sibu,post_secondary,both,2018-01-01,1865
Sarawak,Sibu,post_secondary,both,2019-01-01,1825
Sarawak,Sibu,post_secondary,both,2020-01-01,944
Sarawak,Sibu,post_secondary,both,2021-01-01,1016
Sarawak,Sibu,post_secondary,both,2022-01-01,847
Sarawak,Sibu,post_secondary,both,2023-06-30,906
Sarawak,Sibu,post_secondary,both,2024-06-30,898
Sarawak,Sibu,post_secondary,both,2025-06-30,1502
Sarawak,Sibu,post_secondary,female,2018-01-01,1193
Sarawak,Sibu,post_secondary,female,2019-01-01,1171
Sarawak,Sibu,post_secondary,female,2020-01-01,582
Sarawak,Sibu,post_secondary,female,2021-01-01,614
Sarawak,Sibu,post_secondary,female,2022-01-01,535
Sarawak,Sibu,post_secondary,female,2023-06-30,575
Sarawak,Sibu,post_secondary,female,2024-06-30,573
Sarawak,Sibu,post_secondary,female,2025-06-30,926
Sarawak,Sibu,post_secondary,male,2018-01-01,672
Sarawak,Sibu,post_secondary,male,2019-01-01,654
Sarawak,Sibu,post_secondary,male,2020-01-01,362
Sarawak,Sibu,post_secondary,male,2021-01-01,402
Sarawak,Sibu,post_secondary,male,2022-01-01,312
Sarawak,Sibu,post_secondary,male,2023-06-30,331
Sarawak,Sibu,post_secondary,male,2024-06-30,325
Sarawak,Sibu,post_secondary,male,2025-06-30,576
Sarawak,Simunjan,primary,both,2017-01-01,4740
Sarawak,Simunjan,primary,both,2018-01-01,4758
Sarawak,Simunjan,primary,both,2019-01-01,4787
Sarawak,Simunjan,primary,both,2020-01-01,4765
Sarawak,Simunjan,primary,both,2021-01-01,4660
Sarawak,Simunjan,primary,both,2022-01-01,4543
Sarawak,Simunjan,primary,both,2023-06-30,4305
Sarawak,Simunjan,primary,both,2024-06-30,4148
Sarawak,Simunjan,primary,both,2025-06-30,4041
Sarawak,Simunjan,primary,female,2017-01-01,2249
Sarawak,Simunjan,primary,female,2018-01-01,2283
Sarawak,Simunjan,primary,female,2019-01-01,2311
Sarawak,Simunjan,primary,female,2020-01-01,2308
Sarawak,Simunjan,primary,female,2021-01-01,2277
Sarawak,Simunjan,primary,female,2022-01-01,2202
Sarawak,Simunjan,primary,female,2023-06-30,2070
Sarawak,Simunjan,primary,female,2024-06-30,1987
Sarawak,Simunjan,primary,female,2025-06-30,1944
Sarawak,Simunjan,primary,male,2017-01-01,2491
Sarawak,Simunjan,primary,male,2018-01-01,2475
Sarawak,Simunjan,primary,male,2019-01-01,2476
Sarawak,Simunjan,primary,male,2020-01-01,2457
Sarawak,Simunjan,primary,male,2021-01-01,2383
Sarawak,Simunjan,primary,male,2022-01-01,2341
Sarawak,Simunjan,primary,male,2023-06-30,2235
Sarawak,Simunjan,primary,male,2024-06-30,2161
Sarawak,Simunjan,primary,male,2025-06-30,2097
Sarawak,Simunjan,secondary,both,2017-01-01,3028
Sarawak,Simunjan,secondary,both,2018-01-01,2897
Sarawak,Simunjan,secondary,both,2019-01-01,2806
Sarawak,Simunjan,secondary,both,2020-01-01,2763
Sarawak,Simunjan,secondary,both,2021-01-01,2866
Sarawak,Simunjan,secondary,both,2022-01-01,2869
Sarawak,Simunjan,secondary,both,2023-06-30,2758
Sarawak,Simunjan,secondary,both,2024-06-30,2791
Sarawak,Simunjan,secondary,both,2025-06-30,2764
Sarawak,Simunjan,secondary,female,2017-01-01,1508
Sarawak,Simunjan,secondary,female,2018-01-01,1432
Sarawak,Simunjan,secondary,female,2019-01-01,1376
Sarawak,Simunjan,secondary,female,2020-01-01,1329
Sarawak,Simunjan,secondary,female,2021-01-01,1390
Sarawak,Simunjan,secondary,female,2022-01-01,1367
Sarawak,Simunjan,secondary,female,2023-06-30,1346
Sarawak,Simunjan,secondary,female,2024-06-30,1390
Sarawak,Simunjan,secondary,female,2025-06-30,1354
Sarawak,Simunjan,secondary,male,2017-01-01,1520
Sarawak,Simunjan,secondary,male,2018-01-01,1465
Sarawak,Simunjan,secondary,male,2019-01-01,1430
Sarawak,Simunjan,secondary,male,2020-01-01,1434
Sarawak,Simunjan,secondary,male,2021-01-01,1476
Sarawak,Simunjan,secondary,male,2022-01-01,1502
Sarawak,Simunjan,secondary,male,2023-06-30,1412
Sarawak,Simunjan,secondary,male,2024-06-30,1401
Sarawak,Simunjan,secondary,male,2025-06-30,1410
Sarawak,Simunjan,post_secondary,both,2018-01-01,131
Sarawak,Simunjan,post_secondary,both,2019-01-01,112
Sarawak,Simunjan,post_secondary,both,2020-01-01,48
Sarawak,Simunjan,post_secondary,both,2021-01-01,61
Sarawak,Simunjan,post_secondary,both,2022-01-01,46
Sarawak,Simunjan,post_secondary,both,2023-06-30,65
Sarawak,Simunjan,post_secondary,both,2024-06-30,57
Sarawak,Simunjan,post_secondary,both,2025-06-30,114
Sarawak,Simunjan,post_secondary,female,2018-01-01,71
Sarawak,Simunjan,post_secondary,female,2019-01-01,67
Sarawak,Simunjan,post_secondary,female,2020-01-01,31
Sarawak,Simunjan,post_secondary,female,2021-01-01,45
Sarawak,Simunjan,post_secondary,female,2022-01-01,32
Sarawak,Simunjan,post_secondary,female,2023-06-30,43
Sarawak,Simunjan,post_secondary,female,2024-06-30,37
Sarawak,Simunjan,post_secondary,female,2025-06-30,69
Sarawak,Simunjan,post_secondary,male,2018-01-01,60
Sarawak,Simunjan,post_secondary,male,2019-01-01,45
Sarawak,Simunjan,post_secondary,male,2020-01-01,17
Sarawak,Simunjan,post_secondary,male,2021-01-01,16
Sarawak,Simunjan,post_secondary,male,2022-01-01,14
Sarawak,Simunjan,post_secondary,male,2023-06-30,22
Sarawak,Simunjan,post_secondary,male,2024-06-30,20
Sarawak,Simunjan,post_secondary,male,2025-06-30,45
Sarawak,Song,primary,both,2017-01-01,1663
Sarawak,Song,primary,both,2018-01-01,1604
Sarawak,Song,primary,both,2019-01-01,1552
Sarawak,Song,primary,both,2020-01-01,1477
Sarawak,Song,primary,both,2021-01-01,1460
Sarawak,Song,primary,both,2022-01-01,1372
Sarawak,Song,primary,both,2023-06-30,1327
Sarawak,Song,primary,both,2024-06-30,1270
Sarawak,Song,primary,both,2025-06-30,1197
Sarawak,Song,primary,female,2017-01-01,775
Sarawak,Song,primary,female,2018-01-01,763
Sarawak,Song,primary,female,2019-01-01,726
Sarawak,Song,primary,female,2020-01-01,696
Sarawak,Song,primary,female,2021-01-01,696
Sarawak,Song,primary,female,2022-01-01,657
Sarawak,Song,primary,female,2023-06-30,658
Sarawak,Song,primary,female,2024-06-30,646
Sarawak,Song,primary,female,2025-06-30,617
Sarawak,Song,primary,male,2017-01-01,888
Sarawak,Song,primary,male,2018-01-01,841
Sarawak,Song,primary,male,2019-01-01,826
Sarawak,Song,primary,male,2020-01-01,781
Sarawak,Song,primary,male,2021-01-01,764
Sarawak,Song,primary,male,2022-01-01,715
Sarawak,Song,primary,male,2023-06-30,669
Sarawak,Song,primary,male,2024-06-30,624
Sarawak,Song,primary,male,2025-06-30,580
Sarawak,Song,secondary,both,2017-01-01,1293
Sarawak,Song,secondary,both,2018-01-01,1115
Sarawak,Song,secondary,both,2019-01-01,1109
Sarawak,Song,secondary,both,2020-01-01,1128
Sarawak,Song,secondary,both,2021-01-01,1163
Sarawak,Song,secondary,both,2022-01-01,1232
Sarawak,Song,secondary,both,2023-06-30,1201
Sarawak,Song,secondary,both,2024-06-30,1195
Sarawak,Song,secondary,both,2025-06-30,1124
Sarawak,Song,secondary,female,2017-01-01,663
Sarawak,Song,secondary,female,2018-01-01,543
Sarawak,Song,secondary,female,2019-01-01,553
Sarawak,Song,secondary,female,2020-01-01,565
Sarawak,Song,secondary,female,2021-01-01,572
Sarawak,Song,secondary,female,2022-01-01,615
Sarawak,Song,secondary,female,2023-06-30,601
Sarawak,Song,secondary,female,2024-06-30,587
Sarawak,Song,secondary,female,2025-06-30,556
Sarawak,Song,secondary,male,2017-01-01,630
Sarawak,Song,secondary,male,2018-01-01,572
Sarawak,Song,secondary,male,2019-01-01,556
Sarawak,Song,secondary,male,2020-01-01,563
Sarawak,Song,secondary,male,2021-01-01,591
Sarawak,Song,secondary,male,2022-01-01,617
Sarawak,Song,secondary,male,2023-06-30,600
Sarawak,Song,secondary,male,2024-06-30,608
Sarawak,Song,secondary,male,2025-06-30,568
Sarawak,Song,post_secondary,both,2018-01-01,99
Sarawak,Song,post_secondary,both,2019-01-01,98
Sarawak,Song,post_secondary,both,2020-01-01,49
Sarawak,Song,post_secondary,both,2021-01-01,43
Sarawak,Song,post_secondary,both,2022-01-01,57
Sarawak,Song,post_secondary,both,2023-06-30,57
Sarawak,Song,post_secondary,both,2024-06-30,66
Sarawak,Song,post_secondary,both,2025-06-30,161
Sarawak,Song,post_secondary,female,2018-01-01,64
Sarawak,Song,post_secondary,female,2019-01-01,64
Sarawak,Song,post_secondary,female,2020-01-01,36
Sarawak,Song,post_secondary,female,2021-01-01,27
Sarawak,Song,post_secondary,female,2022-01-01,37
Sarawak,Song,post_secondary,female,2023-06-30,36
Sarawak,Song,post_secondary,female,2024-06-30,38
Sarawak,Song,post_secondary,female,2025-06-30,109
Sarawak,Song,post_secondary,male,2018-01-01,35
Sarawak,Song,post_secondary,male,2019-01-01,34
Sarawak,Song,post_secondary,male,2020-01-01,13
Sarawak,Song,post_secondary,male,2021-01-01,16
Sarawak,Song,post_secondary,male,2022-01-01,20
Sarawak,Song,post_secondary,male,2023-06-30,21
Sarawak,Song,post_secondary,male,2024-06-30,28
Sarawak,Song,post_secondary,male,2025-06-30,52
Sarawak,Sri Aman,primary,both,2017-01-01,5220
Sarawak,Sri Aman,primary,both,2018-01-01,5260
Sarawak,Sri Aman,primary,both,2019-01-01,5255
Sarawak,Sri Aman,primary,both,2020-01-01,5177
Sarawak,Sri Aman,primary,both,2021-01-01,5066
Sarawak,Sri Aman,primary,both,2022-01-01,4906
Sarawak,Sri Aman,primary,both,2023-06-30,4707
Sarawak,Sri Aman,primary,both,2024-06-30,4474
Sarawak,Sri Aman,primary,both,2025-06-30,4389
Sarawak,Sri Aman,primary,female,2017-01-01,2512
Sarawak,Sri Aman,primary,female,2018-01-01,2528
Sarawak,Sri Aman,primary,female,2019-01-01,2530
Sarawak,Sri Aman,primary,female,2020-01-01,2509
Sarawak,Sri Aman,primary,female,2021-01-01,2497
Sarawak,Sri Aman,primary,female,2022-01-01,2349
Sarawak,Sri Aman,primary,female,2023-06-30,2239
Sarawak,Sri Aman,primary,female,2024-06-30,2110
Sarawak,Sri Aman,primary,female,2025-06-30,2065
Sarawak,Sri Aman,primary,male,2017-01-01,2708
Sarawak,Sri Aman,primary,male,2018-01-01,2732
Sarawak,Sri Aman,primary,male,2019-01-01,2725
Sarawak,Sri Aman,primary,male,2020-01-01,2668
Sarawak,Sri Aman,primary,male,2021-01-01,2569
Sarawak,Sri Aman,primary,male,2022-01-01,2557
Sarawak,Sri Aman,primary,male,2023-06-30,2468
Sarawak,Sri Aman,primary,male,2024-06-30,2364
Sarawak,Sri Aman,primary,male,2025-06-30,2324
Sarawak,Sri Aman,secondary,both,2017-01-01,4501
Sarawak,Sri Aman,secondary,both,2018-01-01,4019
Sarawak,Sri Aman,secondary,both,2019-01-01,3994
Sarawak,Sri Aman,secondary,both,2020-01-01,3929
Sarawak,Sri Aman,secondary,both,2021-01-01,3984
Sarawak,Sri Aman,secondary,both,2022-01-01,3930
Sarawak,Sri Aman,secondary,both,2023-06-30,3869
Sarawak,Sri Aman,secondary,both,2024-06-30,3819
Sarawak,Sri Aman,secondary,both,2025-06-30,3856
Sarawak,Sri Aman,secondary,female,2017-01-01,2386
Sarawak,Sri Aman,secondary,female,2018-01-01,2058
Sarawak,Sri Aman,secondary,female,2019-01-01,1986
Sarawak,Sri Aman,secondary,female,2020-01-01,1908
Sarawak,Sri Aman,secondary,female,2021-01-01,1925
Sarawak,Sri Aman,secondary,female,2022-01-01,1933
Sarawak,Sri Aman,secondary,female,2023-06-30,1919
Sarawak,Sri Aman,secondary,female,2024-06-30,1883
Sarawak,Sri Aman,secondary,female,2025-06-30,1912
Sarawak,Sri Aman,secondary,male,2017-01-01,2115
Sarawak,Sri Aman,secondary,male,2018-01-01,1961
Sarawak,Sri Aman,secondary,male,2019-01-01,2008
Sarawak,Sri Aman,secondary,male,2020-01-01,2021
Sarawak,Sri Aman,secondary,male,2021-01-01,2059
Sarawak,Sri Aman,secondary,male,2022-01-01,1997
Sarawak,Sri Aman,secondary,male,2023-06-30,1950
Sarawak,Sri Aman,secondary,male,2024-06-30,1936
Sarawak,Sri Aman,secondary,male,2025-06-30,1944
Sarawak,Sri Aman,post_secondary,both,2018-01-01,314
Sarawak,Sri Aman,post_secondary,both,2019-01-01,335
Sarawak,Sri Aman,post_secondary,both,2020-01-01,162
Sarawak,Sri Aman,post_secondary,both,2021-01-01,196
Sarawak,Sri Aman,post_secondary,both,2022-01-01,172
Sarawak,Sri Aman,post_secondary,both,2023-06-30,191
Sarawak,Sri Aman,post_secondary,both,2024-06-30,218
Sarawak,Sri Aman,post_secondary,both,2025-06-30,386
Sarawak,Sri Aman,post_secondary,female,2018-01-01,233
Sarawak,Sri Aman,post_secondary,female,2019-01-01,243
Sarawak,Sri Aman,post_secondary,female,2020-01-01,118
Sarawak,Sri Aman,post_secondary,female,2021-01-01,132
Sarawak,Sri Aman,post_secondary,female,2022-01-01,120
Sarawak,Sri Aman,post_secondary,female,2023-06-30,122
Sarawak,Sri Aman,post_secondary,female,2024-06-30,144
Sarawak,Sri Aman,post_secondary,female,2025-06-30,241
Sarawak,Sri Aman,post_secondary,male,2018-01-01,81
Sarawak,Sri Aman,post_secondary,male,2019-01-01,92
Sarawak,Sri Aman,post_secondary,male,2020-01-01,44
Sarawak,Sri Aman,post_secondary,male,2021-01-01,64
Sarawak,Sri Aman,post_secondary,male,2022-01-01,52
Sarawak,Sri Aman,post_secondary,male,2023-06-30,69
Sarawak,Sri Aman,post_secondary,male,2024-06-30,74
Sarawak,Sri Aman,post_secondary,male,2025-06-30,145
Sarawak,Subis,primary,both,2017-01-01,5186
Sarawak,Subis,primary,both,2018-01-01,2163
Sarawak,Subis,primary,both,2019-01-01,2167
Sarawak,Subis,primary,both,2020-01-01,2122
Sarawak,Subis,primary,both,2021-01-01,2114
Sarawak,Subis,primary,both,2022-01-01,2092
Sarawak,Subis,primary,both,2023-06-30,4776
Sarawak,Subis,primary,both,2024-06-30,4595
Sarawak,Subis,primary,both,2025-06-30,4361
Sarawak,Subis,primary,female,2017-01-01,2518
Sarawak,Subis,primary,female,2018-01-01,1018
Sarawak,Subis,primary,female,2019-01-01,1028
Sarawak,Subis,primary,female,2020-01-01,1016
Sarawak,Subis,primary,female,2021-01-01,1033
Sarawak,Subis,primary,female,2022-01-01,1020
Sarawak,Subis,primary,female,2023-06-30,2286
Sarawak,Subis,primary,female,2024-06-30,2188
Sarawak,Subis,primary,female,2025-06-30,2100
Sarawak,Subis,primary,male,2017-01-01,2668
Sarawak,Subis,primary,male,2018-01-01,1145
Sarawak,Subis,primary,male,2019-01-01,1139
Sarawak,Subis,primary,male,2020-01-01,1106
Sarawak,Subis,primary,male,2021-01-01,1081
Sarawak,Subis,primary,male,2022-01-01,1072
Sarawak,Subis,primary,male,2023-06-30,2490
Sarawak,Subis,primary,male,2024-06-30,2407
Sarawak,Subis,primary,male,2025-06-30,2261
Sarawak,Subis,secondary,both,2017-01-01,4311
Sarawak,Subis,secondary,both,2018-01-01,1484
Sarawak,Subis,secondary,both,2019-01-01,1526
Sarawak,Subis,secondary,both,2020-01-01,1524
Sarawak,Subis,secondary,both,2021-01-01,1512
Sarawak,Subis,secondary,both,2022-01-01,1526
Sarawak,Subis,secondary,both,2023-06-30,4203
Sarawak,Subis,secondary,both,2024-06-30,4149
Sarawak,Subis,secondary,both,2025-06-30,4070
Sarawak,Subis,secondary,female,2017-01-01,2199
Sarawak,Subis,secondary,female,2018-01-01,724
Sarawak,Subis,secondary,female,2019-01-01,751
Sarawak,Subis,secondary,female,2020-01-01,732
Sarawak,Subis,secondary,female,2021-01-01,716
Sarawak,Subis,secondary,female,2022-01-01,705
Sarawak,Subis,secondary,female,2023-06-30,2041
Sarawak,Subis,secondary,female,2024-06-30,2021
Sarawak,Subis,secondary,female,2025-06-30,1993
Sarawak,Subis,secondary,male,2017-01-01,2112
Sarawak,Subis,secondary,male,2018-01-01,760
Sarawak,Subis,secondary,male,2019-01-01,775
Sarawak,Subis,secondary,male,2020-01-01,792
Sarawak,Subis,secondary,male,2021-01-01,796
Sarawak,Subis,secondary,male,2022-01-01,821
Sarawak,Subis,secondary,male,2023-06-30,2162
Sarawak,Subis,secondary,male,2024-06-30,2128
Sarawak,Subis,secondary,male,2025-06-30,2077
Sarawak,Subis,post_secondary,both,2018-01-01,108
Sarawak,Subis,post_secondary,both,2019-01-01,73
Sarawak,Subis,post_secondary,both,2020-01-01,28
Sarawak,Subis,post_secondary,both,2021-01-01,67
Sarawak,Subis,post_secondary,both,2022-01-01,47
Sarawak,Subis,post_secondary,both,2023-06-30,142
Sarawak,Subis,post_secondary,both,2024-06-30,128
Sarawak,Subis,post_secondary,both,2025-06-30,257
Sarawak,Subis,post_secondary,female,2018-01-01,81
Sarawak,Subis,post_secondary,female,2019-01-01,53
Sarawak,Subis,post_secondary,female,2020-01-01,18
Sarawak,Subis,post_secondary,female,2021-01-01,41
Sarawak,Subis,post_secondary,female,2022-01-01,37
Sarawak,Subis,post_secondary,female,2023-06-30,98
Sarawak,Subis,post_secondary,female,2024-06-30,87
Sarawak,Subis,post_secondary,female,2025-06-30,188
Sarawak,Subis,post_secondary,male,2018-01-01,27
Sarawak,Subis,post_secondary,male,2019-01-01,20
Sarawak,Subis,post_secondary,male,2020-01-01,10
Sarawak,Subis,post_secondary,male,2021-01-01,26
Sarawak,Subis,post_secondary,male,2022-01-01,10
Sarawak,Subis,post_secondary,male,2023-06-30,44
Sarawak,Subis,post_secondary,male,2024-06-30,41
Sarawak,Subis,post_secondary,male,2025-06-30,69
Sarawak,Tatau,primary,both,2017-01-01,3953
Sarawak,Tatau,primary,both,2018-01-01,2289
Sarawak,Tatau,primary,both,2019-01-01,2237
Sarawak,Tatau,primary,both,2020-01-01,2269
Sarawak,Tatau,primary,both,2021-01-01,2276
Sarawak,Tatau,primary,both,2022-01-01,2205
Sarawak,Tatau,primary,female,2017-01-01,1922
Sarawak,Tatau,primary,female,2018-01-01,1128
Sarawak,Tatau,primary,female,2019-01-01,1090
Sarawak,Tatau,primary,female,2020-01-01,1103
Sarawak,Tatau,primary,female,2021-01-01,1093
Sarawak,Tatau,primary,female,2022-01-01,1047
Sarawak,Tatau,primary,male,2017-01-01,2031
Sarawak,Tatau,primary,male,2018-01-01,1161
Sarawak,Tatau,primary,male,2019-01-01,1147
Sarawak,Tatau,primary,male,2020-01-01,1166
Sarawak,Tatau,primary,male,2021-01-01,1183
Sarawak,Tatau,primary,male,2022-01-01,1158
Sarawak,Tatau,secondary,both,2017-01-01,2634
Sarawak,Tatau,secondary,both,2018-01-01,1700
Sarawak,Tatau,secondary,both,2019-01-01,1681
Sarawak,Tatau,secondary,both,2020-01-01,1663
Sarawak,Tatau,secondary,both,2021-01-01,1671
Sarawak,Tatau,secondary,both,2022-01-01,1652
Sarawak,Tatau,secondary,female,2017-01-01,1323
Sarawak,Tatau,secondary,female,2018-01-01,845
Sarawak,Tatau,secondary,female,2019-01-01,834
Sarawak,Tatau,secondary,female,2020-01-01,820
Sarawak,Tatau,secondary,female,2021-01-01,846
Sarawak,Tatau,secondary,female,2022-01-01,826
Sarawak,Tatau,secondary,male,2017-01-01,1311
Sarawak,Tatau,secondary,male,2018-01-01,855
Sarawak,Tatau,secondary,male,2019-01-01,847
Sarawak,Tatau,secondary,male,2020-01-01,843
Sarawak,Tatau,secondary,male,2021-01-01,825
Sarawak,Tatau,secondary,male,2022-01-01,826
Sarawak,Tatau,post_secondary,both,2018-01-01,96
Sarawak,Tatau,post_secondary,both,2019-01-01,109
Sarawak,Tatau,post_secondary,both,2020-01-01,52
Sarawak,Tatau,post_secondary,both,2021-01-01,46
Sarawak,Tatau,post_secondary,both,2022-01-01,48
Sarawak,Tatau,post_secondary,female,2018-01-01,60
Sarawak,Tatau,post_secondary,female,2019-01-01,70
Sarawak,Tatau,post_secondary,female,2020-01-01,37
Sarawak,Tatau,post_secondary,female,2021-01-01,35
Sarawak,Tatau,post_secondary,female,2022-01-01,27
Sarawak,Tatau,post_secondary,male,2018-01-01,36
Sarawak,Tatau,post_secondary,male,2019-01-01,39
Sarawak,Tatau,post_secondary,male,2020-01-01,15
Sarawak,Tatau,post_secondary,male,2021-01-01,11
Sarawak,Tatau,post_secondary,male,2022-01-01,21
Sarawak,Baram,primary,both,2023-06-30,4535
Sarawak,Baram,primary,both,2024-06-30,4252
Sarawak,Baram,primary,both,2025-06-30,3972
Sarawak,Baram,primary,female,2023-06-30,2244
Sarawak,Baram,primary,female,2024-06-30,2095
Sarawak,Baram,primary,female,2025-06-30,1955
Sarawak,Baram,primary,male,2023-06-30,2291
Sarawak,Baram,primary,male,2024-06-30,2157
Sarawak,Baram,primary,male,2025-06-30,2017
Sarawak,Baram,secondary,both,2023-06-30,3616
Sarawak,Baram,secondary,both,2024-06-30,3526
Sarawak,Baram,secondary,both,2025-06-30,3529
Sarawak,Baram,secondary,female,2023-06-30,1827
Sarawak,Baram,secondary,female,2024-06-30,1774
Sarawak,Baram,secondary,female,2025-06-30,1765
Sarawak,Baram,secondary,male,2023-06-30,1789
Sarawak,Baram,secondary,male,2024-06-30,1752
Sarawak,Baram,secondary,male,2025-06-30,1764
Sarawak,Baram,post_secondary,both,2023-06-30,128
Sarawak,Baram,post_secondary,both,2024-06-30,165
Sarawak,Baram,post_secondary,both,2025-06-30,305
Sarawak,Baram,post_secondary,female,2023-06-30,91
Sarawak,Baram,post_secondary,female,2024-06-30,98
Sarawak,Baram,post_secondary,female,2025-06-30,203
Sarawak,Baram,post_secondary,male,2023-06-30,37
Sarawak,Baram,post_secondary,male,2024-06-30,67
Sarawak,Baram,post_secondary,male,2025-06-30,102
Sarawak,Meradong,primary,both,2023-06-30,2483
Sarawak,Meradong,primary,both,2024-06-30,2343
Sarawak,Meradong,primary,both,2025-06-30,2276
Sarawak,Meradong,primary,female,2023-06-30,1191
Sarawak,Meradong,primary,female,2024-06-30,1117
Sarawak,Meradong,primary,female,2025-06-30,1084
Sarawak,Meradong,primary,male,2023-06-30,1292
Sarawak,Meradong,primary,male,2024-06-30,1226
Sarawak,Meradong,primary,male,2025-06-30,1192
Sarawak,Meradong,secondary,both,2023-06-30,2631
Sarawak,Meradong,secondary,both,2024-06-30,2603
Sarawak,Meradong,secondary,both,2025-06-30,2587
Sarawak,Meradong,secondary,female,2023-06-30,1306
Sarawak,Meradong,secondary,female,2024-06-30,1304
Sarawak,Meradong,secondary,female,2025-06-30,1291
Sarawak,Meradong,secondary,male,2023-06-30,1325
Sarawak,Meradong,secondary,male,2024-06-30,1299
Sarawak,Meradong,secondary,male,2025-06-30,1296
Sarawak,Meradong,post_secondary,both,2023-06-30,247
Sarawak,Meradong,post_secondary,both,2024-06-30,216
Sarawak,Meradong,post_secondary,both,2025-06-30,465
Sarawak,Meradong,post_secondary,female,2023-06-30,165
Sarawak,Meradong,post_secondary,female,2024-06-30,134
Sarawak,Meradong,post_secondary,female,2025-06-30,298
Sarawak,Meradong,post_secondary,male,2023-06-30,82
Sarawak,Meradong,post_secondary,male,2024-06-30,82
Sarawak,Meradong,post_secondary,male,2025-06-30,167
Sarawak,Padawan,primary,both,2023-06-30,19916
Sarawak,Padawan,primary,both,2024-06-30,19417
Sarawak,Padawan,primary,both,2025-06-30,18960
Sarawak,Padawan,primary,female,2023-06-30,9557
Sarawak,Padawan,primary,female,2024-06-30,9332
Sarawak,Padawan,primary,female,2025-06-30,9154
Sarawak,Padawan,primary,male,2023-06-30,10359
Sarawak,Padawan,primary,male,2024-06-30,10085
Sarawak,Padawan,primary,male,2025-06-30,9806
Sarawak,Padawan,secondary,both,2023-06-30,14185
Sarawak,Padawan,secondary,both,2024-06-30,14643
Sarawak,Padawan,secondary,both,2025-06-30,14718
Sarawak,Padawan,secondary,female,2023-06-30,6935
Sarawak,Padawan,secondary,female,2024-06-30,7141
Sarawak,Padawan,secondary,female,2025-06-30,7179
Sarawak,Padawan,secondary,male,2023-06-30,7250
Sarawak,Padawan,secondary,male,2024-06-30,7502
Sarawak,Padawan,secondary,male,2025-06-30,7539
Sarawak,Padawan,post_secondary,both,2023-06-30,729
Sarawak,Padawan,post_secondary,both,2024-06-30,605
Sarawak,Padawan,post_secondary,both,2025-06-30,916
Sarawak,Padawan,post_secondary,female,2023-06-30,342
Sarawak,Padawan,post_secondary,female,2024-06-30,294
Sarawak,Padawan,post_secondary,female,2025-06-30,506
Sarawak,Padawan,post_secondary,male,2023-06-30,387
Sarawak,Padawan,post_secondary,male,2024-06-30,311
Sarawak,Padawan,post_secondary,male,2025-06-30,410
Sarawak,Tatau/Sebauh,primary,both,2023-06-30,3614
Sarawak,Tatau/Sebauh,primary,both,2024-06-30,3419
Sarawak,Tatau/Sebauh,primary,both,2025-06-30,3301
Sarawak,Tatau/Sebauh,primary,female,2023-06-30,1702
Sarawak,Tatau/Sebauh,primary,female,2024-06-30,1599
Sarawak,Tatau/Sebauh,primary,female,2025-06-30,1546
Sarawak,Tatau/Sebauh,primary,male,2023-06-30,1912
Sarawak,Tatau/Sebauh,primary,male,2024-06-30,1820
Sarawak,Tatau/Sebauh,primary,male,2025-06-30,1755
Sarawak,Tatau/Sebauh,secondary,both,2023-06-30,2477
Sarawak,Tatau/Sebauh,secondary,both,2024-06-30,2457
Sarawak,Tatau/Sebauh,secondary,both,2025-06-30,2419
Sarawak,Tatau/Sebauh,secondary,female,2023-06-30,1217
Sarawak,Tatau/Sebauh,secondary,female,2024-06-30,1221
Sarawak,Tatau/Sebauh,secondary,female,2025-06-30,1175
Sarawak,Tatau/Sebauh,secondary,male,2023-06-30,1260
Sarawak,Tatau/Sebauh,secondary,male,2024-06-30,1236
Sarawak,Tatau/Sebauh,secondary,male,2025-06-30,1244
Sarawak,Tatau/Sebauh,post_secondary,both,2023-06-30,52
Sarawak,Tatau/Sebauh,post_secondary,both,2024-06-30,47
Sarawak,Tatau/Sebauh,post_secondary,both,2025-06-30,93
Sarawak,Tatau/Sebauh,post_secondary,female,2023-06-30,35
Sarawak,Tatau/Sebauh,post_secondary,female,2024-06-30,30
Sarawak,Tatau/Sebauh,post_secondary,female,2025-06-30,63
Sarawak,Tatau/Sebauh,post_secondary,male,2023-06-30,17
Sarawak,Tatau/Sebauh,post_secondary,male,2024-06-30,17
Sarawak,Tatau/Sebauh,post_secondary,male,2025-06-30,30
Selangor,All Districts,primary,both,2017-01-01,512717
Selangor,All Districts,primary,both,2018-01-01,518388
Selangor,All Districts,primary,both,2019-01-01,529031
Selangor,All Districts,primary,both,2020-01-01,535486
Selangor,All Districts,primary,both,2021-01-01,545086
Selangor,All Districts,primary,both,2022-01-01,548622
Selangor,All Districts,primary,both,2023-06-30,553986
Selangor,All Districts,primary,both,2024-06-30,556460
Selangor,All Districts,primary,both,2025-06-30,554108
Selangor,All Districts,primary,female,2017-01-01,249686
Selangor,All Districts,primary,female,2018-01-01,252710
Selangor,All Districts,primary,female,2019-01-01,257737
Selangor,All Districts,primary,female,2020-01-01,261057
Selangor,All Districts,primary,female,2021-01-01,265662
Selangor,All Districts,primary,female,2022-01-01,267361
Selangor,All Districts,primary,female,2023-06-30,269711
Selangor,All Districts,primary,female,2024-06-30,270627
Selangor,All Districts,primary,female,2025-06-30,269368
Selangor,All Districts,primary,male,2017-01-01,263031
Selangor,All Districts,primary,male,2018-01-01,265678
Selangor,All Districts,primary,male,2019-01-01,271294
Selangor,All Districts,primary,male,2020-01-01,274429
Selangor,All Districts,primary,male,2021-01-01,279424
Selangor,All Districts,primary,male,2022-01-01,281261
Selangor,All Districts,primary,male,2023-06-30,284275
Selangor,All Districts,primary,male,2024-06-30,285833
Selangor,All Districts,primary,male,2025-06-30,284740
Selangor,All Districts,secondary,both,2017-01-01,375957
Selangor,All Districts,secondary,both,2018-01-01,353931
Selangor,All Districts,secondary,both,2019-01-01,354162
Selangor,All Districts,secondary,both,2020-01-01,356024
Selangor,All Districts,secondary,both,2021-01-01,363704
Selangor,All Districts,secondary,both,2022-01-01,367664
Selangor,All Districts,secondary,both,2023-06-30,369762
Selangor,All Districts,secondary,both,2024-06-30,377526
Selangor,All Districts,secondary,both,2025-06-30,386192
Selangor,All Districts,secondary,female,2017-01-01,191520
Selangor,All Districts,secondary,female,2018-01-01,178665
Selangor,All Districts,secondary,female,2019-01-01,178031
Selangor,All Districts,secondary,female,2020-01-01,178581
Selangor,All Districts,secondary,female,2021-01-01,181289
Selangor,All Districts,secondary,female,2022-01-01,182542
Selangor,All Districts,secondary,female,2023-06-30,183982
Selangor,All Districts,secondary,female,2024-06-30,187670
Selangor,All Districts,secondary,female,2025-06-30,191521
Selangor,All Districts,secondary,male,2017-01-01,184437
Selangor,All Districts,secondary,male,2018-01-01,175266
Selangor,All Districts,secondary,male,2019-01-01,176131
Selangor,All Districts,secondary,male,2020-01-01,177443
Selangor,All Districts,secondary,male,2021-01-01,182415
Selangor,All Districts,secondary,male,2022-01-01,185122
Selangor,All Districts,secondary,male,2023-06-30,185780
Selangor,All Districts,secondary,male,2024-06-30,189856
Selangor,All Districts,secondary,male,2025-06-30,194671
Selangor,All Districts,post_secondary,both,2018-01-01,14221
Selangor,All Districts,post_secondary,both,2019-01-01,13694
Selangor,All Districts,post_secondary,both,2020-01-01,7518
Selangor,All Districts,post_secondary,both,2021-01-01,7301
Selangor,All Districts,post_secondary,both,2022-01-01,7479
Selangor,All Districts,post_secondary,both,2023-06-30,7388
Selangor,All Districts,post_secondary,both,2024-06-30,7385
Selangor,All Districts,post_secondary,both,2025-06-30,13068
Selangor,All Districts,post_secondary,female,2018-01-01,8759
Selangor,All Districts,post_secondary,female,2019-01-01,8362
Selangor,All Districts,post_secondary,female,2020-01-01,4301
Selangor,All Districts,post_secondary,female,2021-01-01,4274
Selangor,All Districts,post_secondary,female,2022-01-01,4308
Selangor,All Districts,post_secondary,female,2023-06-30,4045
Selangor,All Districts,post_secondary,female,2024-06-30,4116
Selangor,All Districts,post_secondary,female,2025-06-30,7831
Selangor,All Districts,post_secondary,male,2018-01-01,5462
Selangor,All Districts,post_secondary,male,2019-01-01,5332
Selangor,All Districts,post_secondary,male,2020-01-01,3217
Selangor,All Districts,post_secondary,male,2021-01-01,3027
Selangor,All Districts,post_secondary,male,2022-01-01,3171
Selangor,All Districts,post_secondary,male,2023-06-30,3343
Selangor,All Districts,post_secondary,male,2024-06-30,3269
Selangor,All Districts,post_secondary,male,2025-06-30,5237
Selangor,Gombak,primary,both,2017-01-01,68742
Selangor,Gombak,primary,both,2018-01-01,68924
Selangor,Gombak,primary,both,2019-01-01,69589
Selangor,Gombak,primary,both,2020-01-01,70323
Selangor,Gombak,primary,both,2021-01-01,71683
Selangor,Gombak,primary,both,2022-01-01,72284
Selangor,Gombak,primary,both,2023-06-30,72645
Selangor,Gombak,primary,both,2024-06-30,73068
Selangor,Gombak,primary,both,2025-06-30,73308
Selangor,Gombak,primary,female,2017-01-01,33400
Selangor,Gombak,primary,female,2018-01-01,33545
Selangor,Gombak,primary,female,2019-01-01,33802
Selangor,Gombak,primary,female,2020-01-01,34214
Selangor,Gombak,primary,female,2021-01-01,34796
Selangor,Gombak,primary,female,2022-01-01,35004
Selangor,Gombak,primary,female,2023-06-30,35201
Selangor,Gombak,primary,female,2024-06-30,35413
Selangor,Gombak,primary,female,2025-06-30,35587
Selangor,Gombak,primary,male,2017-01-01,35342
Selangor,Gombak,primary,male,2018-01-01,35379
Selangor,Gombak,primary,male,2019-01-01,35787
Selangor,Gombak,primary,male,2020-01-01,36109
Selangor,Gombak,primary,male,2021-01-01,36887
Selangor,Gombak,primary,male,2022-01-01,37280
Selangor,Gombak,primary,male,2023-06-30,37444
Selangor,Gombak,primary,male,2024-06-30,37655
Selangor,Gombak,primary,male,2025-06-30,37721
Selangor,Gombak,secondary,both,2017-01-01,52998
Selangor,Gombak,secondary,both,2018-01-01,49271
Selangor,Gombak,secondary,both,2019-01-01,48888
Selangor,Gombak,secondary,both,2020-01-01,48879
Selangor,Gombak,secondary,both,2021-01-01,49909
Selangor,Gombak,secondary,both,2022-01-01,50362
Selangor,Gombak,secondary,both,2023-06-30,50554
Selangor,Gombak,secondary,both,2024-06-30,51878
Selangor,Gombak,secondary,both,2025-06-30,53009
Selangor,Gombak,secondary,female,2017-01-01,26252
Selangor,Gombak,secondary,female,2018-01-01,24245
Selangor,Gombak,secondary,female,2019-01-01,23953
Selangor,Gombak,secondary,female,2020-01-01,23929
Selangor,Gombak,secondary,female,2021-01-01,24418
Selangor,Gombak,secondary,female,2022-01-01,24657
Selangor,Gombak,secondary,female,2023-06-30,24851
Selangor,Gombak,secondary,female,2024-06-30,25427
Selangor,Gombak,secondary,female,2025-06-30,25931
Selangor,Gombak,secondary,male,2017-01-01,26746
Selangor,Gombak,secondary,male,2018-01-01,25026
Selangor,Gombak,secondary,male,2019-01-01,24935
Selangor,Gombak,secondary,male,2020-01-01,24950
Selangor,Gombak,secondary,male,2021-01-01,25491
Selangor,Gombak,secondary,male,2022-01-01,25705
Selangor,Gombak,secondary,male,2023-06-30,25703
Selangor,Gombak,secondary,male,2024-06-30,26451
Selangor,Gombak,secondary,male,2025-06-30,27078
Selangor,Gombak,post_secondary,both,2018-01-01,2388
Selangor,Gombak,post_secondary,both,2019-01-01,2193
Selangor,Gombak,post_secondary,both,2020-01-01,1359
Selangor,Gombak,post_secondary,both,2021-01-01,1269
Selangor,Gombak,post_secondary,both,2022-01-01,1225
Selangor,Gombak,post_secondary,both,2023-06-30,1294
Selangor,Gombak,post_secondary,both,2024-06-30,1220
Selangor,Gombak,post_secondary,both,2025-06-30,2031
Selangor,Gombak,post_secondary,female,2018-01-01,1377
Selangor,Gombak,post_secondary,female,2019-01-01,1292
Selangor,Gombak,post_secondary,female,2020-01-01,725
Selangor,Gombak,post_secondary,female,2021-01-01,666
Selangor,Gombak,post_secondary,female,2022-01-01,664
Selangor,Gombak,post_secondary,female,2023-06-30,640
Selangor,Gombak,post_secondary,female,2024-06-30,598
Selangor,Gombak,post_secondary,female,2025-06-30,1122
Selangor,Gombak,post_secondary,male,2018-01-01,1011
Selangor,Gombak,post_secondary,male,2019-01-01,901
Selangor,Gombak,post_secondary,male,2020-01-01,634
Selangor,Gombak,post_secondary,male,2021-01-01,603
Selangor,Gombak,post_secondary,male,2022-01-01,561
Selangor,Gombak,post_secondary,male,2023-06-30,654
Selangor,Gombak,post_secondary,male,2024-06-30,622
Selangor,Gombak,post_secondary,male,2025-06-30,909
Selangor,Klang,primary,both,2017-01-01,89628
Selangor,Klang,primary,both,2018-01-01,90510
Selangor,Klang,primary,both,2019-01-01,92434
Selangor,Klang,primary,both,2020-01-01,93009
Selangor,Klang,primary,both,2021-01-01,94074
Selangor,Klang,primary,both,2022-01-01,94149
Selangor,Klang,primary,both,2023-06-30,94626
Selangor,Klang,primary,both,2024-06-30,94163
Selangor,Klang,primary,both,2025-06-30,92435
Selangor,Klang,primary,female,2017-01-01,43540
Selangor,Klang,primary,female,2018-01-01,43964
Selangor,Klang,primary,female,2019-01-01,45062
Selangor,Klang,primary,female,2020-01-01,45362
Selangor,Klang,primary,female,2021-01-01,46036
Selangor,Klang,primary,female,2022-01-01,46100
Selangor,Klang,primary,female,2023-06-30,46363
Selangor,Klang,primary,female,2024-06-30,46142
Selangor,Klang,primary,female,2025-06-30,45252
Selangor,Klang,primary,male,2017-01-01,46088
Selangor,Klang,primary,male,2018-01-01,46546
Selangor,Klang,primary,male,2019-01-01,47372
Selangor,Klang,primary,male,2020-01-01,47647
Selangor,Klang,primary,male,2021-01-01,48038
Selangor,Klang,primary,male,2022-01-01,48049
Selangor,Klang,primary,male,2023-06-30,48263
Selangor,Klang,primary,male,2024-06-30,48021
Selangor,Klang,primary,male,2025-06-30,47183
Selangor,Klang,secondary,both,2017-01-01,63973
Selangor,Klang,secondary,both,2018-01-01,60208
Selangor,Klang,secondary,both,2019-01-01,59900
Selangor,Klang,secondary,both,2020-01-01,60293
Selangor,Klang,secondary,both,2021-01-01,61449
Selangor,Klang,secondary,both,2022-01-01,61658
Selangor,Klang,secondary,both,2023-06-30,61504
Selangor,Klang,secondary,both,2024-06-30,62586
Selangor,Klang,secondary,both,2025-06-30,63539
Selangor,Klang,secondary,female,2017-01-01,32523
Selangor,Klang,secondary,female,2018-01-01,30408
Selangor,Klang,secondary,female,2019-01-01,30097
Selangor,Klang,secondary,female,2020-01-01,30225
Selangor,Klang,secondary,female,2021-01-01,30444
Selangor,Klang,secondary,female,2022-01-01,30312
Selangor,Klang,secondary,female,2023-06-30,30302
Selangor,Klang,secondary,female,2024-06-30,30839
Selangor,Klang,secondary,female,2025-06-30,31345
Selangor,Klang,secondary,male,2017-01-01,31450
Selangor,Klang,secondary,male,2018-01-01,29800
Selangor,Klang,secondary,male,2019-01-01,29803
Selangor,Klang,secondary,male,2020-01-01,30068
Selangor,Klang,secondary,male,2021-01-01,31005
Selangor,Klang,secondary,male,2022-01-01,31346
Selangor,Klang,secondary,male,2023-06-30,31202
Selangor,Klang,secondary,male,2024-06-30,31747
Selangor,Klang,secondary,male,2025-06-30,32194
Selangor,Klang,post_secondary,both,2018-01-01,2410
Selangor,Klang,post_secondary,both,2019-01-01,2375
Selangor,Klang,post_secondary,both,2020-01-01,1254
Selangor,Klang,post_secondary,both,2021-01-01,1108
Selangor,Klang,post_secondary,both,2022-01-01,1300
Selangor,Klang,post_secondary,both,2023-06-30,1215
Selangor,Klang,post_secondary,both,2024-06-30,1182
Selangor,Klang,post_secondary,both,2025-06-30,2338
Selangor,Klang,post_secondary,female,2018-01-01,1400
Selangor,Klang,post_secondary,female,2019-01-01,1364
Selangor,Klang,post_secondary,female,2020-01-01,651
Selangor,Klang,post_secondary,female,2021-01-01,623
Selangor,Klang,post_secondary,female,2022-01-01,723
Selangor,Klang,post_secondary,female,2023-06-30,606
Selangor,Klang,post_secondary,female,2024-06-30,610
Selangor,Klang,post_secondary,female,2025-06-30,1327
Selangor,Klang,post_secondary,male,2018-01-01,1010
Selangor,Klang,post_secondary,male,2019-01-01,1011
Selangor,Klang,post_secondary,male,2020-01-01,603
Selangor,Klang,post_secondary,male,2021-01-01,485
Selangor,Klang,post_secondary,male,2022-01-01,577
Selangor,Klang,post_secondary,male,2023-06-30,609
Selangor,Klang,post_secondary,male,2024-06-30,572
Selangor,Klang,post_secondary,male,2025-06-30,1011
Selangor,Kuala Langat,primary,both,2017-01-01,26387
Selangor,Kuala Langat,primary,both,2018-01-01,26834
Selangor,Kuala Langat,primary,both,2019-01-01,27590
Selangor,Kuala Langat,primary,both,2020-01-01,28285
Selangor,Kuala Langat,primary,both,2021-01-01,29134
Selangor,Kuala Langat,primary,both,2022-01-01,29980
Selangor,Kuala Langat,primary,both,2023-06-30,30815
Selangor,Kuala Langat,primary,both,2024-06-30,34061
Selangor,Kuala Langat,primary,both,2025-06-30,34899
Selangor,Kuala Langat,primary,female,2017-01-01,12868
Selangor,Kuala Langat,primary,female,2018-01-01,13192
Selangor,Kuala Langat,primary,female,2019-01-01,13519
Selangor,Kuala Langat,primary,female,2020-01-01,13863
Selangor,Kuala Langat,primary,female,2021-01-01,14256
Selangor,Kuala Langat,primary,female,2022-01-01,14677
Selangor,Kuala Langat,primary,female,2023-06-30,14901
Selangor,Kuala Langat,primary,female,2024-06-30,16400
Selangor,Kuala Langat,primary,female,2025-06-30,16777
Selangor,Kuala Langat,primary,male,2017-01-01,13519
Selangor,Kuala Langat,primary,male,2018-01-01,13642
Selangor,Kuala Langat,primary,male,2019-01-01,14071
Selangor,Kuala Langat,primary,male,2020-01-01,14422
Selangor,Kuala Langat,primary,male,2021-01-01,14878
Selangor,Kuala Langat,primary,male,2022-01-01,15303
Selangor,Kuala Langat,primary,male,2023-06-30,15914
Selangor,Kuala Langat,primary,male,2024-06-30,17661
Selangor,Kuala Langat,primary,male,2025-06-30,18122
Selangor,Kuala Langat,secondary,both,2017-01-01,20897
Selangor,Kuala Langat,secondary,both,2018-01-01,19454
Selangor,Kuala Langat,secondary,both,2019-01-01,19630
Selangor,Kuala Langat,secondary,both,2020-01-01,19693
Selangor,Kuala Langat,secondary,both,2021-01-01,20310
Selangor,Kuala Langat,secondary,both,2022-01-01,21756
Selangor,Kuala Langat,secondary,both,2023-06-30,22633
Selangor,Kuala Langat,secondary,both,2024-06-30,23810
Selangor,Kuala Langat,secondary,both,2025-06-30,24731
Selangor,Kuala Langat,secondary,female,2017-01-01,10755
Selangor,Kuala Langat,secondary,female,2018-01-01,9859
Selangor,Kuala Langat,secondary,female,2019-01-01,9982
Selangor,Kuala Langat,secondary,female,2020-01-01,9980
Selangor,Kuala Langat,secondary,female,2021-01-01,10245
Selangor,Kuala Langat,secondary,female,2022-01-01,10821
Selangor,Kuala Langat,secondary,female,2023-06-30,11305
Selangor,Kuala Langat,secondary,female,2024-06-30,11930
Selangor,Kuala Langat,secondary,female,2025-06-30,12413
Selangor,Kuala Langat,secondary,male,2017-01-01,10142
Selangor,Kuala Langat,secondary,male,2018-01-01,9595
Selangor,Kuala Langat,secondary,male,2019-01-01,9648
Selangor,Kuala Langat,secondary,male,2020-01-01,9713
Selangor,Kuala Langat,secondary,male,2021-01-01,10065
Selangor,Kuala Langat,secondary,male,2022-01-01,10935
Selangor,Kuala Langat,secondary,male,2023-06-30,11328
Selangor,Kuala Langat,secondary,male,2024-06-30,11880
Selangor,Kuala Langat,secondary,male,2025-06-30,12318
Selangor,Kuala Langat,post_secondary,both,2018-01-01,1177
Selangor,Kuala Langat,post_secondary,both,2019-01-01,1113
Selangor,Kuala Langat,post_secondary,both,2020-01-01,697
Selangor,Kuala Langat,post_secondary,both,2021-01-01,600
Selangor,Kuala Langat,post_secondary,both,2022-01-01,650
Selangor,Kuala Langat,post_secondary,both,2023-06-30,687
Selangor,Kuala Langat,post_secondary,both,2024-06-30,651
Selangor,Kuala Langat,post_secondary,both,2025-06-30,1010
Selangor,Kuala Langat,post_secondary,female,2018-01-01,761
Selangor,Kuala Langat,post_secondary,female,2019-01-01,735
Selangor,Kuala Langat,post_secondary,female,2020-01-01,442
Selangor,Kuala Langat,post_secondary,female,2021-01-01,396
Selangor,Kuala Langat,post_secondary,female,2022-01-01,448
Selangor,Kuala Langat,post_secondary,female,2023-06-30,418
Selangor,Kuala Langat,post_secondary,female,2024-06-30,411
Selangor,Kuala Langat,post_secondary,female,2025-06-30,674
Selangor,Kuala Langat,post_secondary,male,2018-01-01,416
Selangor,Kuala Langat,post_secondary,male,2019-01-01,378
Selangor,Kuala Langat,post_secondary,male,2020-01-01,255
Selangor,Kuala Langat,post_secondary,male,2021-01-01,204
Selangor,Kuala Langat,post_secondary,male,2022-01-01,202
Selangor,Kuala Langat,post_secondary,male,2023-06-30,269
Selangor,Kuala Langat,post_secondary,male,2024-06-30,240
Selangor,Kuala Langat,post_secondary,male,2025-06-30,336
Selangor,Kuala Selangor,primary,both,2017-01-01,27743
Selangor,Kuala Selangor,primary,both,2018-01-01,27859
Selangor,Kuala Selangor,primary,both,2019-01-01,28385
Selangor,Kuala Selangor,primary,both,2020-01-01,28760
Selangor,Kuala Selangor,primary,both,2021-01-01,29790
Selangor,Kuala Selangor,primary,both,2022-01-01,30639
Selangor,Kuala Selangor,primary,both,2023-06-30,31584
Selangor,Kuala Selangor,primary,both,2024-06-30,32379
Selangor,Kuala Selangor,primary,both,2025-06-30,32763
Selangor,Kuala Selangor,primary,female,2017-01-01,13375
Selangor,Kuala Selangor,primary,female,2018-01-01,13436
Selangor,Kuala Selangor,primary,female,2019-01-01,13635
Selangor,Kuala Selangor,primary,female,2020-01-01,13860
Selangor,Kuala Selangor,primary,female,2021-01-01,14390
Selangor,Kuala Selangor,primary,female,2022-01-01,14826
Selangor,Kuala Selangor,primary,female,2023-06-30,15282
Selangor,Kuala Selangor,primary,female,2024-06-30,15646
Selangor,Kuala Selangor,primary,female,2025-06-30,15860
Selangor,Kuala Selangor,primary,male,2017-01-01,14368
Selangor,Kuala Selangor,primary,male,2018-01-01,14423
Selangor,Kuala Selangor,primary,male,2019-01-01,14750
Selangor,Kuala Selangor,primary,male,2020-01-01,14900
Selangor,Kuala Selangor,primary,male,2021-01-01,15400
Selangor,Kuala Selangor,primary,male,2022-01-01,15813
Selangor,Kuala Selangor,primary,male,2023-06-30,16302
Selangor,Kuala Selangor,primary,male,2024-06-30,16733
Selangor,Kuala Selangor,primary,male,2025-06-30,16903
Selangor,Kuala Selangor,secondary,both,2017-01-01,22161
Selangor,Kuala Selangor,secondary,both,2018-01-01,20667
Selangor,Kuala Selangor,secondary,both,2019-01-01,20676
Selangor,Kuala Selangor,secondary,both,2020-01-01,20883
Selangor,Kuala Selangor,secondary,both,2021-01-01,21523
Selangor,Kuala Selangor,secondary,both,2022-01-01,22153
Selangor,Kuala Selangor,secondary,both,2023-06-30,22283
Selangor,Kuala Selangor,secondary,both,2024-06-30,22945
Selangor,Kuala Selangor,secondary,both,2025-06-30,23644
Selangor,Kuala Selangor,secondary,female,2017-01-01,11428
Selangor,Kuala Selangor,secondary,female,2018-01-01,10543
Selangor,Kuala Selangor,secondary,female,2019-01-01,10506
Selangor,Kuala Selangor,secondary,female,2020-01-01,10538
Selangor,Kuala Selangor,secondary,female,2021-01-01,10731
Selangor,Kuala Selangor,secondary,female,2022-01-01,11066
Selangor,Kuala Selangor,secondary,female,2023-06-30,11174
Selangor,Kuala Selangor,secondary,female,2024-06-30,11502
Selangor,Kuala Selangor,secondary,female,2025-06-30,11823
Selangor,Kuala Selangor,secondary,male,2017-01-01,10733
Selangor,Kuala Selangor,secondary,male,2018-01-01,10124
Selangor,Kuala Selangor,secondary,male,2019-01-01,10170
Selangor,Kuala Selangor,secondary,male,2020-01-01,10345
Selangor,Kuala Selangor,secondary,male,2021-01-01,10792
Selangor,Kuala Selangor,secondary,male,2022-01-01,11087
Selangor,Kuala Selangor,secondary,male,2023-06-30,11109
Selangor,Kuala Selangor,secondary,male,2024-06-30,11443
Selangor,Kuala Selangor,secondary,male,2025-06-30,11821
Selangor,Kuala Selangor,post_secondary,both,2018-01-01,1026
Selangor,Kuala Selangor,post_secondary,both,2019-01-01,942
Selangor,Kuala Selangor,post_secondary,both,2020-01-01,571
Selangor,Kuala Selangor,post_secondary,both,2021-01-01,528
Selangor,Kuala Selangor,post_secondary,both,2022-01-01,521
Selangor,Kuala Selangor,post_secondary,both,2023-06-30,535
Selangor,Kuala Selangor,post_secondary,both,2024-06-30,536
Selangor,Kuala Selangor,post_secondary,both,2025-06-30,890
Selangor,Kuala Selangor,post_secondary,female,2018-01-01,698
Selangor,Kuala Selangor,post_secondary,female,2019-01-01,642
Selangor,Kuala Selangor,post_secondary,female,2020-01-01,376
Selangor,Kuala Selangor,post_secondary,female,2021-01-01,347
Selangor,Kuala Selangor,post_secondary,female,2022-01-01,349
Selangor,Kuala Selangor,post_secondary,female,2023-06-30,337
Selangor,Kuala Selangor,post_secondary,female,2024-06-30,333
Selangor,Kuala Selangor,post_secondary,female,2025-06-30,608
Selangor,Kuala Selangor,post_secondary,male,2018-01-01,328
Selangor,Kuala Selangor,post_secondary,male,2019-01-01,300
Selangor,Kuala Selangor,post_secondary,male,2020-01-01,195
Selangor,Kuala Selangor,post_secondary,male,2021-01-01,181
Selangor,Kuala Selangor,post_secondary,male,2022-01-01,172
Selangor,Kuala Selangor,post_secondary,male,2023-06-30,198
Selangor,Kuala Selangor,post_secondary,male,2024-06-30,203
Selangor,Kuala Selangor,post_secondary,male,2025-06-30,282
Selangor,Petaling,primary,both,2017-01-01,147082
Selangor,Petaling,primary,both,2018-01-01,148959
Selangor,Petaling,primary,both,2019-01-01,151920
Selangor,Petaling,primary,both,2020-01-01,153313
Selangor,Petaling,primary,both,2021-01-01,154907
Selangor,Petaling,primary,both,2022-01-01,153701
Selangor,Petaling,primary,female,2017-01-01,71901
Selangor,Petaling,primary,female,2018-01-01,72836
Selangor,Petaling,primary,female,2019-01-01,74105
Selangor,Petaling,primary,female,2020-01-01,74868
Selangor,Petaling,primary,female,2021-01-01,75672
Selangor,Petaling,primary,female,2022-01-01,75069
Selangor,Petaling,primary,male,2017-01-01,75181
Selangor,Petaling,primary,male,2018-01-01,76123
Selangor,Petaling,primary,male,2019-01-01,77815
Selangor,Petaling,primary,male,2020-01-01,78445
Selangor,Petaling,primary,male,2021-01-01,79235
Selangor,Petaling,primary,male,2022-01-01,78632
Selangor,Petaling,secondary,both,2017-01-01,100406
Selangor,Petaling,secondary,both,2018-01-01,95705
Selangor,Petaling,secondary,both,2019-01-01,96126
Selangor,Petaling,secondary,both,2020-01-01,97055
Selangor,Petaling,secondary,both,2021-01-01,99050
Selangor,Petaling,secondary,both,2022-01-01,98372
Selangor,Petaling,secondary,female,2017-01-01,51092
Selangor,Petaling,secondary,female,2018-01-01,48350
Selangor,Petaling,secondary,female,2019-01-01,48297
Selangor,Petaling,secondary,female,2020-01-01,48728
Selangor,Petaling,secondary,female,2021-01-01,49369
Selangor,Petaling,secondary,female,2022-01-01,48856
Selangor,Petaling,secondary,male,2017-01-01,49314
Selangor,Petaling,secondary,male,2018-01-01,47355
Selangor,Petaling,secondary,male,2019-01-01,47829
Selangor,Petaling,secondary,male,2020-01-01,48327
Selangor,Petaling,secondary,male,2021-01-01,49681
Selangor,Petaling,secondary,male,2022-01-01,49516
Selangor,Petaling,post_secondary,both,2018-01-01,2554
Selangor,Petaling,post_secondary,both,2019-01-01,2491
Selangor,Petaling,post_secondary,both,2020-01-01,1184
Selangor,Petaling,post_secondary,both,2021-01-01,1321
Selangor,Petaling,post_secondary,both,2022-01-01,1374
Selangor,Petaling,post_secondary,female,2018-01-01,1550
Selangor,Petaling,post_secondary,female,2019-01-01,1476
Selangor,Petaling,post_secondary,female,2020-01-01,659
Selangor,Petaling,post_secondary,female,2021-01-01,785
Selangor,Petaling,post_secondary,female,2022-01-01,778
Selangor,Petaling,post_secondary,male,2018-01-01,1004
Selangor,Petaling,post_secondary,male,2019-01-01,1015
Selangor,Petaling,post_secondary,male,2020-01-01,525
Selangor,Petaling,post_secondary,male,2021-01-01,536
Selangor,Petaling,post_secondary,male,2022-01-01,596
Selangor,Sabak Bernam,primary,both,2017-01-01,11362
Selangor,Sabak Bernam,primary,both,2018-01-01,11163
Selangor,Sabak Bernam,primary,both,2019-01-01,10955
Selangor,Sabak Bernam,primary,both,2020-01-01,10720
Selangor,Sabak Bernam,primary,both,2021-01-01,10509
Selangor,Sabak Bernam,primary,both,2022-01-01,10452
Selangor,Sabak Bernam,primary,both,2023-06-30,10279
Selangor,Sabak Bernam,primary,both,2024-06-30,10163
Selangor,Sabak Bernam,primary,both,2025-06-30,9863
Selangor,Sabak Bernam,primary,female,2017-01-01,5493
Selangor,Sabak Bernam,primary,female,2018-01-01,5417
Selangor,Sabak Bernam,primary,female,2019-01-01,5372
Selangor,Sabak Bernam,primary,female,2020-01-01,5232
Selangor,Sabak Bernam,primary,female,2021-01-01,5124
Selangor,Sabak Bernam,primary,female,2022-01-01,5074
Selangor,Sabak Bernam,primary,female,2023-06-30,5023
Selangor,Sabak Bernam,primary,female,2024-06-30,4948
Selangor,Sabak Bernam,primary,female,2025-06-30,4795
Selangor,Sabak Bernam,primary,male,2017-01-01,5869
Selangor,Sabak Bernam,primary,male,2018-01-01,5746
Selangor,Sabak Bernam,primary,male,2019-01-01,5583
Selangor,Sabak Bernam,primary,male,2020-01-01,5488
Selangor,Sabak Bernam,primary,male,2021-01-01,5385
Selangor,Sabak Bernam,primary,male,2022-01-01,5378
Selangor,Sabak Bernam,primary,male,2023-06-30,5256
Selangor,Sabak Bernam,primary,male,2024-06-30,5215
Selangor,Sabak Bernam,primary,male,2025-06-30,5068
Selangor,Sabak Bernam,secondary,both,2017-01-01,13103
Selangor,Sabak Bernam,secondary,both,2018-01-01,11651
Selangor,Sabak Bernam,secondary,both,2019-01-01,11348
Selangor,Sabak Bernam,secondary,both,2020-01-01,10975
Selangor,Sabak Bernam,secondary,both,2021-01-01,11080
Selangor,Sabak Bernam,secondary,both,2022-01-01,11106
Selangor,Sabak Bernam,secondary,both,2023-06-30,10911
Selangor,Sabak Bernam,secondary,both,2024-06-30,10856
Selangor,Sabak Bernam,secondary,both,2025-06-30,10806
Selangor,Sabak Bernam,secondary,female,2017-01-01,7079
Selangor,Sabak Bernam,secondary,female,2018-01-01,6175
Selangor,Sabak Bernam,secondary,female,2019-01-01,6020
Selangor,Sabak Bernam,secondary,female,2020-01-01,5761
Selangor,Sabak Bernam,secondary,female,2021-01-01,5733
Selangor,Sabak Bernam,secondary,female,2022-01-01,5653
Selangor,Sabak Bernam,secondary,female,2023-06-30,5533
Selangor,Sabak Bernam,secondary,female,2024-06-30,5516
Selangor,Sabak Bernam,secondary,female,2025-06-30,5458
Selangor,Sabak Bernam,secondary,male,2017-01-01,6024
Selangor,Sabak Bernam,secondary,male,2018-01-01,5476
Selangor,Sabak Bernam,secondary,male,2019-01-01,5328
Selangor,Sabak Bernam,secondary,male,2020-01-01,5214
Selangor,Sabak Bernam,secondary,male,2021-01-01,5347
Selangor,Sabak Bernam,secondary,male,2022-01-01,5453
Selangor,Sabak Bernam,secondary,male,2023-06-30,5378
Selangor,Sabak Bernam,secondary,male,2024-06-30,5340
Selangor,Sabak Bernam,secondary,male,2025-06-30,5348
Selangor,Sabak Bernam,post_secondary,both,2018-01-01,1077
Selangor,Sabak Bernam,post_secondary,both,2019-01-01,1005
Selangor,Sabak Bernam,post_secondary,both,2020-01-01,504
Selangor,Sabak Bernam,post_secondary,both,2021-01-01,521
Selangor,Sabak Bernam,post_secondary,both,2022-01-01,443
Selangor,Sabak Bernam,post_secondary,both,2023-06-30,468
Selangor,Sabak Bernam,post_secondary,both,2024-06-30,505
Selangor,Sabak Bernam,post_secondary,both,2025-06-30,807
Selangor,Sabak Bernam,post_secondary,female,2018-01-01,715
Selangor,Sabak Bernam,post_secondary,female,2019-01-01,642
Selangor,Sabak Bernam,post_secondary,female,2020-01-01,333
Selangor,Sabak Bernam,post_secondary,female,2021-01-01,346
Selangor,Sabak Bernam,post_secondary,female,2022-01-01,283
Selangor,Sabak Bernam,post_secondary,female,2023-06-30,303
Selangor,Sabak Bernam,post_secondary,female,2024-06-30,343
Selangor,Sabak Bernam,post_secondary,female,2025-06-30,517
Selangor,Sabak Bernam,post_secondary,male,2018-01-01,362
Selangor,Sabak Bernam,post_secondary,male,2019-01-01,363
Selangor,Sabak Bernam,post_secondary,male,2020-01-01,171
Selangor,Sabak Bernam,post_secondary,male,2021-01-01,175
Selangor,Sabak Bernam,post_secondary,male,2022-01-01,160
Selangor,Sabak Bernam,post_secondary,male,2023-06-30,165
Selangor,Sabak Bernam,post_secondary,male,2024-06-30,162
Selangor,Sabak Bernam,post_secondary,male,2025-06-30,290
Selangor,Sepang,primary,both,2017-01-01,23153
Selangor,Sepang,primary,both,2018-01-01,23978
Selangor,Sepang,primary,both,2019-01-01,25417
Selangor,Sepang,primary,both,2020-01-01,26534
Selangor,Sepang,primary,both,2021-01-01,28120
Selangor,Sepang,primary,both,2022-01-01,29637
Selangor,Sepang,primary,both,2023-06-30,31092
Selangor,Sepang,primary,both,2024-06-30,32334
Selangor,Sepang,primary,both,2025-06-30,33280
Selangor,Sepang,primary,female,2017-01-01,11185
Selangor,Sepang,primary,female,2018-01-01,11561
Selangor,Sepang,primary,female,2019-01-01,12307
Selangor,Sepang,primary,female,2020-01-01,12902
Selangor,Sepang,primary,female,2021-01-01,13622
Selangor,Sepang,primary,female,2022-01-01,14387
Selangor,Sepang,primary,female,2023-06-30,15102
Selangor,Sepang,primary,female,2024-06-30,15572
Selangor,Sepang,primary,female,2025-06-30,15993
Selangor,Sepang,primary,male,2017-01-01,11968
Selangor,Sepang,primary,male,2018-01-01,12417
Selangor,Sepang,primary,male,2019-01-01,13110
Selangor,Sepang,primary,male,2020-01-01,13632
Selangor,Sepang,primary,male,2021-01-01,14498
Selangor,Sepang,primary,male,2022-01-01,15250
Selangor,Sepang,primary,male,2023-06-30,15990
Selangor,Sepang,primary,male,2024-06-30,16762
Selangor,Sepang,primary,male,2025-06-30,17287
Selangor,Sepang,secondary,both,2017-01-01,15752
Selangor,Sepang,secondary,both,2018-01-01,15220
Selangor,Sepang,secondary,both,2019-01-01,15597
Selangor,Sepang,secondary,both,2020-01-01,15848
Selangor,Sepang,secondary,both,2021-01-01,16698
Selangor,Sepang,secondary,both,2022-01-01,17517
Selangor,Sepang,secondary,both,2023-06-30,18353
Selangor,Sepang,secondary,both,2024-06-30,19389
Selangor,Sepang,secondary,both,2025-06-30,20593
Selangor,Sepang,secondary,female,2017-01-01,8461
Selangor,Sepang,secondary,female,2018-01-01,8087
Selangor,Sepang,secondary,female,2019-01-01,8269
Selangor,Sepang,secondary,female,2020-01-01,8303
Selangor,Sepang,secondary,female,2021-01-01,8735
Selangor,Sepang,secondary,female,2022-01-01,9111
Selangor,Sepang,secondary,female,2023-06-30,9537
Selangor,Sepang,secondary,female,2024-06-30,10036
Selangor,Sepang,secondary,female,2025-06-30,10632
Selangor,Sepang,secondary,male,2017-01-01,7291
Selangor,Sepang,secondary,male,2018-01-01,7133
Selangor,Sepang,secondary,male,2019-01-01,7328
Selangor,Sepang,secondary,male,2020-01-01,7545
Selangor,Sepang,secondary,male,2021-01-01,7963
Selangor,Sepang,secondary,male,2022-01-01,8406
Selangor,Sepang,secondary,male,2023-06-30,8816
Selangor,Sepang,secondary,male,2024-06-30,9353
Selangor,Sepang,secondary,male,2025-06-30,9961
Selangor,Sepang,post_secondary,both,2018-01-01,787
Selangor,Sepang,post_secondary,both,2019-01-01,767
Selangor,Sepang,post_secondary,both,2020-01-01,533
Selangor,Sepang,post_secondary,both,2021-01-01,538
Selangor,Sepang,post_secondary,both,2022-01-01,506
Selangor,Sepang,post_secondary,both,2023-06-30,553
Selangor,Sepang,post_secondary,both,2024-06-30,535
Selangor,Sepang,post_secondary,both,2025-06-30,741
Selangor,Sepang,post_secondary,female,2018-01-01,449
Selangor,Sepang,post_secondary,female,2019-01-01,433
Selangor,Sepang,post_secondary,female,2020-01-01,266
Selangor,Sepang,post_secondary,female,2021-01-01,283
Selangor,Sepang,post_secondary,female,2022-01-01,239
Selangor,Sepang,post_secondary,female,2023-06-30,261
Selangor,Sepang,post_secondary,female,2024-06-30,263
Selangor,Sepang,post_secondary,female,2025-06-30,380
Selangor,Sepang,post_secondary,male,2018-01-01,338
Selangor,Sepang,post_secondary,male,2019-01-01,334
Selangor,Sepang,post_secondary,male,2020-01-01,267
Selangor,Sepang,post_secondary,male,2021-01-01,255
Selangor,Sepang,post_secondary,male,2022-01-01,267
Selangor,Sepang,post_secondary,male,2023-06-30,292
Selangor,Sepang,post_secondary,male,2024-06-30,272
Selangor,Sepang,post_secondary,male,2025-06-30,361
Selangor,Ulu Langat,primary,both,2017-01-01,94931
Selangor,Ulu Langat,primary,both,2018-01-01,96308
Selangor,Ulu Langat,primary,both,2019-01-01,98480
Selangor,Ulu Langat,primary,both,2020-01-01,100022
Selangor,Ulu Langat,primary,both,2021-01-01,102054
Selangor,Ulu Langat,primary,both,2022-01-01,103026
Selangor,Ulu Langat,primary,both,2023-06-30,104298
Selangor,Ulu Langat,primary,both,2024-06-30,105116
Selangor,Ulu Langat,primary,both,2025-06-30,104704
Selangor,Ulu Langat,primary,female,2017-01-01,46377
Selangor,Ulu Langat,primary,female,2018-01-01,47194
Selangor,Ulu Langat,primary,female,2019-01-01,48127
Selangor,Ulu Langat,primary,female,2020-01-01,48805
Selangor,Ulu Langat,primary,female,2021-01-01,49659
Selangor,Ulu Langat,primary,female,2022-01-01,50159
Selangor,Ulu Langat,primary,female,2023-06-30,50699
Selangor,Ulu Langat,primary,female,2024-06-30,51171
Selangor,Ulu Langat,primary,female,2025-06-30,50939
Selangor,Ulu Langat,primary,male,2017-01-01,48554
Selangor,Ulu Langat,primary,male,2018-01-01,49114
Selangor,Ulu Langat,primary,male,2019-01-01,50353
Selangor,Ulu Langat,primary,male,2020-01-01,51217
Selangor,Ulu Langat,primary,male,2021-01-01,52395
Selangor,Ulu Langat,primary,male,2022-01-01,52867
Selangor,Ulu Langat,primary,male,2023-06-30,53599
Selangor,Ulu Langat,primary,male,2024-06-30,53945
Selangor,Ulu Langat,primary,male,2025-06-30,53765
Selangor,Ulu Langat,secondary,both,2017-01-01,68371
Selangor,Ulu Langat,secondary,both,2018-01-01,64636
Selangor,Ulu Langat,secondary,both,2019-01-01,64917
Selangor,Ulu Langat,secondary,both,2020-01-01,65342
Selangor,Ulu Langat,secondary,both,2021-01-01,66442
Selangor,Ulu Langat,secondary,both,2022-01-01,67178
Selangor,Ulu Langat,secondary,both,2023-06-30,67681
Selangor,Ulu Langat,secondary,both,2024-06-30,68586
Selangor,Ulu Langat,secondary,both,2025-06-30,70306
Selangor,Ulu Langat,secondary,female,2017-01-01,34613
Selangor,Ulu Langat,secondary,female,2018-01-01,32453
Selangor,Ulu Langat,secondary,female,2019-01-01,32463
Selangor,Ulu Langat,secondary,female,2020-01-01,32632
Selangor,Ulu Langat,secondary,female,2021-01-01,33079
Selangor,Ulu Langat,secondary,female,2022-01-01,33349
Selangor,Ulu Langat,secondary,female,2023-06-30,33718
Selangor,Ulu Langat,secondary,female,2024-06-30,34168
Selangor,Ulu Langat,secondary,female,2025-06-30,34839
Selangor,Ulu Langat,secondary,male,2017-01-01,33758
Selangor,Ulu Langat,secondary,male,2018-01-01,32183
Selangor,Ulu Langat,secondary,male,2019-01-01,32454
Selangor,Ulu Langat,secondary,male,2020-01-01,32710
Selangor,Ulu Langat,secondary,male,2021-01-01,33363
Selangor,Ulu Langat,secondary,male,2022-01-01,33829
Selangor,Ulu Langat,secondary,male,2023-06-30,33963
Selangor,Ulu Langat,secondary,male,2024-06-30,34418
Selangor,Ulu Langat,secondary,male,2025-06-30,35467
Selangor,Ulu Langat,post_secondary,both,2018-01-01,2056
Selangor,Ulu Langat,post_secondary,both,2019-01-01,2066
Selangor,Ulu Langat,post_secondary,both,2020-01-01,1052
Selangor,Ulu Langat,post_secondary,both,2021-01-01,1114
Selangor,Ulu Langat,post_secondary,both,2022-01-01,1119
Selangor,Ulu Langat,post_secondary,both,2023-06-30,1064
Selangor,Ulu Langat,post_secondary,both,2024-06-30,1035
Selangor,Ulu Langat,post_secondary,both,2025-06-30,2009
Selangor,Ulu Langat,post_secondary,female,2018-01-01,1289
Selangor,Ulu Langat,post_secondary,female,2019-01-01,1269
Selangor,Ulu Langat,post_secondary,female,2020-01-01,611
Selangor,Ulu Langat,post_secondary,female,2021-01-01,643
Selangor,Ulu Langat,post_secondary,female,2022-01-01,601
Selangor,Ulu Langat,post_secondary,female,2023-06-30,579
Selangor,Ulu Langat,post_secondary,female,2024-06-30,558
Selangor,Ulu Langat,post_secondary,female,2025-06-30,1227
Selangor,Ulu Langat,post_secondary,male,2018-01-01,767
Selangor,Ulu Langat,post_secondary,male,2019-01-01,797
Selangor,Ulu Langat,post_secondary,male,2020-01-01,441
Selangor,Ulu Langat,post_secondary,male,2021-01-01,471
Selangor,Ulu Langat,post_secondary,male,2022-01-01,518
Selangor,Ulu Langat,post_secondary,male,2023-06-30,485
Selangor,Ulu Langat,post_secondary,male,2024-06-30,477
Selangor,Ulu Langat,post_secondary,male,2025-06-30,782
Selangor,Ulu Selangor,primary,both,2017-01-01,23689
Selangor,Ulu Selangor,primary,both,2018-01-01,23853
Selangor,Ulu Selangor,primary,both,2019-01-01,24261
Selangor,Ulu Selangor,primary,both,2020-01-01,24520
Selangor,Ulu Selangor,primary,both,2021-01-01,24815
Selangor,Ulu Selangor,primary,both,2022-01-01,24754
Selangor,Ulu Selangor,primary,both,2023-06-30,24882
Selangor,Ulu Selangor,primary,both,2024-06-30,24964
Selangor,Ulu Selangor,primary,both,2025-06-30,24882
Selangor,Ulu Selangor,primary,female,2017-01-01,11547
Selangor,Ulu Selangor,primary,female,2018-01-01,11565
Selangor,Ulu Selangor,primary,female,2019-01-01,11808
Selangor,Ulu Selangor,primary,female,2020-01-01,11951
Selangor,Ulu Selangor,primary,female,2021-01-01,12107
Selangor,Ulu Selangor,primary,female,2022-01-01,12065
Selangor,Ulu Selangor,primary,female,2023-06-30,12135
Selangor,Ulu Selangor,primary,female,2024-06-30,12261
Selangor,Ulu Selangor,primary,female,2025-06-30,12206
Selangor,Ulu Selangor,primary,male,2017-01-01,12142
Selangor,Ulu Selangor,primary,male,2018-01-01,12288
Selangor,Ulu Selangor,primary,male,2019-01-01,12453
Selangor,Ulu Selangor,primary,male,2020-01-01,12569
Selangor,Ulu Selangor,primary,male,2021-01-01,12708
Selangor,Ulu Selangor,primary,male,2022-01-01,12689
Selangor,Ulu Selangor,primary,male,2023-06-30,12747
Selangor,Ulu Selangor,primary,male,2024-06-30,12703
Selangor,Ulu Selangor,primary,male,2025-06-30,12676
Selangor,Ulu Selangor,secondary,both,2017-01-01,18296
Selangor,Ulu Selangor,secondary,both,2018-01-01,17119
Selangor,Ulu Selangor,secondary,both,2019-01-01,17080
Selangor,Ulu Selangor,secondary,both,2020-01-01,17056
Selangor,Ulu Selangor,secondary,both,2021-01-01,17243
Selangor,Ulu Selangor,secondary,both,2022-01-01,17562
Selangor,Ulu Selangor,secondary,both,2023-06-30,17393
Selangor,Ulu Selangor,secondary,both,2024-06-30,17676
Selangor,Ulu Selangor,secondary,both,2025-06-30,18004
Selangor,Ulu Selangor,secondary,female,2017-01-01,9317
Selangor,Ulu Selangor,secondary,female,2018-01-01,8545
Selangor,Ulu Selangor,secondary,female,2019-01-01,8444
Selangor,Ulu Selangor,secondary,female,2020-01-01,8485
Selangor,Ulu Selangor,secondary,female,2021-01-01,8535
Selangor,Ulu Selangor,secondary,female,2022-01-01,8717
Selangor,Ulu Selangor,secondary,female,2023-06-30,8629
Selangor,Ulu Selangor,secondary,female,2024-06-30,8725
Selangor,Ulu Selangor,secondary,female,2025-06-30,8868
Selangor,Ulu Selangor,secondary,male,2017-01-01,8979
Selangor,Ulu Selangor,secondary,male,2018-01-01,8574
Selangor,Ulu Selangor,secondary,male,2019-01-01,8636
Selangor,Ulu Selangor,secondary,male,2020-01-01,8571
Selangor,Ulu Selangor,secondary,male,2021-01-01,8708
Selangor,Ulu Selangor,secondary,male,2022-01-01,8845
Selangor,Ulu Selangor,secondary,male,2023-06-30,8764
Selangor,Ulu Selangor,secondary,male,2024-06-30,8951
Selangor,Ulu Selangor,secondary,male,2025-06-30,9136
Selangor,Ulu Selangor,post_secondary,both,2018-01-01,746
Selangor,Ulu Selangor,post_secondary,both,2019-01-01,742
Selangor,Ulu Selangor,post_secondary,both,2020-01-01,364
Selangor,Ulu Selangor,post_secondary,both,2021-01-01,302
Selangor,Ulu Selangor,post_secondary,both,2022-01-01,341
Selangor,Ulu Selangor,post_secondary,both,2023-06-30,274
Selangor,Ulu Selangor,post_secondary,both,2024-06-30,311
Selangor,Ulu Selangor,post_secondary,both,2025-06-30,661
Selangor,Ulu Selangor,post_secondary,female,2018-01-01,520
Selangor,Ulu Selangor,post_secondary,female,2019-01-01,509
Selangor,Ulu Selangor,post_secondary,female,2020-01-01,238
Selangor,Ulu Selangor,post_secondary,female,2021-01-01,185
Selangor,Ulu Selangor,post_secondary,female,2022-01-01,223
Selangor,Ulu Selangor,post_secondary,female,2023-06-30,181
Selangor,Ulu Selangor,post_secondary,female,2024-06-30,198
Selangor,Ulu Selangor,post_secondary,female,2025-06-30,421
Selangor,Ulu Selangor,post_secondary,male,2018-01-01,226
Selangor,Ulu Selangor,post_secondary,male,2019-01-01,233
Selangor,Ulu Selangor,post_secondary,male,2020-01-01,126
Selangor,Ulu Selangor,post_secondary,male,2021-01-01,117
Selangor,Ulu Selangor,post_secondary,male,2022-01-01,118
Selangor,Ulu Selangor,post_secondary,male,2023-06-30,93
Selangor,Ulu Selangor,post_secondary,male,2024-06-30,113
Selangor,Ulu Selangor,post_secondary,male,2025-06-30,240
Selangor,Petaling Perdana,primary,both,2023-06-30,110007
Selangor,Petaling Perdana,primary,both,2024-06-30,107012
Selangor,Petaling Perdana,primary,both,2025-06-30,105506
Selangor,Petaling Perdana,primary,female,2023-06-30,53610
Selangor,Petaling Perdana,primary,female,2024-06-30,52018
Selangor,Petaling Perdana,primary,female,2025-06-30,51225
Selangor,Petaling Perdana,primary,male,2023-06-30,56397
Selangor,Petaling Perdana,primary,male,2024-06-30,54994
Selangor,Petaling Perdana,primary,male,2025-06-30,54281
Selangor,Petaling Perdana,secondary,both,2023-06-30,69906
Selangor,Petaling Perdana,secondary,both,2024-06-30,71009
Selangor,Petaling Perdana,secondary,both,2025-06-30,72557
Selangor,Petaling Perdana,secondary,female,2023-06-30,34578
Selangor,Petaling Perdana,secondary,female,2024-06-30,35042
Selangor,Petaling Perdana,secondary,female,2025-06-30,35682
Selangor,Petaling Perdana,secondary,male,2023-06-30,35328
Selangor,Petaling Perdana,secondary,male,2024-06-30,35967
Selangor,Petaling Perdana,secondary,male,2025-06-30,36875
Selangor,Petaling Perdana,post_secondary,both,2023-06-30,853
Selangor,Petaling Perdana,post_secondary,both,2024-06-30,884
Selangor,Petaling Perdana,post_secondary,both,2025-06-30,1589
Selangor,Petaling Perdana,post_secondary,female,2023-06-30,422
Selangor,Petaling Perdana,post_secondary,female,2024-06-30,450
Selangor,Petaling Perdana,post_secondary,female,2025-06-30,896
Selangor,Petaling Perdana,post_secondary,male,2023-06-30,431
Selangor,Petaling Perdana,post_secondary,male,2024-06-30,434
Selangor,Petaling Perdana,post_secondary,male,2025-06-30,693
Selangor,Petaling Utama,primary,both,2023-06-30,43758
Selangor,Petaling Utama,primary,both,2024-06-30,43200
Selangor,Petaling Utama,primary,both,2025-06-30,42468
Selangor,Petaling Utama,primary,female,2023-06-30,21395
Selangor,Petaling Utama,primary,female,2024-06-30,21056
Selangor,Petaling Utama,primary,female,2025-06-30,20734
Selangor,Petaling Utama,primary,male,2023-06-30,22363
Selangor,Petaling Utama,primary,male,2024-06-30,22144
Selangor,Petaling Utama,primary,male,2025-06-30,21734
Selangor,Petaling Utama,secondary,both,2023-06-30,28544
Selangor,Petaling Utama,secondary,both,2024-06-30,28791
Selangor,Petaling Utama,secondary,both,2025-06-30,29003
Selangor,Petaling Utama,secondary,female,2023-06-30,14355
Selangor,Petaling Utama,secondary,female,2024-06-30,14485
Selangor,Petaling Utama,secondary,female,2025-06-30,14530
Selangor,Petaling Utama,secondary,male,2023-06-30,14189
Selangor,Petaling Utama,secondary,male,2024-06-30,14306
Selangor,Petaling Utama,secondary,male,2025-06-30,14473
Selangor,Petaling Utama,post_secondary,both,2023-06-30,445
Selangor,Petaling Utama,post_secondary,both,2024-06-30,526
Selangor,Petaling Utama,post_secondary,both,2025-06-30,992
Selangor,Petaling Utama,post_secondary,female,2023-06-30,298
Selangor,Petaling Utama,post_secondary,female,2024-06-30,352
Selangor,Petaling Utama,post_secondary,female,2025-06-30,659
Selangor,Petaling Utama,post_secondary,male,2023-06-30,147
Selangor,Petaling Utama,post_secondary,male,2024-06-30,174
Selangor,Petaling Utama,post_secondary,male,2025-06-30,333
Terengganu,All Districts,primary,both,2017-01-01,124850
Terengganu,All Districts,primary,both,2018-01-01,126465
Terengganu,All Districts,primary,both,2019-01-01,128551
Terengganu,All Districts,primary,both,2020-01-01,130208
Terengganu,All Districts,primary,both,2021-01-01,132839
Terengganu,All Districts,primary,both,2022-01-01,134557
Terengganu,All Districts,primary,both,2023-06-30,136134
Terengganu,All Districts,primary,both,2024-06-30,137534
Terengganu,All Districts,primary,both,2025-06-30,138650
Terengganu,All Districts,primary,female,2017-01-01,61170
Terengganu,All Districts,primary,female,2018-01-01,61777
Terengganu,All Districts,primary,female,2019-01-01,62688
Terengganu,All Districts,primary,female,2020-01-01,63554
Terengganu,All Districts,primary,female,2021-01-01,64922
Terengganu,All Districts,primary,female,2022-01-01,65539
Terengganu,All Districts,primary,female,2023-06-30,66332
Terengganu,All Districts,primary,female,2024-06-30,67232
Terengganu,All Districts,primary,female,2025-06-30,67848
Terengganu,All Districts,primary,male,2017-01-01,63680
Terengganu,All Districts,primary,male,2018-01-01,64688
Terengganu,All Districts,primary,male,2019-01-01,65863
Terengganu,All Districts,primary,male,2020-01-01,66654
Terengganu,All Districts,primary,male,2021-01-01,67917
Terengganu,All Districts,primary,male,2022-01-01,69018
Terengganu,All Districts,primary,male,2023-06-30,69802
Terengganu,All Districts,primary,male,2024-06-30,70302
Terengganu,All Districts,primary,male,2025-06-30,70802
Terengganu,All Districts,secondary,both,2017-01-01,103381
Terengganu,All Districts,secondary,both,2018-01-01,93671
Terengganu,All Districts,secondary,both,2019-01-01,92354
Terengganu,All Districts,secondary,both,2020-01-01,91970
Terengganu,All Districts,secondary,both,2021-01-01,94978
Terengganu,All Districts,secondary,both,2022-01-01,97169
Terengganu,All Districts,secondary,both,2023-06-30,98695
Terengganu,All Districts,secondary,both,2024-06-30,101416
Terengganu,All Districts,secondary,both,2025-06-30,104227
Terengganu,All Districts,secondary,female,2017-01-01,53140
Terengganu,All Districts,secondary,female,2018-01-01,47647
Terengganu,All Districts,secondary,female,2019-01-01,47140
Terengganu,All Districts,secondary,female,2020-01-01,46743
Terengganu,All Districts,secondary,female,2021-01-01,47810
Terengganu,All Districts,secondary,female,2022-01-01,48852
Terengganu,All Districts,secondary,female,2023-06-30,49450
Terengganu,All Districts,secondary,female,2024-06-30,50575
Terengganu,All Districts,secondary,female,2025-06-30,51916
Terengganu,All Districts,secondary,male,2017-01-01,50241
Terengganu,All Districts,secondary,male,2018-01-01,46024
Terengganu,All Districts,secondary,male,2019-01-01,45214
Terengganu,All Districts,secondary,male,2020-01-01,45227
Terengganu,All Districts,secondary,male,2021-01-01,47168
Terengganu,All Districts,secondary,male,2022-01-01,48317
Terengganu,All Districts,secondary,male,2023-06-30,49245
Terengganu,All Districts,secondary,male,2024-06-30,50841
Terengganu,All Districts,secondary,male,2025-06-30,52311
Terengganu,All Districts,post_secondary,both,2018-01-01,6695
Terengganu,All Districts,post_secondary,both,2019-01-01,6420
Terengganu,All Districts,post_secondary,both,2020-01-01,3445
Terengganu,All Districts,post_secondary,both,2021-01-01,3134
Terengganu,All Districts,post_secondary,both,2022-01-01,3405
Terengganu,All Districts,post_secondary,both,2023-06-30,3719
Terengganu,All Districts,post_secondary,both,2024-06-30,3512
Terengganu,All Districts,post_secondary,both,2025-06-30,5965
Terengganu,All Districts,post_secondary,female,2018-01-01,4275
Terengganu,All Districts,post_secondary,female,2019-01-01,4213
Terengganu,All Districts,post_secondary,female,2020-01-01,2177
Terengganu,All Districts,post_secondary,female,2021-01-01,2013
Terengganu,All Districts,post_secondary,female,2022-01-01,1941
Terengganu,All Districts,post_secondary,female,2023-06-30,2024
Terengganu,All Districts,post_secondary,female,2024-06-30,2021
Terengganu,All Districts,post_secondary,female,2025-06-30,3688
Terengganu,All Districts,post_secondary,male,2018-01-01,2420
Terengganu,All Districts,post_secondary,male,2019-01-01,2207
Terengganu,All Districts,post_secondary,male,2020-01-01,1268
Terengganu,All Districts,post_secondary,male,2021-01-01,1121
Terengganu,All Districts,post_secondary,male,2022-01-01,1464
Terengganu,All Districts,post_secondary,male,2023-06-30,1695
Terengganu,All Districts,post_secondary,male,2024-06-30,1491
Terengganu,All Districts,post_secondary,male,2025-06-30,2277
Terengganu,Besut,primary,both,2017-01-01,19028
Terengganu,Besut,primary,both,2018-01-01,19071
Terengganu,Besut,primary,both,2019-01-01,19162
Terengganu,Besut,primary,both,2020-01-01,19077
Terengganu,Besut,primary,both,2021-01-01,19120
Terengganu,Besut,primary,both,2022-01-01,19181
Terengganu,Besut,primary,both,2023-06-30,19057
Terengganu,Besut,primary,both,2024-06-30,19104
Terengganu,Besut,primary,both,2025-06-30,19158
Terengganu,Besut,primary,female,2017-01-01,9378
Terengganu,Besut,primary,female,2018-01-01,9269
Terengganu,Besut,primary,female,2019-01-01,9365
Terengganu,Besut,primary,female,2020-01-01,9315
Terengganu,Besut,primary,female,2021-01-01,9376
Terengganu,Besut,primary,female,2022-01-01,9329
Terengganu,Besut,primary,female,2023-06-30,9196
Terengganu,Besut,primary,female,2024-06-30,9313
Terengganu,Besut,primary,female,2025-06-30,9300
Terengganu,Besut,primary,male,2017-01-01,9650
Terengganu,Besut,primary,male,2018-01-01,9802
Terengganu,Besut,primary,male,2019-01-01,9797
Terengganu,Besut,primary,male,2020-01-01,9762
Terengganu,Besut,primary,male,2021-01-01,9744
Terengganu,Besut,primary,male,2022-01-01,9852
Terengganu,Besut,primary,male,2023-06-30,9861
Terengganu,Besut,primary,male,2024-06-30,9791
Terengganu,Besut,primary,male,2025-06-30,9858
Terengganu,Besut,secondary,both,2017-01-01,16323
Terengganu,Besut,secondary,both,2018-01-01,14312
Terengganu,Besut,secondary,both,2019-01-01,14021
Terengganu,Besut,secondary,both,2020-01-01,14025
Terengganu,Besut,secondary,both,2021-01-01,14453
Terengganu,Besut,secondary,both,2022-01-01,14753
Terengganu,Besut,secondary,both,2023-06-30,15046
Terengganu,Besut,secondary,both,2024-06-30,15323
Terengganu,Besut,secondary,both,2025-06-30,15570
Terengganu,Besut,secondary,female,2017-01-01,8507
Terengganu,Besut,secondary,female,2018-01-01,7404
Terengganu,Besut,secondary,female,2019-01-01,7291
Terengganu,Besut,secondary,female,2020-01-01,7296
Terengganu,Besut,secondary,female,2021-01-01,7332
Terengganu,Besut,secondary,female,2022-01-01,7448
Terengganu,Besut,secondary,female,2023-06-30,7620
Terengganu,Besut,secondary,female,2024-06-30,7766
Terengganu,Besut,secondary,female,2025-06-30,7886
Terengganu,Besut,secondary,male,2017-01-01,7816
Terengganu,Besut,secondary,male,2018-01-01,6908
Terengganu,Besut,secondary,male,2019-01-01,6730
Terengganu,Besut,secondary,male,2020-01-01,6729
Terengganu,Besut,secondary,male,2021-01-01,7121
Terengganu,Besut,secondary,male,2022-01-01,7305
Terengganu,Besut,secondary,male,2023-06-30,7426
Terengganu,Besut,secondary,male,2024-06-30,7557
Terengganu,Besut,secondary,male,2025-06-30,7684
Terengganu,Besut,post_secondary,both,2018-01-01,1487
Terengganu,Besut,post_secondary,both,2019-01-01,1457
Terengganu,Besut,post_secondary,both,2020-01-01,759
Terengganu,Besut,post_secondary,both,2021-01-01,701
Terengganu,Besut,post_secondary,both,2022-01-01,764
Terengganu,Besut,post_secondary,both,2023-06-30,897
Terengganu,Besut,post_secondary,both,2024-06-30,809
Terengganu,Besut,post_secondary,both,2025-06-30,1323
Terengganu,Besut,post_secondary,female,2018-01-01,916
Terengganu,Besut,post_secondary,female,2019-01-01,900
Terengganu,Besut,post_secondary,female,2020-01-01,430
Terengganu,Besut,post_secondary,female,2021-01-01,431
Terengganu,Besut,post_secondary,female,2022-01-01,428
Terengganu,Besut,post_secondary,female,2023-06-30,421
Terengganu,Besut,post_secondary,female,2024-06-30,419
Terengganu,Besut,post_secondary,female,2025-06-30,744
Terengganu,Besut,post_secondary,male,2018-01-01,571
Terengganu,Besut,post_secondary,male,2019-01-01,557
Terengganu,Besut,post_secondary,male,2020-01-01,329
Terengganu,Besut,post_secondary,male,2021-01-01,270
Terengganu,Besut,post_secondary,male,2022-01-01,336
Terengganu,Besut,post_secondary,male,2023-06-30,476
Terengganu,Besut,post_secondary,male,2024-06-30,390
Terengganu,Besut,post_secondary,male,2025-06-30,579
Terengganu,Dungun,primary,both,2017-01-01,16733
Terengganu,Dungun,primary,both,2018-01-01,17001
Terengganu,Dungun,primary,both,2019-01-01,17431
Terengganu,Dungun,primary,both,2020-01-01,17719
Terengganu,Dungun,primary,both,2021-01-01,18105
Terengganu,Dungun,primary,both,2022-01-01,18481
Terengganu,Dungun,primary,both,2023-06-30,18681
Terengganu,Dungun,primary,both,2024-06-30,18848
Terengganu,Dungun,primary,both,2025-06-30,18965
Terengganu,Dungun,primary,female,2017-01-01,8266
Terengganu,Dungun,primary,female,2018-01-01,8347
Terengganu,Dungun,primary,female,2019-01-01,8591
Terengganu,Dungun,primary,female,2020-01-01,8709
Terengganu,Dungun,primary,female,2021-01-01,8885
Terengganu,Dungun,primary,female,2022-01-01,9007
Terengganu,Dungun,primary,female,2023-06-30,9130
Terengganu,Dungun,primary,female,2024-06-30,9263
Terengganu,Dungun,primary,female,2025-06-30,9368
Terengganu,Dungun,primary,male,2017-01-01,8467
Terengganu,Dungun,primary,male,2018-01-01,8654
Terengganu,Dungun,primary,male,2019-01-01,8840
Terengganu,Dungun,primary,male,2020-01-01,9010
Terengganu,Dungun,primary,male,2021-01-01,9220
Terengganu,Dungun,primary,male,2022-01-01,9474
Terengganu,Dungun,primary,male,2023-06-30,9551
Terengganu,Dungun,primary,male,2024-06-30,9585
Terengganu,Dungun,primary,male,2025-06-30,9597
Terengganu,Dungun,secondary,both,2017-01-01,13830
Terengganu,Dungun,secondary,both,2018-01-01,12650
Terengganu,Dungun,secondary,both,2019-01-01,12549
Terengganu,Dungun,secondary,both,2020-01-01,12453
Terengganu,Dungun,secondary,both,2021-01-01,12766
Terengganu,Dungun,secondary,both,2022-01-01,13085
Terengganu,Dungun,secondary,both,2023-06-30,13153
Terengganu,Dungun,secondary,both,2024-06-30,13455
Terengganu,Dungun,secondary,both,2025-06-30,13820
Terengganu,Dungun,secondary,female,2017-01-01,7268
Terengganu,Dungun,secondary,female,2018-01-01,6501
Terengganu,Dungun,secondary,female,2019-01-01,6360
Terengganu,Dungun,secondary,female,2020-01-01,6318
Terengganu,Dungun,secondary,female,2021-01-01,6517
Terengganu,Dungun,secondary,female,2022-01-01,6717
Terengganu,Dungun,secondary,female,2023-06-30,6752
Terengganu,Dungun,secondary,female,2024-06-30,6910
Terengganu,Dungun,secondary,female,2025-06-30,7044
Terengganu,Dungun,secondary,male,2017-01-01,6562
Terengganu,Dungun,secondary,male,2018-01-01,6149
Terengganu,Dungun,secondary,male,2019-01-01,6189
Terengganu,Dungun,secondary,male,2020-01-01,6135
Terengganu,Dungun,secondary,male,2021-01-01,6249
Terengganu,Dungun,secondary,male,2022-01-01,6368
Terengganu,Dungun,secondary,male,2023-06-30,6401
Terengganu,Dungun,secondary,male,2024-06-30,6545
Terengganu,Dungun,secondary,male,2025-06-30,6776
Terengganu,Dungun,post_secondary,both,2018-01-01,801
Terengganu,Dungun,post_secondary,both,2019-01-01,670
Terengganu,Dungun,post_secondary,both,2020-01-01,394
Terengganu,Dungun,post_secondary,both,2021-01-01,398
Terengganu,Dungun,post_secondary,both,2022-01-01,434
Terengganu,Dungun,post_secondary,both,2023-06-30,401
Terengganu,Dungun,post_secondary,both,2024-06-30,376
Terengganu,Dungun,post_secondary,both,2025-06-30,647
Terengganu,Dungun,post_secondary,female,2018-01-01,551
Terengganu,Dungun,post_secondary,female,2019-01-01,491
Terengganu,Dungun,post_secondary,female,2020-01-01,283
Terengganu,Dungun,post_secondary,female,2021-01-01,258
Terengganu,Dungun,post_secondary,female,2022-01-01,271
Terengganu,Dungun,post_secondary,female,2023-06-30,257
Terengganu,Dungun,post_secondary,female,2024-06-30,240
Terengganu,Dungun,post_secondary,female,2025-06-30,445
Terengganu,Dungun,post_secondary,male,2018-01-01,250
Terengganu,Dungun,post_secondary,male,2019-01-01,179
Terengganu,Dungun,post_secondary,male,2020-01-01,111
Terengganu,Dungun,post_secondary,male,2021-01-01,140
Terengganu,Dungun,post_secondary,male,2022-01-01,163
Terengganu,Dungun,post_secondary,male,2023-06-30,144
Terengganu,Dungun,post_secondary,male,2024-06-30,136
Terengganu,Dungun,post_secondary,male,2025-06-30,202
Terengganu,Hulu Terengganu,primary,both,2017-01-01,8423
Terengganu,Hulu Terengganu,primary,both,2018-01-01,8568
Terengganu,Hulu Terengganu,primary,both,2019-01-01,8667
Terengganu,Hulu Terengganu,primary,both,2020-01-01,8693
Terengganu,Hulu Terengganu,primary,both,2021-01-01,8740
Terengganu,Hulu Terengganu,primary,both,2022-01-01,8945
Terengganu,Hulu Terengganu,primary,both,2023-06-30,8985
Terengganu,Hulu Terengganu,primary,both,2024-06-30,8950
Terengganu,Hulu Terengganu,primary,both,2025-06-30,8994
Terengganu,Hulu Terengganu,primary,female,2017-01-01,4030
Terengganu,Hulu Terengganu,primary,female,2018-01-01,4136
Terengganu,Hulu Terengganu,primary,female,2019-01-01,4159
Terengganu,Hulu Terengganu,primary,female,2020-01-01,4207
Terengganu,Hulu Terengganu,primary,female,2021-01-01,4227
Terengganu,Hulu Terengganu,primary,female,2022-01-01,4336
Terengganu,Hulu Terengganu,primary,female,2023-06-30,4404
Terengganu,Hulu Terengganu,primary,female,2024-06-30,4383
Terengganu,Hulu Terengganu,primary,female,2025-06-30,4373
Terengganu,Hulu Terengganu,primary,male,2017-01-01,4393
Terengganu,Hulu Terengganu,primary,male,2018-01-01,4432
Terengganu,Hulu Terengganu,primary,male,2019-01-01,4508
Terengganu,Hulu Terengganu,primary,male,2020-01-01,4486
Terengganu,Hulu Terengganu,primary,male,2021-01-01,4513
Terengganu,Hulu Terengganu,primary,male,2022-01-01,4609
Terengganu,Hulu Terengganu,primary,male,2023-06-30,4581
Terengganu,Hulu Terengganu,primary,male,2024-06-30,4567
Terengganu,Hulu Terengganu,primary,male,2025-06-30,4621
Terengganu,Hulu Terengganu,secondary,both,2017-01-01,7163
Terengganu,Hulu Terengganu,secondary,both,2018-01-01,6496
Terengganu,Hulu Terengganu,secondary,both,2019-01-01,6356
Terengganu,Hulu Terengganu,secondary,both,2020-01-01,6446
Terengganu,Hulu Terengganu,secondary,both,2021-01-01,6811
Terengganu,Hulu Terengganu,secondary,both,2022-01-01,7043
Terengganu,Hulu Terengganu,secondary,both,2023-06-30,7213
Terengganu,Hulu Terengganu,secondary,both,2024-06-30,7353
Terengganu,Hulu Terengganu,secondary,both,2025-06-30,7476
Terengganu,Hulu Terengganu,secondary,female,2017-01-01,3711
Terengganu,Hulu Terengganu,secondary,female,2018-01-01,3266
Terengganu,Hulu Terengganu,secondary,female,2019-01-01,3244
Terengganu,Hulu Terengganu,secondary,female,2020-01-01,3244
Terengganu,Hulu Terengganu,secondary,female,2021-01-01,3429
Terengganu,Hulu Terengganu,secondary,female,2022-01-01,3493
Terengganu,Hulu Terengganu,secondary,female,2023-06-30,3568
Terengganu,Hulu Terengganu,secondary,female,2024-06-30,3670
Terengganu,Hulu Terengganu,secondary,female,2025-06-30,3761
Terengganu,Hulu Terengganu,secondary,male,2017-01-01,3452
Terengganu,Hulu Terengganu,secondary,male,2018-01-01,3230
Terengganu,Hulu Terengganu,secondary,male,2019-01-01,3112
Terengganu,Hulu Terengganu,secondary,male,2020-01-01,3202
Terengganu,Hulu Terengganu,secondary,male,2021-01-01,3382
Terengganu,Hulu Terengganu,secondary,male,2022-01-01,3550
Terengganu,Hulu Terengganu,secondary,male,2023-06-30,3645
Terengganu,Hulu Terengganu,secondary,male,2024-06-30,3683
Terengganu,Hulu Terengganu,secondary,male,2025-06-30,3715
Terengganu,Hulu Terengganu,post_secondary,both,2018-01-01,429
Terengganu,Hulu Terengganu,post_secondary,both,2019-01-01,466
Terengganu,Hulu Terengganu,post_secondary,both,2020-01-01,236
Terengganu,Hulu Terengganu,post_secondary,both,2021-01-01,178
Terengganu,Hulu Terengganu,post_secondary,both,2022-01-01,210
Terengganu,Hulu Terengganu,post_secondary,both,2023-06-30,266
Terengganu,Hulu Terengganu,post_secondary,both,2024-06-30,242
Terengganu,Hulu Terengganu,post_secondary,both,2025-06-30,526
Terengganu,Hulu Terengganu,post_secondary,female,2018-01-01,322
Terengganu,Hulu Terengganu,post_secondary,female,2019-01-01,337
Terengganu,Hulu Terengganu,post_secondary,female,2020-01-01,171
Terengganu,Hulu Terengganu,post_secondary,female,2021-01-01,132
Terengganu,Hulu Terengganu,post_secondary,female,2022-01-01,151
Terengganu,Hulu Terengganu,post_secondary,female,2023-06-30,208
Terengganu,Hulu Terengganu,post_secondary,female,2024-06-30,191
Terengganu,Hulu Terengganu,post_secondary,female,2025-06-30,394
Terengganu,Hulu Terengganu,post_secondary,male,2018-01-01,107
Terengganu,Hulu Terengganu,post_secondary,male,2019-01-01,129
Terengganu,Hulu Terengganu,post_secondary,male,2020-01-01,65
Terengganu,Hulu Terengganu,post_secondary,male,2021-01-01,46
Terengganu,Hulu Terengganu,post_secondary,male,2022-01-01,59
Terengganu,Hulu Terengganu,post_secondary,male,2023-06-30,58
Terengganu,Hulu Terengganu,post_secondary,male,2024-06-30,51
Terengganu,Hulu Terengganu,post_secondary,male,2025-06-30,132
Terengganu,Kemaman,primary,both,2017-01-01,22198
Terengganu,Kemaman,primary,both,2018-01-01,22549
Terengganu,Kemaman,primary,both,2019-01-01,23164
Terengganu,Kemaman,primary,both,2020-01-01,23553
Terengganu,Kemaman,primary,both,2021-01-01,24135
Terengganu,Kemaman,primary,both,2022-01-01,24303
Terengganu,Kemaman,primary,both,2023-06-30,24855
Terengganu,Kemaman,primary,both,2024-06-30,25276
Terengganu,Kemaman,primary,both,2025-06-30,25549
Terengganu,Kemaman,primary,female,2017-01-01,10818
Terengganu,Kemaman,primary,female,2018-01-01,11004
Terengganu,Kemaman,primary,female,2019-01-01,11250
Terengganu,Kemaman,primary,female,2020-01-01,11450
Terengganu,Kemaman,primary,female,2021-01-01,11772
Terengganu,Kemaman,primary,female,2022-01-01,11869
Terengganu,Kemaman,primary,female,2023-06-30,12185
Terengganu,Kemaman,primary,female,2024-06-30,12394
Terengganu,Kemaman,primary,female,2025-06-30,12479
Terengganu,Kemaman,primary,male,2017-01-01,11380
Terengganu,Kemaman,primary,male,2018-01-01,11545
Terengganu,Kemaman,primary,male,2019-01-01,11914
Terengganu,Kemaman,primary,male,2020-01-01,12103
Terengganu,Kemaman,primary,male,2021-01-01,12363
Terengganu,Kemaman,primary,male,2022-01-01,12434
Terengganu,Kemaman,primary,male,2023-06-30,12670
Terengganu,Kemaman,primary,male,2024-06-30,12882
Terengganu,Kemaman,primary,male,2025-06-30,13070
Terengganu,Kemaman,secondary,both,2017-01-01,16376
Terengganu,Kemaman,secondary,both,2018-01-01,15085
Terengganu,Kemaman,secondary,both,2019-01-01,14995
Terengganu,Kemaman,secondary,both,2020-01-01,14923
Terengganu,Kemaman,secondary,both,2021-01-01,15355
Terengganu,Kemaman,secondary,both,2022-01-01,15585
Terengganu,Kemaman,secondary,both,2023-06-30,16082
Terengganu,Kemaman,secondary,both,2024-06-30,16688
Terengganu,Kemaman,secondary,both,2025-06-30,17243
Terengganu,Kemaman,secondary,female,2017-01-01,8315
Terengganu,Kemaman,secondary,female,2018-01-01,7545
Terengganu,Kemaman,secondary,female,2019-01-01,7619
Terengganu,Kemaman,secondary,female,2020-01-01,7596
Terengganu,Kemaman,secondary,female,2021-01-01,7750
Terengganu,Kemaman,secondary,female,2022-01-01,7910
Terengganu,Kemaman,secondary,female,2023-06-30,8094
Terengganu,Kemaman,secondary,female,2024-06-30,8265
Terengganu,Kemaman,secondary,female,2025-06-30,8504
Terengganu,Kemaman,secondary,male,2017-01-01,8061
Terengganu,Kemaman,secondary,male,2018-01-01,7540
Terengganu,Kemaman,secondary,male,2019-01-01,7376
Terengganu,Kemaman,secondary,male,2020-01-01,7327
Terengganu,Kemaman,secondary,male,2021-01-01,7605
Terengganu,Kemaman,secondary,male,2022-01-01,7675
Terengganu,Kemaman,secondary,male,2023-06-30,7988
Terengganu,Kemaman,secondary,male,2024-06-30,8423
Terengganu,Kemaman,secondary,male,2025-06-30,8739
Terengganu,Kemaman,post_secondary,both,2018-01-01,1013
Terengganu,Kemaman,post_secondary,both,2019-01-01,864
Terengganu,Kemaman,post_secondary,both,2020-01-01,437
Terengganu,Kemaman,post_secondary,both,2021-01-01,435
Terengganu,Kemaman,post_secondary,both,2022-01-01,594
Terengganu,Kemaman,post_secondary,both,2023-06-30,655
Terengganu,Kemaman,post_secondary,both,2024-06-30,569
Terengganu,Kemaman,post_secondary,both,2025-06-30,833
Terengganu,Kemaman,post_secondary,female,2018-01-01,621
Terengganu,Kemaman,post_secondary,female,2019-01-01,535
Terengganu,Kemaman,post_secondary,female,2020-01-01,247
Terengganu,Kemaman,post_secondary,female,2021-01-01,286
Terengganu,Kemaman,post_secondary,female,2022-01-01,294
Terengganu,Kemaman,post_secondary,female,2023-06-30,303
Terengganu,Kemaman,post_secondary,female,2024-06-30,283
Terengganu,Kemaman,post_secondary,female,2025-06-30,490
Terengganu,Kemaman,post_secondary,male,2018-01-01,392
Terengganu,Kemaman,post_secondary,male,2019-01-01,329
Terengganu,Kemaman,post_secondary,male,2020-01-01,190
Terengganu,Kemaman,post_secondary,male,2021-01-01,149
Terengganu,Kemaman,post_secondary,male,2022-01-01,300
Terengganu,Kemaman,post_secondary,male,2023-06-30,352
Terengganu,Kemaman,post_secondary,male,2024-06-30,286
Terengganu,Kemaman,post_secondary,male,2025-06-30,343
Terengganu,Kuala Nerus,primary,both,2017-01-01,13591
Terengganu,Kuala Nerus,primary,both,2018-01-01,13806
Terengganu,Kuala Nerus,primary,both,2019-01-01,14054
Terengganu,Kuala Nerus,primary,both,2020-01-01,14276
Terengganu,Kuala Nerus,primary,both,2021-01-01,14775
Terengganu,Kuala Nerus,primary,both,2022-01-01,15041
Terengganu,Kuala Nerus,primary,both,2023-06-30,15300
Terengganu,Kuala Nerus,primary,both,2024-06-30,15601
Terengganu,Kuala Nerus,primary,both,2025-06-30,15839
Terengganu,Kuala Nerus,primary,female,2017-01-01,6742
Terengganu,Kuala Nerus,primary,female,2018-01-01,6759
Terengganu,Kuala Nerus,primary,female,2019-01-01,6891
Terengganu,Kuala Nerus,primary,female,2020-01-01,7008
Terengganu,Kuala Nerus,primary,female,2021-01-01,7311
Terengganu,Kuala Nerus,primary,female,2022-01-01,7361
Terengganu,Kuala Nerus,primary,female,2023-06-30,7438
Terengganu,Kuala Nerus,primary,female,2024-06-30,7632
Terengganu,Kuala Nerus,primary,female,2025-06-30,7777
Terengganu,Kuala Nerus,primary,male,2017-01-01,6849
Terengganu,Kuala Nerus,primary,male,2018-01-01,7047
Terengganu,Kuala Nerus,primary,male,2019-01-01,7163
Terengganu,Kuala Nerus,primary,male,2020-01-01,7268
Terengganu,Kuala Nerus,primary,male,2021-01-01,7464
Terengganu,Kuala Nerus,primary,male,2022-01-01,7680
Terengganu,Kuala Nerus,primary,male,2023-06-30,7862
Terengganu,Kuala Nerus,primary,male,2024-06-30,7969
Terengganu,Kuala Nerus,primary,male,2025-06-30,8062
Terengganu,Kuala Nerus,secondary,both,2017-01-01,12864
Terengganu,Kuala Nerus,secondary,both,2018-01-01,11683
Terengganu,Kuala Nerus,secondary,both,2019-01-01,11513
Terengganu,Kuala Nerus,secondary,both,2020-01-01,11516
Terengganu,Kuala Nerus,secondary,both,2021-01-01,11940
Terengganu,Kuala Nerus,secondary,both,2022-01-01,12133
Terengganu,Kuala Nerus,secondary,both,2023-06-30,12341
Terengganu,Kuala Nerus,secondary,both,2024-06-30,12798
Terengganu,Kuala Nerus,secondary,both,2025-06-30,13188
Terengganu,Kuala Nerus,secondary,female,2017-01-01,6167
Terengganu,Kuala Nerus,secondary,female,2018-01-01,5647
Terengganu,Kuala Nerus,secondary,female,2019-01-01,5611
Terengganu,Kuala Nerus,secondary,female,2020-01-01,5602
Terengganu,Kuala Nerus,secondary,female,2021-01-01,5728
Terengganu,Kuala Nerus,secondary,female,2022-01-01,5833
Terengganu,Kuala Nerus,secondary,female,2023-06-30,5920
Terengganu,Kuala Nerus,secondary,female,2024-06-30,6048
Terengganu,Kuala Nerus,secondary,female,2025-06-30,6284
Terengganu,Kuala Nerus,secondary,male,2017-01-01,6697
Terengganu,Kuala Nerus,secondary,male,2018-01-01,6036
Terengganu,Kuala Nerus,secondary,male,2019-01-01,5902
Terengganu,Kuala Nerus,secondary,male,2020-01-01,5914
Terengganu,Kuala Nerus,secondary,male,2021-01-01,6212
Terengganu,Kuala Nerus,secondary,male,2022-01-01,6300
Terengganu,Kuala Nerus,secondary,male,2023-06-30,6421
Terengganu,Kuala Nerus,secondary,male,2024-06-30,6750
Terengganu,Kuala Nerus,secondary,male,2025-06-30,6904
Terengganu,Kuala Nerus,post_secondary,both,2018-01-01,879
Terengganu,Kuala Nerus,post_secondary,both,2019-01-01,770
Terengganu,Kuala Nerus,post_secondary,both,2020-01-01,506
Terengganu,Kuala Nerus,post_secondary,both,2021-01-01,413
Terengganu,Kuala Nerus,post_secondary,both,2022-01-01,482
Terengganu,Kuala Nerus,post_secondary,both,2023-06-30,543
Terengganu,Kuala Nerus,post_secondary,both,2024-06-30,481
Terengganu,Kuala Nerus,post_secondary,both,2025-06-30,695
Terengganu,Kuala Nerus,post_secondary,female,2018-01-01,410
Terengganu,Kuala Nerus,post_secondary,female,2019-01-01,373
Terengganu,Kuala Nerus,post_secondary,female,2020-01-01,219
Terengganu,Kuala Nerus,post_secondary,female,2021-01-01,181
Terengganu,Kuala Nerus,post_secondary,female,2022-01-01,176
Terengganu,Kuala Nerus,post_secondary,female,2023-06-30,201
Terengganu,Kuala Nerus,post_secondary,female,2024-06-30,187
Terengganu,Kuala Nerus,post_secondary,female,2025-06-30,319
Terengganu,Kuala Nerus,post_secondary,male,2018-01-01,469
Terengganu,Kuala Nerus,post_secondary,male,2019-01-01,397
Terengganu,Kuala Nerus,post_secondary,male,2020-01-01,287
Terengganu,Kuala Nerus,post_secondary,male,2021-01-01,232
Terengganu,Kuala Nerus,post_secondary,male,2022-01-01,306
Terengganu,Kuala Nerus,post_secondary,male,2023-06-30,342
Terengganu,Kuala Nerus,post_secondary,male,2024-06-30,294
Terengganu,Kuala Nerus,post_secondary,male,2025-06-30,376
Terengganu,Kuala Terengganu,primary,both,2017-01-01,25550
Terengganu,Kuala Terengganu,primary,both,2018-01-01,25854
Terengganu,Kuala Terengganu,primary,both,2019-01-01,26171
Terengganu,Kuala Terengganu,primary,both,2020-01-01,26760
Terengganu,Kuala Terengganu,primary,both,2021-01-01,27480
Terengganu,Kuala Terengganu,primary,both,2022-01-01,28017
Terengganu,Kuala Terengganu,primary,both,2023-06-30,28573
Terengganu,Kuala Terengganu,primary,both,2024-06-30,28933
Terengganu,Kuala Terengganu,primary,both,2025-06-30,29295
Terengganu,Kuala Terengganu,primary,female,2017-01-01,12571
Terengganu,Kuala Terengganu,primary,female,2018-01-01,12777
Terengganu,Kuala Terengganu,primary,female,2019-01-01,12834
Terengganu,Kuala Terengganu,primary,female,2020-01-01,13167
Terengganu,Kuala Terengganu,primary,female,2021-01-01,13521
Terengganu,Kuala Terengganu,primary,female,2022-01-01,13750
Terengganu,Kuala Terengganu,primary,female,2023-06-30,14049
Terengganu,Kuala Terengganu,primary,female,2024-06-30,14201
Terengganu,Kuala Terengganu,primary,female,2025-06-30,14431
Terengganu,Kuala Terengganu,primary,male,2017-01-01,12979
Terengganu,Kuala Terengganu,primary,male,2018-01-01,13077
Terengganu,Kuala Terengganu,primary,male,2019-01-01,13337
Terengganu,Kuala Terengganu,primary,male,2020-01-01,13593
Terengganu,Kuala Terengganu,primary,male,2021-01-01,13959
Terengganu,Kuala Terengganu,primary,male,2022-01-01,14267
Terengganu,Kuala Terengganu,primary,male,2023-06-30,14524
Terengganu,Kuala Terengganu,primary,male,2024-06-30,14732
Terengganu,Kuala Terengganu,primary,male,2025-06-30,14864
Terengganu,Kuala Terengganu,secondary,both,2017-01-01,20589
Terengganu,Kuala Terengganu,secondary,both,2018-01-01,18711
Terengganu,Kuala Terengganu,secondary,both,2019-01-01,18233
Terengganu,Kuala Terengganu,secondary,both,2020-01-01,18033
Terengganu,Kuala Terengganu,secondary,both,2021-01-01,18406
Terengganu,Kuala Terengganu,secondary,both,2022-01-01,18669
Terengganu,Kuala Terengganu,secondary,both,2023-06-30,18850
Terengganu,Kuala Terengganu,secondary,both,2024-06-30,19456
Terengganu,Kuala Terengganu,secondary,both,2025-06-30,19984
Terengganu,Kuala Terengganu,secondary,female,2017-01-01,10737
Terengganu,Kuala Terengganu,secondary,female,2018-01-01,9652
Terengganu,Kuala Terengganu,secondary,female,2019-01-01,9450
Terengganu,Kuala Terengganu,secondary,female,2020-01-01,9281
Terengganu,Kuala Terengganu,secondary,female,2021-01-01,9381
Terengganu,Kuala Terengganu,secondary,female,2022-01-01,9520
Terengganu,Kuala Terengganu,secondary,female,2023-06-30,9565
Terengganu,Kuala Terengganu,secondary,female,2024-06-30,9832
Terengganu,Kuala Terengganu,secondary,female,2025-06-30,10097
Terengganu,Kuala Terengganu,secondary,male,2017-01-01,9852
Terengganu,Kuala Terengganu,secondary,male,2018-01-01,9059
Terengganu,Kuala Terengganu,secondary,male,2019-01-01,8783
Terengganu,Kuala Terengganu,secondary,male,2020-01-01,8752
Terengganu,Kuala Terengganu,secondary,male,2021-01-01,9025
Terengganu,Kuala Terengganu,secondary,male,2022-01-01,9149
Terengganu,Kuala Terengganu,secondary,male,2023-06-30,9285
Terengganu,Kuala Terengganu,secondary,male,2024-06-30,9624
Terengganu,Kuala Terengganu,secondary,male,2025-06-30,9887
Terengganu,Kuala Terengganu,post_secondary,both,2018-01-01,1145
Terengganu,Kuala Terengganu,post_secondary,both,2019-01-01,1173
Terengganu,Kuala Terengganu,post_secondary,both,2020-01-01,594
Terengganu,Kuala Terengganu,post_secondary,both,2021-01-01,623
Terengganu,Kuala Terengganu,post_secondary,both,2022-01-01,550
Terengganu,Kuala Terengganu,post_secondary,both,2023-06-30,558
Terengganu,Kuala Terengganu,post_secondary,both,2024-06-30,601
Terengganu,Kuala Terengganu,post_secondary,both,2025-06-30,1046
Terengganu,Kuala Terengganu,post_secondary,female,2018-01-01,789
Terengganu,Kuala Terengganu,post_secondary,female,2019-01-01,819
Terengganu,Kuala Terengganu,post_secondary,female,2020-01-01,431
Terengganu,Kuala Terengganu,post_secondary,female,2021-01-01,448
Terengganu,Kuala Terengganu,post_secondary,female,2022-01-01,371
Terengganu,Kuala Terengganu,post_secondary,female,2023-06-30,345
Terengganu,Kuala Terengganu,post_secondary,female,2024-06-30,401
Terengganu,Kuala Terengganu,post_secondary,female,2025-06-30,674
Terengganu,Kuala Terengganu,post_secondary,male,2018-01-01,356
Terengganu,Kuala Terengganu,post_secondary,male,2019-01-01,354
Terengganu,Kuala Terengganu,post_secondary,male,2020-01-01,163
Terengganu,Kuala Terengganu,post_secondary,male,2021-01-01,175
Terengganu,Kuala Terengganu,post_secondary,male,2022-01-01,179
Terengganu,Kuala Terengganu,post_secondary,male,2023-06-30,213
Terengganu,Kuala Terengganu,post_secondary,male,2024-06-30,200
Terengganu,Kuala Terengganu,post_secondary,male,2025-06-30,372
Terengganu,Marang,primary,both,2017-01-01,11590
Terengganu,Marang,primary,both,2018-01-01,11784
Terengganu,Marang,primary,both,2019-01-01,11980
Terengganu,Marang,primary,both,2020-01-01,12189
Terengganu,Marang,primary,both,2021-01-01,12563
Terengganu,Marang,primary,both,2022-01-01,12763
Terengganu,Marang,primary,both,2023-06-30,12881
Terengganu,Marang,primary,both,2024-06-30,13137
Terengganu,Marang,primary,both,2025-06-30,13215
Terengganu,Marang,primary,female,2017-01-01,5614
Terengganu,Marang,primary,female,2018-01-01,5692
Terengganu,Marang,primary,female,2019-01-01,5771
Terengganu,Marang,primary,female,2020-01-01,5864
Terengganu,Marang,primary,female,2021-01-01,5962
Terengganu,Marang,primary,female,2022-01-01,6092
Terengganu,Marang,primary,female,2023-06-30,6142
Terengganu,Marang,primary,female,2024-06-30,6294
Terengganu,Marang,primary,female,2025-06-30,6367
Terengganu,Marang,primary,male,2017-01-01,5976
Terengganu,Marang,primary,male,2018-01-01,6092
Terengganu,Marang,primary,male,2019-01-01,6209
Terengganu,Marang,primary,male,2020-01-01,6325
Terengganu,Marang,primary,male,2021-01-01,6601
Terengganu,Marang,primary,male,2022-01-01,6671
Terengganu,Marang,primary,male,2023-06-30,6739
Terengganu,Marang,primary,male,2024-06-30,6843
Terengganu,Marang,primary,male,2025-06-30,6848
Terengganu,Marang,secondary,both,2017-01-01,9605
Terengganu,Marang,secondary,both,2018-01-01,8630
Terengganu,Marang,secondary,both,2019-01-01,8751
Terengganu,Marang,secondary,both,2020-01-01,8778
Terengganu,Marang,secondary,both,2021-01-01,8966
Terengganu,Marang,secondary,both,2022-01-01,9305
Terengganu,Marang,secondary,both,2023-06-30,9473
Terengganu,Marang,secondary,both,2024-06-30,9772
Terengganu,Marang,secondary,both,2025-06-30,10222
Terengganu,Marang,secondary,female,2017-01-01,5012
Terengganu,Marang,secondary,female,2018-01-01,4483
Terengganu,Marang,secondary,female,2019-01-01,4514
Terengganu,Marang,secondary,female,2020-01-01,4454
Terengganu,Marang,secondary,female,2021-01-01,4522
Terengganu,Marang,secondary,female,2022-01-01,4652
Terengganu,Marang,secondary,female,2023-06-30,4721
Terengganu,Marang,secondary,female,2024-06-30,4847
Terengganu,Marang,secondary,female,2025-06-30,5027
Terengganu,Marang,secondary,male,2017-01-01,4593
Terengganu,Marang,secondary,male,2018-01-01,4147
Terengganu,Marang,secondary,male,2019-01-01,4237
Terengganu,Marang,secondary,male,2020-01-01,4324
Terengganu,Marang,secondary,male,2021-01-01,4444
Terengganu,Marang,secondary,male,2022-01-01,4653
Terengganu,Marang,secondary,male,2023-06-30,4752
Terengganu,Marang,secondary,male,2024-06-30,4925
Terengganu,Marang,secondary,male,2025-06-30,5195
Terengganu,Marang,post_secondary,both,2018-01-01,594
Terengganu,Marang,post_secondary,both,2019-01-01,599
Terengganu,Marang,post_secondary,both,2020-01-01,307
Terengganu,Marang,post_secondary,both,2021-01-01,218
Terengganu,Marang,post_secondary,both,2022-01-01,234
Terengganu,Marang,post_secondary,both,2023-06-30,230
Terengganu,Marang,post_secondary,both,2024-06-30,261
Terengganu,Marang,post_secondary,both,2025-06-30,535
Terengganu,Marang,post_secondary,female,2018-01-01,419
Terengganu,Marang,post_secondary,female,2019-01-01,449
Terengganu,Marang,post_secondary,female,2020-01-01,233
Terengganu,Marang,post_secondary,female,2021-01-01,158
Terengganu,Marang,post_secondary,female,2022-01-01,165
Terengganu,Marang,post_secondary,female,2023-06-30,164
Terengganu,Marang,post_secondary,female,2024-06-30,175
Terengganu,Marang,post_secondary,female,2025-06-30,359
Terengganu,Marang,post_secondary,male,2018-01-01,175
Terengganu,Marang,post_secondary,male,2019-01-01,150
Terengganu,Marang,post_secondary,male,2020-01-01,74
Terengganu,Marang,post_secondary,male,2021-01-01,60
Terengganu,Marang,post_secondary,male,2022-01-01,69
Terengganu,Marang,post_secondary,male,2023-06-30,66
Terengganu,Marang,post_secondary,male,2024-06-30,86
Terengganu,Marang,post_secondary,male,2025-06-30,176
Terengganu,Setiu,primary,both,2017-01-01,7737
Terengganu,Setiu,primary,both,2018-01-01,7832
Terengganu,Setiu,primary,both,2019-01-01,7922
Terengganu,Setiu,primary,both,2020-01-01,7941
Terengganu,Setiu,primary,both,2021-01-01,7921
Terengganu,Setiu,primary,both,2022-01-01,7826
Terengganu,Setiu,primary,both,2023-06-30,7802
Terengganu,Setiu,primary,both,2024-06-30,7685
Terengganu,Setiu,primary,both,2025-06-30,7635
Terengganu,Setiu,primary,female,2017-01-01,3751
Terengganu,Setiu,primary,female,2018-01-01,3793
Terengganu,Setiu,primary,female,2019-01-01,3827
Terengganu,Setiu,primary,female,2020-01-01,3834
Terengganu,Setiu,primary,female,2021-01-01,3868
Terengganu,Setiu,primary,female,2022-01-01,3795
Terengganu,Setiu,primary,female,2023-06-30,3788
Terengganu,Setiu,primary,female,2024-06-30,3752
Terengganu,Setiu,primary,female,2025-06-30,3753
Terengganu,Setiu,primary,male,2017-01-01,3986
Terengganu,Setiu,primary,male,2018-01-01,4039
Terengganu,Setiu,primary,male,2019-01-01,4095
Terengganu,Setiu,primary,male,2020-01-01,4107
Terengganu,Setiu,primary,male,2021-01-01,4053
Terengganu,Setiu,primary,male,2022-01-01,4031
Terengganu,Setiu,primary,male,2023-06-30,4014
Terengganu,Setiu,primary,male,2024-06-30,3933
Terengganu,Setiu,primary,male,2025-06-30,3882
Terengganu,Setiu,secondary,both,2017-01-01,6631
Terengganu,Setiu,secondary,both,2018-01-01,6104
Terengganu,Setiu,secondary,both,2019-01-01,5936
Terengganu,Setiu,secondary,both,2020-01-01,5796
Terengganu,Setiu,secondary,both,2021-01-01,6281
Terengganu,Setiu,secondary,both,2022-01-01,6596
Terengganu,Setiu,secondary,both,2023-06-30,6537
Terengganu,Setiu,secondary,both,2024-06-30,6571
Terengganu,Setiu,secondary,both,2025-06-30,6724
Terengganu,Setiu,secondary,female,2017-01-01,3423
Terengganu,Setiu,secondary,female,2018-01-01,3149
Terengganu,Setiu,secondary,female,2019-01-01,3051
Terengganu,Setiu,secondary,female,2020-01-01,2952
Terengganu,Setiu,secondary,female,2021-01-01,3151
Terengganu,Setiu,secondary,female,2022-01-01,3279
Terengganu,Setiu,secondary,female,2023-06-30,3210
Terengganu,Setiu,secondary,female,2024-06-30,3237
Terengganu,Setiu,secondary,female,2025-06-30,3313
Terengganu,Setiu,secondary,male,2017-01-01,3208
Terengganu,Setiu,secondary,male,2018-01-01,2955
Terengganu,Setiu,secondary,male,2019-01-01,2885
Terengganu,Setiu,secondary,male,2020-01-01,2844
Terengganu,Setiu,secondary,male,2021-01-01,3130
Terengganu,Setiu,secondary,male,2022-01-01,3317
Terengganu,Setiu,secondary,male,2023-06-30,3327
Terengganu,Setiu,secondary,male,2024-06-30,3334
Terengganu,Setiu,secondary,male,2025-06-30,3411
Terengganu,Setiu,post_secondary,both,2018-01-01,347
Terengganu,Setiu,post_secondary,both,2019-01-01,421
Terengganu,Setiu,post_secondary,both,2020-01-01,212
Terengganu,Setiu,post_secondary,both,2021-01-01,168
Terengganu,Setiu,post_secondary,both,2022-01-01,137
Terengganu,Setiu,post_secondary,both,2023-06-30,169
Terengganu,Setiu,post_secondary,both,2024-06-30,173
Terengganu,Setiu,post_secondary,both,2025-06-30,360
Terengganu,Setiu,post_secondary,female,2018-01-01,247
Terengganu,Setiu,post_secondary,female,2019-01-01,309
Terengganu,Setiu,post_secondary,female,2020-01-01,163
Terengganu,Setiu,post_secondary,female,2021-01-01,119
Terengganu,Setiu,post_secondary,female,2022-01-01,85
Terengganu,Setiu,post_secondary,female,2023-06-30,125
Terengganu,Setiu,post_secondary,female,2024-06-30,125
Terengganu,Setiu,post_secondary,female,2025-06-30,263
Terengganu,Setiu,post_secondary,male,2018-01-01,100
Terengganu,Setiu,post_secondary,male,2019-01-01,112
Terengganu,Setiu,post_secondary,male,2020-01-01,49
Terengganu,Setiu,post_secondary,male,2021-01-01,49
Terengganu,Setiu,post_secondary,male,2022-01-01,52
Terengganu,Setiu,post_secondary,male,2023-06-30,44
Terengganu,Setiu,post_secondary,male,2024-06-30,48
Terengganu,Setiu,post_secondary,male,2025-06-30,97
W.P. Kuala Lumpur,All Districts,primary,both,2017-01-01,126729
W.P. Kuala Lumpur,All Districts,primary,both,2018-01-01,127633
W.P. Kuala Lumpur,All Districts,primary,both,2019-01-01,130276
W.P. Kuala Lumpur,All Districts,primary,both,2020-01-01,131465
W.P. Kuala Lumpur,All Districts,primary,both,2021-01-01,133248
W.P. Kuala Lumpur,All Districts,primary,both,2022-01-01,133531
W.P. Kuala Lumpur,All Districts,primary,both,2023-06-30,135553
W.P. Kuala Lumpur,All Districts,primary,both,2024-06-30,136767
W.P. Kuala Lumpur,All Districts,primary,both,2025-06-30,135689
W.P. Kuala Lumpur,All Districts,primary,female,2017-01-01,62314
W.P. Kuala Lumpur,All Districts,primary,female,2018-01-01,62699
W.P. Kuala Lumpur,All Districts,primary,female,2019-01-01,64030
W.P. Kuala Lumpur,All Districts,primary,female,2020-01-01,64722
W.P. Kuala Lumpur,All Districts,primary,female,2021-01-01,65576
W.P. Kuala Lumpur,All Districts,primary,female,2022-01-01,65648
W.P. Kuala Lumpur,All Districts,primary,female,2023-06-30,66469
W.P. Kuala Lumpur,All Districts,primary,female,2024-06-30,67214
W.P. Kuala Lumpur,All Districts,primary,female,2025-06-30,66896
W.P. Kuala Lumpur,All Districts,primary,male,2017-01-01,64415
W.P. Kuala Lumpur,All Districts,primary,male,2018-01-01,64934
W.P. Kuala Lumpur,All Districts,primary,male,2019-01-01,66246
W.P. Kuala Lumpur,All Districts,primary,male,2020-01-01,66743
W.P. Kuala Lumpur,All Districts,primary,male,2021-01-01,67672
W.P. Kuala Lumpur,All Districts,primary,male,2022-01-01,67883
W.P. Kuala Lumpur,All Districts,primary,male,2023-06-30,69084
W.P. Kuala Lumpur,All Districts,primary,male,2024-06-30,69553
W.P. Kuala Lumpur,All Districts,primary,male,2025-06-30,68793
W.P. Kuala Lumpur,All Districts,secondary,both,2017-01-01,92648
W.P. Kuala Lumpur,All Districts,secondary,both,2018-01-01,86265
W.P. Kuala Lumpur,All Districts,secondary,both,2019-01-01,84761
W.P. Kuala Lumpur,All Districts,secondary,both,2020-01-01,84940
W.P. Kuala Lumpur,All Districts,secondary,both,2021-01-01,86009
W.P. Kuala Lumpur,All Districts,secondary,both,2022-01-01,86197
W.P. Kuala Lumpur,All Districts,secondary,both,2023-06-30,86237
W.P. Kuala Lumpur,All Districts,secondary,both,2024-06-30,87436
W.P. Kuala Lumpur,All Districts,secondary,both,2025-06-30,88926
W.P. Kuala Lumpur,All Districts,secondary,female,2017-01-01,46354
W.P. Kuala Lumpur,All Districts,secondary,female,2018-01-01,42815
W.P. Kuala Lumpur,All Districts,secondary,female,2019-01-01,42100
W.P. Kuala Lumpur,All Districts,secondary,female,2020-01-01,42032
W.P. Kuala Lumpur,All Districts,secondary,female,2021-01-01,42402
W.P. Kuala Lumpur,All Districts,secondary,female,2022-01-01,42593
W.P. Kuala Lumpur,All Districts,secondary,female,2023-06-30,42652
W.P. Kuala Lumpur,All Districts,secondary,female,2024-06-30,43116
W.P. Kuala Lumpur,All Districts,secondary,female,2025-06-30,43792
W.P. Kuala Lumpur,All Districts,secondary,male,2017-01-01,46294
W.P. Kuala Lumpur,All Districts,secondary,male,2018-01-01,43450
W.P. Kuala Lumpur,All Districts,secondary,male,2019-01-01,42661
W.P. Kuala Lumpur,All Districts,secondary,male,2020-01-01,42908
W.P. Kuala Lumpur,All Districts,secondary,male,2021-01-01,43607
W.P. Kuala Lumpur,All Districts,secondary,male,2022-01-01,43604
W.P. Kuala Lumpur,All Districts,secondary,male,2023-06-30,43585
W.P. Kuala Lumpur,All Districts,secondary,male,2024-06-30,44320
W.P. Kuala Lumpur,All Districts,secondary,male,2025-06-30,45134
W.P. Kuala Lumpur,All Districts,post_secondary,both,2018-01-01,3106
W.P. Kuala Lumpur,All Districts,post_secondary,both,2019-01-01,3101
W.P. Kuala Lumpur,All Districts,post_secondary,both,2020-01-01,1864
W.P. Kuala Lumpur,All Districts,post_secondary,both,2021-01-01,1598
W.P. Kuala Lumpur,All Districts,post_secondary,both,2022-01-01,1737
W.P. Kuala Lumpur,All Districts,post_secondary,both,2023-06-30,1768
W.P. Kuala Lumpur,All Districts,post_secondary,both,2024-06-30,1724
W.P. Kuala Lumpur,All Districts,post_secondary,both,2025-06-30,3097
W.P. Kuala Lumpur,All Districts,post_secondary,female,2018-01-01,1876
W.P. Kuala Lumpur,All Districts,post_secondary,female,2019-01-01,1881
W.P. Kuala Lumpur,All Districts,post_secondary,female,2020-01-01,1066
W.P. Kuala Lumpur,All Districts,post_secondary,female,2021-01-01,1004
W.P. Kuala Lumpur,All Districts,post_secondary,female,2022-01-01,1002
W.P. Kuala Lumpur,All Districts,post_secondary,female,2023-06-30,968
W.P. Kuala Lumpur,All Districts,post_secondary,female,2024-06-30,972
W.P. Kuala Lumpur,All Districts,post_secondary,female,2025-06-30,1875
W.P. Kuala Lumpur,All Districts,post_secondary,male,2018-01-01,1230
W.P. Kuala Lumpur,All Districts,post_secondary,male,2019-01-01,1220
W.P. Kuala Lumpur,All Districts,post_secondary,male,2020-01-01,798
W.P. Kuala Lumpur,All Districts,post_secondary,male,2021-01-01,594
W.P. Kuala Lumpur,All Districts,post_secondary,male,2022-01-01,735
W.P. Kuala Lumpur,All Districts,post_secondary,male,2023-06-30,800
W.P. Kuala Lumpur,All Districts,post_secondary,male,2024-06-30,752
W.P. Kuala Lumpur,All Districts,post_secondary,male,2025-06-30,1222
W.P. Kuala Lumpur,W.P. Kuala Lumpur,primary,both,2017-01-01,126729
W.P. Kuala Lumpur,W.P. Kuala Lumpur,primary,both,2018-01-01,127633
W.P. Kuala Lumpur,W.P. Kuala Lumpur,primary,both,2019-01-01,130276
W.P. Kuala Lumpur,W.P. Kuala Lumpur,primary,both,2020-01-01,131465
W.P. Kuala Lumpur,W.P. Kuala Lumpur,primary,both,2021-01-01,133248
W.P. Kuala Lumpur,W.P. Kuala Lumpur,primary,both,2022-01-01,133531
W.P. Kuala Lumpur,W.P. Kuala Lumpur,primary,both,2023-06-30,135553
W.P. Kuala Lumpur,W.P. Kuala Lumpur,primary,both,2024-06-30,136767
W.P. Kuala Lumpur,W.P. Kuala Lumpur,primary,both,2025-06-30,135689
W.P. Kuala Lumpur,W.P. Kuala Lumpur,primary,female,2017-01-01,62314
W.P. Kuala Lumpur,W.P. Kuala Lumpur,primary,female,2018-01-01,62699
W.P. Kuala Lumpur,W.P. Kuala Lumpur,primary,female,2019-01-01,64030
W.P. Kuala Lumpur,W.P. Kuala Lumpur,primary,female,2020-01-01,64722
W.P. Kuala Lumpur,W.P. Kuala Lumpur,primary,female,2021-01-01,65576
W.P. Kuala Lumpur,W.P. Kuala Lumpur,primary,female,2022-01-01,65648
W.P. Kuala Lumpur,W.P. Kuala Lumpur,primary,female,2023-06-30,66469
W.P. Kuala Lumpur,W.P. Kuala Lumpur,primary,female,2024-06-30,67214
W.P. Kuala Lumpur,W.P. Kuala Lumpur,primary,female,2025-06-30,66896
W.P. Kuala Lumpur,W.P. Kuala Lumpur,primary,male,2017-01-01,64415
W.P. Kuala Lumpur,W.P. Kuala Lumpur,primary,male,2018-01-01,64934
W.P. Kuala Lumpur,W.P. Kuala Lumpur,primary,male,2019-01-01,66246
W.P. Kuala Lumpur,W.P. Kuala Lumpur,primary,male,2020-01-01,66743
W.P. Kuala Lumpur,W.P. Kuala Lumpur,primary,male,2021-01-01,67672
W.P. Kuala Lumpur,W.P. Kuala Lumpur,primary,male,2022-01-01,67883
W.P. Kuala Lumpur,W.P. Kuala Lumpur,primary,male,2023-06-30,69084
W.P. Kuala Lumpur,W.P. Kuala Lumpur,primary,male,2024-06-30,69553
W.P. Kuala Lumpur,W.P. Kuala Lumpur,primary,male,2025-06-30,68793
W.P. Kuala Lumpur,W.P. Kuala Lumpur,secondary,both,2017-01-01,92648
W.P. Kuala Lumpur,W.P. Kuala Lumpur,secondary,both,2018-01-01,86265
W.P. Kuala Lumpur,W.P. Kuala Lumpur,secondary,both,2019-01-01,84761
W.P. Kuala Lumpur,W.P. Kuala Lumpur,secondary,both,2020-01-01,84940
W.P. Kuala Lumpur,W.P. Kuala Lumpur,secondary,both,2021-01-01,86009
W.P. Kuala Lumpur,W.P. Kuala Lumpur,secondary,both,2022-01-01,86197
W.P. Kuala Lumpur,W.P. Kuala Lumpur,secondary,both,2023-06-30,86237
W.P. Kuala Lumpur,W.P. Kuala Lumpur,secondary,both,2024-06-30,87436
W.P. Kuala Lumpur,W.P. Kuala Lumpur,secondary,both,2025-06-30,88926
W.P. Kuala Lumpur,W.P. Kuala Lumpur,secondary,female,2017-01-01,46354
W.P. Kuala Lumpur,W.P. Kuala Lumpur,secondary,female,2018-01-01,42815
W.P. Kuala Lumpur,W.P. Kuala Lumpur,secondary,female,2019-01-01,42100
W.P. Kuala Lumpur,W.P. Kuala Lumpur,secondary,female,2020-01-01,42032
W.P. Kuala Lumpur,W.P. Kuala Lumpur,secondary,female,2021-01-01,42402
W.P. Kuala Lumpur,W.P. Kuala Lumpur,secondary,female,2022-01-01,42593
W.P. Kuala Lumpur,W.P. Kuala Lumpur,secondary,female,2023-06-30,42652
W.P. Kuala Lumpur,W.P. Kuala Lumpur,secondary,female,2024-06-30,43116
W.P. Kuala Lumpur,W.P. Kuala Lumpur,secondary,female,2025-06-30,43792
W.P. Kuala Lumpur,W.P. Kuala Lumpur,secondary,male,2017-01-01,46294
W.P. Kuala Lumpur,W.P. Kuala Lumpur,secondary,male,2018-01-01,43450
W.P. Kuala Lumpur,W.P. Kuala Lumpur,secondary,male,2019-01-01,42661
W.P. Kuala Lumpur,W.P. Kuala Lumpur,secondary,male,2020-01-01,42908
W.P. Kuala Lumpur,W.P. Kuala Lumpur,secondary,male,2021-01-01,43607
W.P. Kuala Lumpur,W.P. Kuala Lumpur,secondary,male,2022-01-01,43604
W.P. Kuala Lumpur,W.P. Kuala Lumpur,secondary,male,2023-06-30,43585
W.P. Kuala Lumpur,W.P. Kuala Lumpur,secondary,male,2024-06-30,44320
W.P. Kuala Lumpur,W.P. Kuala Lumpur,secondary,male,2025-06-30,45134
W.P. Kuala Lumpur,W.P. Kuala Lumpur,post_secondary,both,2018-01-01,3106
W.P. Kuala Lumpur,W.P. Kuala Lumpur,post_secondary,both,2019-01-01,3101
W.P. Kuala Lumpur,W.P. Kuala Lumpur,post_secondary,both,2020-01-01,1864
W.P. Kuala Lumpur,W.P. Kuala Lumpur,post_secondary,both,2021-01-01,1598
W.P. Kuala Lumpur,W.P. Kuala Lumpur,post_secondary,both,2022-01-01,1737
W.P. Kuala Lumpur,W.P. Kuala Lumpur,post_secondary,both,2023-06-30,1768
W.P. Kuala Lumpur,W.P. Kuala Lumpur,post_secondary,both,2024-06-30,1724
W.P. Kuala Lumpur,W.P. Kuala Lumpur,post_secondary,both,2025-06-30,3097
W.P. Kuala Lumpur,W.P. Kuala Lumpur,post_secondary,female,2018-01-01,1876
W.P. Kuala Lumpur,W.P. Kuala Lumpur,post_secondary,female,2019-01-01,1881
W.P. Kuala Lumpur,W.P. Kuala Lumpur,post_secondary,female,2020-01-01,1066
W.P. Kuala Lumpur,W.P. Kuala Lumpur,post_secondary,female,2021-01-01,1004
W.P. Kuala Lumpur,W.P. Kuala Lumpur,post_secondary,female,2022-01-01,1002
W.P. Kuala Lumpur,W.P. Kuala Lumpur,post_secondary,female,2023-06-30,968
W.P. Kuala Lumpur,W.P. Kuala Lumpur,post_secondary,female,2024-06-30,972
W.P. Kuala Lumpur,W.P. Kuala Lumpur,post_secondary,female,2025-06-30,1875
W.P. Kuala Lumpur,W.P. Kuala Lumpur,post_secondary,male,2018-01-01,1230
W.P. Kuala Lumpur,W.P. Kuala Lumpur,post_secondary,male,2019-01-01,1220
W.P. Kuala Lumpur,W.P. Kuala Lumpur,post_secondary,male,2020-01-01,798
W.P. Kuala Lumpur,W.P. Kuala Lumpur,post_secondary,male,2021-01-01,594
W.P. Kuala Lumpur,W.P. Kuala Lumpur,post_secondary,male,2022-01-01,735
W.P. Kuala Lumpur,W.P. Kuala Lumpur,post_secondary,male,2023-06-30,800
W.P. Kuala Lumpur,W.P. Kuala Lumpur,post_secondary,male,2024-06-30,752
W.P. Kuala Lumpur,W.P. Kuala Lumpur,post_secondary,male,2025-06-30,1222
W.P. Labuan,All Districts,primary,both,2017-01-01,8769
W.P. Labuan,All Districts,primary,both,2018-01-01,9065
W.P. Labuan,All Districts,primary,both,2019-01-01,9393
W.P. Labuan,All Districts,primary,both,2020-01-01,9703
W.P. Labuan,All Districts,primary,both,2021-01-01,9864
W.P. Labuan,All Districts,primary,both,2022-01-01,9925
W.P. Labuan,All Districts,primary,both,2023-06-30,10095
W.P. Labuan,All Districts,primary,both,2024-06-30,10132
W.P. Labuan,All Districts,primary,both,2025-06-30,10209
W.P. Labuan,All Districts,primary,female,2017-01-01,4278
W.P. Labuan,All Districts,primary,female,2018-01-01,4434
W.P. Labuan,All Districts,primary,female,2019-01-01,4577
W.P. Labuan,All Districts,primary,female,2020-01-01,4714
W.P. Labuan,All Districts,primary,female,2021-01-01,4764
W.P. Labuan,All Districts,primary,female,2022-01-01,4773
W.P. Labuan,All Districts,primary,female,2023-06-30,4870
W.P. Labuan,All Districts,primary,female,2024-06-30,4903
W.P. Labuan,All Districts,primary,female,2025-06-30,4858
W.P. Labuan,All Districts,primary,male,2017-01-01,4491
W.P. Labuan,All Districts,primary,male,2018-01-01,4631
W.P. Labuan,All Districts,primary,male,2019-01-01,4816
W.P. Labuan,All Districts,primary,male,2020-01-01,4989
W.P. Labuan,All Districts,primary,male,2021-01-01,5100
W.P. Labuan,All Districts,primary,male,2022-01-01,5152
W.P. Labuan,All Districts,primary,male,2023-06-30,5225
W.P. Labuan,All Districts,primary,male,2024-06-30,5229
W.P. Labuan,All Districts,primary,male,2025-06-30,5351
W.P. Labuan,All Districts,secondary,both,2017-01-01,6479
W.P. Labuan,All Districts,secondary,both,2018-01-01,5710
W.P. Labuan,All Districts,secondary,both,2019-01-01,5765
W.P. Labuan,All Districts,secondary,both,2020-01-01,5973
W.P. Labuan,All Districts,secondary,both,2021-01-01,6317
W.P. Labuan,All Districts,secondary,both,2022-01-01,6821
W.P. Labuan,All Districts,secondary,both,2023-06-30,7027
W.P. Labuan,All Districts,secondary,both,2024-06-30,7482
W.P. Labuan,All Districts,secondary,both,2025-06-30,7725
W.P. Labuan,All Districts,secondary,female,2017-01-01,3176
W.P. Labuan,All Districts,secondary,female,2018-01-01,2746
W.P. Labuan,All Districts,secondary,female,2019-01-01,2784
W.P. Labuan,All Districts,secondary,female,2020-01-01,2881
W.P. Labuan,All Districts,secondary,female,2021-01-01,3053
W.P. Labuan,All Districts,secondary,female,2022-01-01,3358
W.P. Labuan,All Districts,secondary,female,2023-06-30,3463
W.P. Labuan,All Districts,secondary,female,2024-06-30,3607
W.P. Labuan,All Districts,secondary,female,2025-06-30,3758
W.P. Labuan,All Districts,secondary,male,2017-01-01,3303
W.P. Labuan,All Districts,secondary,male,2018-01-01,2964
W.P. Labuan,All Districts,secondary,male,2019-01-01,2981
W.P. Labuan,All Districts,secondary,male,2020-01-01,3092
W.P. Labuan,All Districts,secondary,male,2021-01-01,3264
W.P. Labuan,All Districts,secondary,male,2022-01-01,3463
W.P. Labuan,All Districts,secondary,male,2023-06-30,3564
W.P. Labuan,All Districts,secondary,male,2024-06-30,3875
W.P. Labuan,All Districts,secondary,male,2025-06-30,3967
W.P. Labuan,All Districts,post_secondary,both,2018-01-01,613
W.P. Labuan,All Districts,post_secondary,both,2019-01-01,607
W.P. Labuan,All Districts,post_secondary,both,2020-01-01,303
W.P. Labuan,All Districts,post_secondary,both,2021-01-01,232
W.P. Labuan,All Districts,post_secondary,both,2022-01-01,281
W.P. Labuan,All Districts,post_secondary,both,2023-06-30,373
W.P. Labuan,All Districts,post_secondary,both,2024-06-30,298
W.P. Labuan,All Districts,post_secondary,both,2025-06-30,596
W.P. Labuan,All Districts,post_secondary,female,2018-01-01,299
W.P. Labuan,All Districts,post_secondary,female,2019-01-01,293
W.P. Labuan,All Districts,post_secondary,female,2020-01-01,140
W.P. Labuan,All Districts,post_secondary,female,2021-01-01,149
W.P. Labuan,All Districts,post_secondary,female,2022-01-01,130
W.P. Labuan,All Districts,post_secondary,female,2023-06-30,126
W.P. Labuan,All Districts,post_secondary,female,2024-06-30,120
W.P. Labuan,All Districts,post_secondary,female,2025-06-30,325
W.P. Labuan,All Districts,post_secondary,male,2018-01-01,314
W.P. Labuan,All Districts,post_secondary,male,2019-01-01,314
W.P. Labuan,All Districts,post_secondary,male,2020-01-01,163
W.P. Labuan,All Districts,post_secondary,male,2021-01-01,83
W.P. Labuan,All Districts,post_secondary,male,2022-01-01,151
W.P. Labuan,All Districts,post_secondary,male,2023-06-30,247
W.P. Labuan,All Districts,post_secondary,male,2024-06-30,178
W.P. Labuan,All Districts,post_secondary,male,2025-06-30,271
W.P. Labuan,W.P. Labuan,primary,both,2017-01-01,8769
W.P. Labuan,W.P. Labuan,primary,both,2018-01-01,9065
W.P. Labuan,W.P. Labuan,primary,both,2019-01-01,9393
W.P. Labuan,W.P. Labuan,primary,both,2020-01-01,9703
W.P. Labuan,W.P. Labuan,primary,both,2021-01-01,9864
W.P. Labuan,W.P. Labuan,primary,both,2022-01-01,9925
W.P. Labuan,W.P. Labuan,primary,both,2023-06-30,10095
W.P. Labuan,W.P. Labuan,primary,both,2024-06-30,10132
W.P. Labuan,W.P. Labuan,primary,both,2025-06-30,10209
W.P. Labuan,W.P. Labuan,primary,female,2017-01-01,4278
W.P. Labuan,W.P. Labuan,primary,female,2018-01-01,4434
W.P. Labuan,W.P. Labuan,primary,female,2019-01-01,4577
W.P. Labuan,W.P. Labuan,primary,female,2020-01-01,4714
W.P. Labuan,W.P. Labuan,primary,female,2021-01-01,4764
W.P. Labuan,W.P. Labuan,primary,female,2022-01-01,4773
W.P. Labuan,W.P. Labuan,primary,female,2023-06-30,4870
W.P. Labuan,W.P. Labuan,primary,female,2024-06-30,4903
W.P. Labuan,W.P. Labuan,primary,female,2025-06-30,4858
W.P. Labuan,W.P. Labuan,primary,male,2017-01-01,4491
W.P. Labuan,W.P. Labuan,primary,male,2018-01-01,4631
W.P. Labuan,W.P. Labuan,primary,male,2019-01-01,4816
W.P. Labuan,W.P. Labuan,primary,male,2020-01-01,4989
W.P. Labuan,W.P. Labuan,primary,male,2021-01-01,5100
W.P. Labuan,W.P. Labuan,primary,male,2022-01-01,5152
W.P. Labuan,W.P. Labuan,primary,male,2023-06-30,5225
W.P. Labuan,W.P. Labuan,primary,male,2024-06-30,5229
W.P. Labuan,W.P. Labuan,primary,male,2025-06-30,5351
W.P. Labuan,W.P. Labuan,secondary,both,2017-01-01,6479
W.P. Labuan,W.P. Labuan,secondary,both,2018-01-01,5710
W.P. Labuan,W.P. Labuan,secondary,both,2019-01-01,5765
W.P. Labuan,W.P. Labuan,secondary,both,2020-01-01,5973
W.P. Labuan,W.P. Labuan,secondary,both,2021-01-01,6317
W.P. Labuan,W.P. Labuan,secondary,both,2022-01-01,6821
W.P. Labuan,W.P. Labuan,secondary,both,2023-06-30,7027
W.P. Labuan,W.P. Labuan,secondary,both,2024-06-30,7482
W.P. Labuan,W.P. Labuan,secondary,both,2025-06-30,7725
W.P. Labuan,W.P. Labuan,secondary,female,2017-01-01,3176
W.P. Labuan,W.P. Labuan,secondary,female,2018-01-01,2746
W.P. Labuan,W.P. Labuan,secondary,female,2019-01-01,2784
W.P. Labuan,W.P. Labuan,secondary,female,2020-01-01,2881
W.P. Labuan,W.P. Labuan,secondary,female,2021-01-01,3053
W.P. Labuan,W.P. Labuan,secondary,female,2022-01-01,3358
W.P. Labuan,W.P. Labuan,secondary,female,2023-06-30,3463
W.P. Labuan,W.P. Labuan,secondary,female,2024-06-30,3607
W.P. Labuan,W.P. Labuan,secondary,female,2025-06-30,3758
W.P. Labuan,W.P. Labuan,secondary,male,2017-01-01,3303
W.P. Labuan,W.P. Labuan,secondary,male,2018-01-01,2964
W.P. Labuan,W.P. Labuan,secondary,male,2019-01-01,2981
W.P. Labuan,W.P. Labuan,secondary,male,2020-01-01,3092
W.P. Labuan,W.P. Labuan,secondary,male,2021-01-01,3264
W.P. Labuan,W.P. Labuan,secondary,male,2022-01-01,3463
W.P. Labuan,W.P. Labuan,secondary,male,2023-06-30,3564
W.P. Labuan,W.P. Labuan,secondary,male,2024-06-30,3875
W.P. Labuan,W.P. Labuan,secondary,male,2025-06-30,3967
W.P. Labuan,W.P. Labuan,post_secondary,both,2018-01-01,613
W.P. Labuan,W.P. Labuan,post_secondary,both,2019-01-01,607
W.P. Labuan,W.P. Labuan,post_secondary,both,2020-01-01,303
W.P. Labuan,W.P. Labuan,post_secondary,both,2021-01-01,232
W.P. Labuan,W.P. Labuan,post_secondary,both,2022-01-01,281
W.P. Labuan,W.P. Labuan,post_secondary,both,2023-06-30,373
W.P. Labuan,W.P. Labuan,post_secondary,both,2024-06-30,298
W.P. Labuan,W.P. Labuan,post_secondary,both,2025-06-30,596
W.P. Labuan,W.P. Labuan,post_secondary,female,2018-01-01,299
W.P. Labuan,W.P. Labuan,post_secondary,female,2019-01-01,293
W.P. Labuan,W.P. Labuan,post_secondary,female,2020-01-01,140
W.P. Labuan,W.P. Labuan,post_secondary,female,2021-01-01,149
W.P. Labuan,W.P. Labuan,post_secondary,female,2022-01-01,130
W.P. Labuan,W.P. Labuan,post_secondary,female,2023-06-30,126
W.P. Labuan,W.P. Labuan,post_secondary,female,2024-06-30,120
W.P. Labuan,W.P. Labuan,post_secondary,female,2025-06-30,325
W.P. Labuan,W.P. Labuan,post_secondary,male,2018-01-01,314
W.P. Labuan,W.P. Labuan,post_secondary,male,2019-01-01,314
W.P. Labuan,W.P. Labuan,post_secondary,male,2020-01-01,163
W.P. Labuan,W.P. Labuan,post_secondary,male,2021-01-01,83
W.P. Labuan,W.P. Labuan,post_secondary,male,2022-01-01,151
W.P. Labuan,W.P. Labuan,post_secondary,male,2023-06-30,247
W.P. Labuan,W.P. Labuan,post_secondary,male,2024-06-30,178
W.P. Labuan,W.P. Labuan,post_secondary,male,2025-06-30,271
W.P. Putrajaya,All Districts,primary,both,2017-01-01,15097
W.P. Putrajaya,All Districts,primary,both,2018-01-01,16990
W.P. Putrajaya,All Districts,primary,both,2019-01-01,18586
W.P. Putrajaya,All Districts,primary,both,2020-01-01,20123
W.P. Putrajaya,All Districts,primary,both,2021-01-01,21590
W.P. Putrajaya,All Districts,primary,both,2022-01-01,22503
W.P. Putrajaya,All Districts,primary,both,2023-06-30,23090
W.P. Putrajaya,All Districts,primary,both,2024-06-30,23303
W.P. Putrajaya,All Districts,primary,both,2025-06-30,23354
W.P. Putrajaya,All Districts,primary,female,2017-01-01,7380
W.P. Putrajaya,All Districts,primary,female,2018-01-01,8371
W.P. Putrajaya,All Districts,primary,female,2019-01-01,9149
W.P. Putrajaya,All Districts,primary,female,2020-01-01,9906
W.P. Putrajaya,All Districts,primary,female,2021-01-01,10606
W.P. Putrajaya,All Districts,primary,female,2022-01-01,10998
W.P. Putrajaya,All Districts,primary,female,2023-06-30,11258
W.P. Putrajaya,All Districts,primary,female,2024-06-30,11381
W.P. Putrajaya,All Districts,primary,female,2025-06-30,11409
W.P. Putrajaya,All Districts,primary,male,2017-01-01,7717
W.P. Putrajaya,All Districts,primary,male,2018-01-01,8619
W.P. Putrajaya,All Districts,primary,male,2019-01-01,9437
W.P. Putrajaya,All Districts,primary,male,2020-01-01,10217
W.P. Putrajaya,All Districts,primary,male,2021-01-01,10984
W.P. Putrajaya,All Districts,primary,male,2022-01-01,11505
W.P. Putrajaya,All Districts,primary,male,2023-06-30,11832
W.P. Putrajaya,All Districts,primary,male,2024-06-30,11922
W.P. Putrajaya,All Districts,primary,male,2025-06-30,11945
W.P. Putrajaya,All Districts,secondary,both,2017-01-01,7787
W.P. Putrajaya,All Districts,secondary,both,2018-01-01,7828
W.P. Putrajaya,All Districts,secondary,both,2019-01-01,8465
W.P. Putrajaya,All Districts,secondary,both,2020-01-01,9209
W.P. Putrajaya,All Districts,secondary,both,2021-01-01,10334
W.P. Putrajaya,All Districts,secondary,both,2022-01-01,11436
W.P. Putrajaya,All Districts,secondary,both,2023-06-30,12758
W.P. Putrajaya,All Districts,secondary,both,2024-06-30,14389
W.P. Putrajaya,All Districts,secondary,both,2025-06-30,15906
W.P. Putrajaya,All Districts,secondary,female,2017-01-01,3501
W.P. Putrajaya,All Districts,secondary,female,2018-01-01,3491
W.P. Putrajaya,All Districts,secondary,female,2019-01-01,3827
W.P. Putrajaya,All Districts,secondary,female,2020-01-01,4213
W.P. Putrajaya,All Districts,secondary,female,2021-01-01,4770
W.P. Putrajaya,All Districts,secondary,female,2022-01-01,5298
W.P. Putrajaya,All Districts,secondary,female,2023-06-30,5911
W.P. Putrajaya,All Districts,secondary,female,2024-06-30,6695
W.P. Putrajaya,All Districts,secondary,female,2025-06-30,7472
W.P. Putrajaya,All Districts,secondary,male,2017-01-01,4286
W.P. Putrajaya,All Districts,secondary,male,2018-01-01,4337
W.P. Putrajaya,All Districts,secondary,male,2019-01-01,4638
W.P. Putrajaya,All Districts,secondary,male,2020-01-01,4996
W.P. Putrajaya,All Districts,secondary,male,2021-01-01,5564
W.P. Putrajaya,All Districts,secondary,male,2022-01-01,6138
W.P. Putrajaya,All Districts,secondary,male,2023-06-30,6847
W.P. Putrajaya,All Districts,secondary,male,2024-06-30,7694
W.P. Putrajaya,All Districts,secondary,male,2025-06-30,8434
W.P. Putrajaya,All Districts,post_secondary,both,2018-01-01,175
W.P. Putrajaya,All Districts,post_secondary,both,2019-01-01,258
W.P. Putrajaya,All Districts,post_secondary,both,2020-01-01,161
W.P. Putrajaya,All Districts,post_secondary,both,2021-01-01,130
W.P. Putrajaya,All Districts,post_secondary,both,2022-01-01,139
W.P. Putrajaya,All Districts,post_secondary,both,2023-06-30,145
W.P. Putrajaya,All Districts,post_secondary,both,2024-06-30,125
W.P. Putrajaya,All Districts,post_secondary,both,2025-06-30,310
W.P. Putrajaya,All Districts,post_secondary,female,2018-01-01,117
W.P. Putrajaya,All Districts,post_secondary,female,2019-01-01,144
W.P. Putrajaya,All Districts,post_secondary,female,2020-01-01,83
W.P. Putrajaya,All Districts,post_secondary,female,2021-01-01,66
W.P. Putrajaya,All Districts,post_secondary,female,2022-01-01,84
W.P. Putrajaya,All Districts,post_secondary,female,2023-06-30,86
W.P. Putrajaya,All Districts,post_secondary,female,2024-06-30,69
W.P. Putrajaya,All Districts,post_secondary,female,2025-06-30,205
W.P. Putrajaya,All Districts,post_secondary,male,2018-01-01,58
W.P. Putrajaya,All Districts,post_secondary,male,2019-01-01,114
W.P. Putrajaya,All Districts,post_secondary,male,2020-01-01,78
W.P. Putrajaya,All Districts,post_secondary,male,2021-01-01,64
W.P. Putrajaya,All Districts,post_secondary,male,2022-01-01,55
W.P. Putrajaya,All Districts,post_secondary,male,2023-06-30,59
W.P. Putrajaya,All Districts,post_secondary,male,2024-06-30,56
W.P. Putrajaya,All Districts,post_secondary,male,2025-06-30,105
W.P. Putrajaya,W.P. Putrajaya,primary,both,2017-01-01,15097
W.P. Putrajaya,W.P. Putrajaya,primary,both,2018-01-01,16990
W.P. Putrajaya,W.P. Putrajaya,primary,both,2019-01-01,18586
W.P. Putrajaya,W.P. Putrajaya,primary,both,2020-01-01,20123
W.P. Putrajaya,W.P. Putrajaya,primary,both,2021-01-01,21590
W.P. Putrajaya,W.P. Putrajaya,primary,both,2022-01-01,22503
W.P. Putrajaya,W.P. Putrajaya,primary,both,2023-06-30,23090
W.P. Putrajaya,W.P. Putrajaya,primary,both,2024-06-30,23303
W.P. Putrajaya,W.P. Putrajaya,primary,both,2025-06-30,23354
W.P. Putrajaya,W.P. Putrajaya,primary,female,2017-01-01,7380
W.P. Putrajaya,W.P. Putrajaya,primary,female,2018-01-01,8371
W.P. Putrajaya,W.P. Putrajaya,primary,female,2019-01-01,9149
W.P. Putrajaya,W.P. Putrajaya,primary,female,2020-01-01,9906
W.P. Putrajaya,W.P. Putrajaya,primary,female,2021-01-01,10606
W.P. Putrajaya,W.P. Putrajaya,primary,female,2022-01-01,10998
W.P. Putrajaya,W.P. Putrajaya,primary,female,2023-06-30,11258
W.P. Putrajaya,W.P. Putrajaya,primary,female,2024-06-30,11381
W.P. Putrajaya,W.P. Putrajaya,primary,female,2025-06-30,11409
W.P. Putrajaya,W.P. Putrajaya,primary,male,2017-01-01,7717
W.P. Putrajaya,W.P. Putrajaya,primary,male,2018-01-01,8619
W.P. Putrajaya,W.P. Putrajaya,primary,male,2019-01-01,9437
W.P. Putrajaya,W.P. Putrajaya,primary,male,2020-01-01,10217
W.P. Putrajaya,W.P. Putrajaya,primary,male,2021-01-01,10984
W.P. Putrajaya,W.P. Putrajaya,primary,male,2022-01-01,11505
W.P. Putrajaya,W.P. Putrajaya,primary,male,2023-06-30,11832
W.P. Putrajaya,W.P. Putrajaya,primary,male,2024-06-30,11922
W.P. Putrajaya,W.P. Putrajaya,primary,male,2025-06-30,11945
W.P. Putrajaya,W.P. Putrajaya,secondary,both,2017-01-01,7787
W.P. Putrajaya,W.P. Putrajaya,secondary,both,2018-01-01,7828
W.P. Putrajaya,W.P. Putrajaya,secondary,both,2019-01-01,8465
W.P. Putrajaya,W.P. Putrajaya,secondary,both,2020-01-01,9209
W.P. Putrajaya,W.P. Putrajaya,secondary,both,2021-01-01,10334
W.P. Putrajaya,W.P. Putrajaya,secondary,both,2022-01-01,11436
W.P. Putrajaya,W.P. Putrajaya,secondary,both,2023-06-30,12758
W.P. Putrajaya,W.P. Putrajaya,secondary,both,2024-06-30,14389
W.P. Putrajaya,W.P. Putrajaya,secondary,both,2025-06-30,15906
W.P. Putrajaya,W.P. Putrajaya,secondary,female,2017-01-01,3501
W.P. Putrajaya,W.P. Putrajaya,secondary,female,2018-01-01,3491
W.P. Putrajaya,W.P. Putrajaya,secondary,female,2019-01-01,3827
W.P. Putrajaya,W.P. Putrajaya,secondary,female,2020-01-01,4213
W.P. Putrajaya,W.P. Putrajaya,secondary,female,2021-01-01,4770
W.P. Putrajaya,W.P. Putrajaya,secondary,female,2022-01-01,5298
W.P. Putrajaya,W.P. Putrajaya,secondary,female,2023-06-30,5911
W.P. Putrajaya,W.P. Putrajaya,secondary,female,2024-06-30,6695
W.P. Putrajaya,W.P. Putrajaya,secondary,female,2025-06-30,7472
W.P. Putrajaya,W.P. Putrajaya,secondary,male,2017-01-01,4286
W.P. Putrajaya,W.P. Putrajaya,secondary,male,2018-01-01,4337
W.P. Putrajaya,W.P. Putrajaya,secondary,male,2019-01-01,4638
W.P. Putrajaya,W.P. Putrajaya,secondary,male,2020-01-01,4996
W.P. Putrajaya,W.P. Putrajaya,secondary,male,2021-01-01,5564
W.P. Putrajaya,W.P. Putrajaya,secondary,male,2022-01-01,6138
W.P. Putrajaya,W.P. Putrajaya,secondary,male,2023-06-30,6847
W.P. Putrajaya,W.P. Putrajaya,secondary,male,2024-06-30,7694
W.P. Putrajaya,W.P. Putrajaya,secondary,male,2025-06-30,8434
W.P. Putrajaya,W.P. Putrajaya,post_secondary,both,2018-01-01,175
W.P. Putrajaya,W.P. Putrajaya,post_secondary,both,2019-01-01,258
W.P. Putrajaya,W.P. Putrajaya,post_secondary,both,2020-01-01,161
W.P. Putrajaya,W.P. Putrajaya,post_secondary,both,2021-01-01,130
W.P. Putrajaya,W.P. Putrajaya,post_secondary,both,2022-01-01,139
W.P. Putrajaya,W.P. Putrajaya,post_secondary,both,2023-06-30,145
W.P. Putrajaya,W.P. Putrajaya,post_secondary,both,2024-06-30,125
W.P. Putrajaya,W.P. Putrajaya,post_secondary,both,2025-06-30,310
W.P. Putrajaya,W.P. Putrajaya,post_secondary,female,2018-01-01,117
W.P. Putrajaya,W.P. Putrajaya,post_secondary,female,2019-01-01,144
W.P. Putrajaya,W.P. Putrajaya,post_secondary,female,2020-01-01,83
W.P. Putrajaya,W.P. Putrajaya,post_secondary,female,2021-01-01,66
W.P. Putrajaya,W.P. Putrajaya,post_secondary,female,2022-01-01,84
W.P. Putrajaya,W.P. Putrajaya,post_secondary,female,2023-06-30,86
W.P. Putrajaya,W.P. Putrajaya,post_secondary,female,2024-06-30,69
W.P. Putrajaya,W.P. Putrajaya,post_secondary,female,2025-06-30,205
W.P. Putrajaya,W.P. Putrajaya,post_secondary,male,2018-01-01,58
W.P. Putrajaya,W.P. Putrajaya,post_secondary,male,2019-01-01,114
W.P. Putrajaya,W.P. Putrajaya,post_secondary,male,2020-01-01,78
W.P. Putrajaya,W.P. Putrajaya,post_secondary,male,2021-01-01,64
W.P. Putrajaya,W.P. Putrajaya,post_secondary,male,2022-01-01,55
W.P. Putrajaya,W.P. Putrajaya,post_secondary,male,2023-06-30,59
W.P. Putrajaya,W.P. Putrajaya,post_secondary,male,2024-06-30,56
W.P. Putrajaya,W.P. Putrajaya,post_secondary,male,2025-06-30,105
